

================================================================
== Vitis HLS Report for 'bnn_top_Pipeline_L2_W_L2_IN'
================================================================
* Date:           Sat May  9 04:49:38 2026

* Version:        2025.1 (Build 6135595 on May 21 2025)
* Project:        bnn_top
* Solution:       solution (Vivado IP Flow Target)
* Product family: zynq
* Target device:  xc7z020-clg400-1


================================================================
== Performance Estimates
================================================================
+ Timing: 
    * Summary: 
    +--------+----------+-----------+------------+
    |  Clock |  Target  | Estimated | Uncertainty|
    +--------+----------+-----------+------------+
    |ap_clk  |  10.00 ns|  10.703 ns|     2.70 ns|
    +--------+----------+-----------+------------+

+ Latency: 
    * Summary: 
    +---------+---------+----------+----------+-------+-------+------------------------------------------------+
    |  Latency (cycles) |  Latency (absolute) |    Interval   |                    Pipeline                    |
    |   min   |   max   |    min   |    max   |  min  |  max  |                      Type                      |
    +---------+---------+----------+----------+-------+-------+------------------------------------------------+
    |    65541|    65541|  0.701 ms|  0.701 ms|  65537|  65537|  loop auto-rewind stp (delay=0 clock cycles(s))|
    +---------+---------+----------+----------+-------+-------+------------------------------------------------+

    + Detail: 
        * Instance: 
        N/A

        * Loop: 
        +--------------+---------+---------+----------+-----------+-----------+-------+----------+
        |              |  Latency (cycles) | Iteration|  Initiation Interval  |  Trip |          |
        |   Loop Name  |   min   |   max   |  Latency |  achieved |   target  | Count | Pipelined|
        +--------------+---------+---------+----------+-----------+-----------+-------+----------+
        |- L2_W_L2_IN  |    65539|    65539|         5|          1|          1|  65536|       yes|
        +--------------+---------+---------+----------+-----------+-----------+-------+----------+



================================================================
== Utilization Estimates
================================================================
* Summary: 
+-----------------+---------+-----+--------+-------+-----+
|       Name      | BRAM_18K| DSP |   FF   |  LUT  | URAM|
+-----------------+---------+-----+--------+-------+-----+
|DSP              |        -|    -|       -|      -|    -|
|Expression       |        -|    -|       0|    555|    -|
|FIFO             |        -|    -|       -|      -|    -|
|Instance         |        -|    3|       0|     43|    -|
|Memory           |        -|    -|       -|      -|    -|
|Multiplexer      |        -|    -|       0|     81|    -|
|Register         |        -|    -|     339|     64|    -|
+-----------------+---------+-----+--------+-------+-----+
|Total            |        0|    3|     339|    743|    0|
+-----------------+---------+-----+--------+-------+-----+
|Available        |      280|  220|  106400|  53200|    0|
+-----------------+---------+-----+--------+-------+-----+
|Utilization (%)  |        0|    1|      ~0|      1|    0|
+-----------------+---------+-----+--------+-------+-----+

+ Detail: 
    * Instance: 
    +------------------------+--------------------+---------+----+---+----+-----+
    |        Instance        |       Module       | BRAM_18K| DSP| FF| LUT| URAM|
    +------------------------+--------------------+---------+----+---+----+-----+
    |mul_26s_26s_52_1_1_U28  |mul_26s_26s_52_1_1  |        0|   3|  0|  43|    0|
    +------------------------+--------------------+---------+----+---+----+-----+
    |Total                   |                    |        0|   3|  0|  43|    0|
    +------------------------+--------------------+---------+----+---+----+-----+

    * DSP: 
    N/A

    * Memory: 
    N/A

    * FIFO: 
    N/A

    * Expression: 
    +---------------------------+----------+----+---+----+------------+------------+
    |       Variable Name       | Operation| DSP| FF| LUT| Bitwidth P0| Bitwidth P1|
    +---------------------------+----------+----+---+----+------------+------------+
    |acc_7_fu_379_p2            |         +|   0|  0|  39|          32|          32|
    |add_ln44_1_fu_700_p2       |         +|   0|  0|  14|           9|           1|
    |add_ln44_fu_217_p2         |         +|   0|  0|  24|          17|           1|
    |add_ln46_fu_245_p2         |         +|   0|  0|  14|           9|           1|
    |add_ln49_1_fu_325_p2       |         +|   0|  0|  59|          52|          52|
    |add_ln49_fu_330_p2         |         +|   0|  0|  60|          53|          53|
    |add_ln51_fu_563_p2         |         +|   0|  0|  23|          16|          16|
    |and_ln49_1_fu_399_p2       |       and|   0|  0|   2|           1|           1|
    |and_ln49_2_fu_441_p2       |       and|   0|  0|   2|           1|           1|
    |and_ln49_3_fu_459_p2       |       and|   0|  0|   2|           1|           1|
    |and_ln49_fu_369_p2         |       and|   0|  0|   2|           1|           1|
    |and_ln51_1_fu_583_p2       |       and|   0|  0|   2|           1|           1|
    |and_ln51_2_fu_625_p2       |       and|   0|  0|   2|           1|           1|
    |and_ln51_3_fu_639_p2       |       and|   0|  0|   2|           1|           1|
    |and_ln51_4_fu_662_p2       |       and|   0|  0|   2|           1|           1|
    |and_ln51_5_fu_668_p2       |       and|   0|  0|   2|           1|           1|
    |and_ln51_6_fu_686_p2       |       and|   0|  0|   2|           1|           1|
    |and_ln51_fu_553_p2         |       and|   0|  0|   2|           1|           1|
    |ap_block_pp0_stage0_11001  |       and|   0|  0|   2|           1|           1|
    |icmp_ln44_fu_211_p2        |      icmp|   0|  0|  25|          17|          18|
    |icmp_ln46_1_fu_295_p2      |      icmp|   0|  0|  13|           9|          10|
    |icmp_ln46_fu_226_p2        |      icmp|   0|  0|  13|           9|          10|
    |icmp_ln51_1_fu_596_p2      |      icmp|   0|  0|  13|           5|           2|
    |icmp_ln51_2_fu_601_p2      |      icmp|   0|  0|  14|           6|           2|
    |icmp_ln51_3_fu_606_p2      |      icmp|   0|  0|  14|           6|           1|
    |icmp_ln51_fu_536_p2        |      icmp|   0|  0|  14|           9|           1|
    |or_ln49_1_fu_435_p2        |        or|   0|  0|   2|           1|           1|
    |or_ln49_2_fu_473_p2        |        or|   0|  0|   2|           1|           1|
    |or_ln49_3_fu_447_p2        |        or|   0|  0|   2|           1|           1|
    |or_ln49_fu_411_p2          |        or|   0|  0|   2|           1|           1|
    |or_ln51_1_fu_651_p2        |        or|   0|  0|   2|           1|           1|
    |or_ln51_2_fu_691_p2        |        or|   0|  0|   2|           1|           1|
    |or_ln51_3_fu_674_p2        |        or|   0|  0|   2|           1|           1|
    |or_ln51_fu_548_p2          |        or|   0|  0|   2|           1|           1|
    |acc_8_fu_479_p3            |    select|   0|  0|  32|           1|          32|
    |select_ln44_1_fu_706_p3    |    select|   0|  0|   9|           1|           9|
    |select_ln44_2_fu_303_p3    |    select|   0|  0|  32|           1|           1|
    |select_ln44_fu_232_p3      |    select|   0|  0|   9|           1|           1|
    |select_ln49_fu_465_p3      |    select|   0|  0|  33|           1|          31|
    |select_ln51_1_fu_631_p3    |    select|   0|  0|   2|           1|           1|
    |select_ln51_2_fu_718_p3    |    select|   0|  0|  17|           1|          15|
    |select_ln51_3_fu_725_p3    |    select|   0|  0|  16|           1|          16|
    |select_ln51_fu_611_p3      |    select|   0|  0|   2|           1|           1|
    |ap_enable_pp0              |       xor|   0|  0|   2|           1|           2|
    |xor_ln49_1_fu_417_p2       |       xor|   0|  0|   2|           1|           2|
    |xor_ln49_2_fu_405_p2       |       xor|   0|  0|   2|           1|           2|
    |xor_ln49_3_fu_429_p2       |       xor|   0|  0|   2|           1|           1|
    |xor_ln49_4_fu_423_p2       |       xor|   0|  0|   2|           1|           2|
    |xor_ln49_5_fu_453_p2       |       xor|   0|  0|   2|           1|           2|
    |xor_ln49_fu_393_p2         |       xor|   0|  0|   2|           1|           2|
    |xor_ln51_1_fu_619_p2       |       xor|   0|  0|   2|           1|           2|
    |xor_ln51_2_fu_645_p2       |       xor|   0|  0|   2|           1|           2|
    |xor_ln51_3_fu_657_p2       |       xor|   0|  0|   2|           1|           2|
    |xor_ln51_4_fu_680_p2       |       xor|   0|  0|   2|           1|           2|
    |xor_ln51_fu_577_p2         |       xor|   0|  0|   2|           1|           2|
    +---------------------------+----------+----+---+----+------------+------------+
    |Total                      |          |   0|  0| 555|         290|         350|
    +---------------------------+----------+----+---+----+------------+------------+

    * Multiplexer: 
    +---------------------------------------+----+-----------+-----+-----------+
    |                  Name                 | LUT| Input Size| Bits| Total Bits|
    +---------------------------------------+----+-----------+-----+-----------+
    |acc_5_fu_124                           |   9|          2|   32|         64|
    |ap_done_int                            |   9|          2|    1|          2|
    |ap_enable_reg_pp0_iter1                |   9|          2|    1|          2|
    |ap_sig_allocacmp_i_load                |   9|          2|    9|         18|
    |ap_sig_allocacmp_indvar_flatten6_load  |   9|          2|   17|         34|
    |i_fu_128                               |   9|          2|    9|         18|
    |indvar_flatten6_fu_136                 |   9|          2|   17|         34|
    |o_2_fu_132                             |   9|          2|    9|         18|
    |s_axis_input_TDATA_blk_n               |   9|          2|    1|          2|
    +---------------------------------------+----+-----------+-----+-----------+
    |Total                                  |  81|         18|   96|        192|
    +---------------------------------------+----+-----------+-----+-----------+

    * Register: 
    +-------------------------------------------+----+----+-----+-----------+
    |                    Name                   | FF | LUT| Bits| Const Bits|
    +-------------------------------------------+----+----+-----+-----------+
    |acc_5_fu_124                               |  32|   0|   32|          0|
    |acc_8_reg_796                              |  32|   0|   32|          0|
    |add_ln46_reg_780                           |   9|   0|    9|          0|
    |add_ln51_reg_827                           |  16|   0|   16|          0|
    |and_ln51_4_reg_832                         |   1|   0|    1|          0|
    |ap_CS_fsm                                  |   1|   0|    1|          0|
    |ap_block_pp0_stage0_subdone_grp0_done_reg  |   1|   0|    1|          0|
    |ap_done_reg                                |   1|   0|    1|          0|
    |ap_enable_reg_pp0_iter1                    |   1|   0|    1|          0|
    |ap_enable_reg_pp0_iter2                    |   1|   0|    1|          0|
    |ap_enable_reg_pp0_iter3                    |   1|   0|    1|          0|
    |ap_enable_reg_pp0_iter4                    |   1|   0|    1|          0|
    |ap_loop_exit_ready_pp0_iter1_reg           |   1|   0|    1|          0|
    |ap_loop_exit_ready_pp0_iter2_reg           |   1|   0|    1|          0|
    |ap_loop_exit_ready_pp0_iter3_reg           |   1|   0|    1|          0|
    |i_fu_128                                   |   9|   0|    9|          0|
    |icmp_ln46_1_reg_792                        |   1|   0|    1|          0|
    |icmp_ln46_reg_769                          |   1|   0|    1|          0|
    |indvar_flatten6_fu_136                     |  17|   0|   17|          0|
    |mul_ln49_reg_785                           |  52|   0|   52|          0|
    |o_2_fu_132                                 |   9|   0|    9|          0|
    |or_ln51_2_reg_837                          |   1|   0|    1|          0|
    |tmp_11_reg_821                             |   6|   0|    6|          0|
    |tmp_23_reg_804                             |   1|   0|    1|          0|
    |tmp_s_reg_816                              |   5|   0|    5|          0|
    |trunc_ln51_reg_811                         |   9|   0|    9|          0|
    |icmp_ln46_1_reg_792                        |  64|  32|    1|          0|
    |icmp_ln46_reg_769                          |  64|  32|    1|          0|
    +-------------------------------------------+----+----+-----+-----------+
    |Total                                      | 339|  64|  213|          0|
    +-------------------------------------------+----+----+-----+-----------+



================================================================
== Interface
================================================================
* Summary: 
+---------------------+-----+-----+------------+-----------------------------+--------------+
|      RTL Ports      | Dir | Bits|  Protocol  |        Source Object        |    C Type    |
+---------------------+-----+-----+------------+-----------------------------+--------------+
|ap_clk               |   in|    1|  ap_ctrl_hs|  bnn_top_Pipeline_L2_W_L2_IN|  return value|
|ap_rst               |   in|    1|  ap_ctrl_hs|  bnn_top_Pipeline_L2_W_L2_IN|  return value|
|ap_start             |   in|    1|  ap_ctrl_hs|  bnn_top_Pipeline_L2_W_L2_IN|  return value|
|ap_done              |  out|    1|  ap_ctrl_hs|  bnn_top_Pipeline_L2_W_L2_IN|  return value|
|ap_idle              |  out|    1|  ap_ctrl_hs|  bnn_top_Pipeline_L2_W_L2_IN|  return value|
|ap_ready             |  out|    1|  ap_ctrl_hs|  bnn_top_Pipeline_L2_W_L2_IN|  return value|
|s_axis_input_TVALID  |   in|    1|        axis|        s_axis_input_V_data_V|       pointer|
|s_axis_input_TDATA   |   in|   32|        axis|        s_axis_input_V_data_V|       pointer|
|s_axis_input_TREADY  |  out|    1|        axis|        s_axis_input_V_dest_V|       pointer|
|s_axis_input_TDEST   |   in|    1|        axis|        s_axis_input_V_dest_V|       pointer|
|s_axis_input_TKEEP   |   in|    4|        axis|        s_axis_input_V_keep_V|       pointer|
|s_axis_input_TSTRB   |   in|    4|        axis|        s_axis_input_V_strb_V|       pointer|
|s_axis_input_TUSER   |   in|    1|        axis|        s_axis_input_V_user_V|       pointer|
|s_axis_input_TLAST   |   in|    1|        axis|        s_axis_input_V_last_V|       pointer|
|s_axis_input_TID     |   in|    1|        axis|          s_axis_input_V_id_V|       pointer|
|act1_address0        |  out|    8|   ap_memory|                         act1|         array|
|act1_ce0             |  out|    1|   ap_memory|                         act1|         array|
|act1_q0              |   in|   16|   ap_memory|                         act1|         array|
|act2_address0        |  out|    8|   ap_memory|                         act2|         array|
|act2_ce0             |  out|    1|   ap_memory|                         act2|         array|
|act2_we0             |  out|    1|   ap_memory|                         act2|         array|
|act2_d0              |  out|   16|   ap_memory|                         act2|         array|
+---------------------+-----+-----+------------+-----------------------------+--------------+

============================================================
+ Verbose Summary: Synthesis Manager
============================================================
InlineROM: 1
ExposeGlobal: 0
============================================================
+ Verbose Summary: CDFG Model
============================================================
IsTopModel: 0
ResetActiveHigh: 1
IsCombinational: 2
IsDatapathOnly: 2
HasWiredReturn: 1
HasMFsm: 2
HasVarLatency: 1
IsPipeline: 0
IsRtlPipelined: 0
IsInstanceOverlapped: 0
IsDontTouch: 0
HasImplIP: 0
IsGatedGlobalClock: 0

+ Individual pipeline summary: 
  * Pipeline-0: initiation interval (II) = 1, depth = 5


============================================================
+ Verbose Summary: Schedule
============================================================
* Number of FSM states : 5
* Pipeline : 1
  Pipeline-0 : II = 1, D = 5, States = { 1 2 3 4 5 }
* Dataflow Pipeline: 0

* FSM state transitions: 
1 --> 2 
2 --> 3 
3 --> 4 
4 --> 5 
5 --> 

* FSM state operations: 

State 1 <SV = 0> <Delay = 7.78>
ST_1 : Operation 8 [1/1] (0.00ns)   --->   "%acc_5 = alloca i32 1" [bnn_top.cpp:45]   --->   Operation 8 'alloca' 'acc_5' <Predicate = true> <Delay = 0.00>
ST_1 : Operation 9 [1/1] (0.00ns)   --->   "%i = alloca i32 1" [bnn_top.cpp:46]   --->   Operation 9 'alloca' 'i' <Predicate = true> <Delay = 0.00>
ST_1 : Operation 10 [1/1] (0.00ns)   --->   "%o_2 = alloca i32 1" [bnn_top.cpp:44]   --->   Operation 10 'alloca' 'o_2' <Predicate = true> <Delay = 0.00>
ST_1 : Operation 11 [1/1] (0.00ns)   --->   "%indvar_flatten6 = alloca i32 1"   --->   Operation 11 'alloca' 'indvar_flatten6' <Predicate = true> <Delay = 0.00>
ST_1 : Operation 12 [1/1] (0.00ns)   --->   "%specaxissidechannel_ln0 = specaxissidechannel void @_ssdm_op_SpecAXISSideChannel, i32 %s_axis_input_V_data_V, i4 %s_axis_input_V_keep_V, i4 %s_axis_input_V_strb_V, i1 %s_axis_input_V_user_V, i1 %s_axis_input_V_last_V, i1 %s_axis_input_V_id_V, i1 %s_axis_input_V_dest_V, void @empty_5"   --->   Operation 12 'specaxissidechannel' 'specaxissidechannel_ln0' <Predicate = true> <Delay = 0.00>
ST_1 : Operation 13 [1/1] (0.00ns)   --->   "%specinterface_ln0 = specinterface void @_ssdm_op_SpecInterface, i1 %s_axis_input_V_dest_V, void @empty, i32 0, i32 0, void @empty_0, i32 0, i32 0, void @empty_1, void @empty_1, void @empty_1, i32 0, i32 0, i32 0, i32 0, void @empty_1, void @empty_1, i32 4294967295, i32 0, i32 0"   --->   Operation 13 'specinterface' 'specinterface_ln0' <Predicate = true> <Delay = 0.00>
ST_1 : Operation 14 [1/1] (0.00ns)   --->   "%specinterface_ln0 = specinterface void @_ssdm_op_SpecInterface, i1 %s_axis_input_V_id_V, void @empty, i32 0, i32 0, void @empty_0, i32 0, i32 0, void @empty_1, void @empty_1, void @empty_1, i32 0, i32 0, i32 0, i32 0, void @empty_1, void @empty_1, i32 4294967295, i32 0, i32 0"   --->   Operation 14 'specinterface' 'specinterface_ln0' <Predicate = true> <Delay = 0.00>
ST_1 : Operation 15 [1/1] (0.00ns)   --->   "%specinterface_ln0 = specinterface void @_ssdm_op_SpecInterface, i1 %s_axis_input_V_last_V, void @empty, i32 0, i32 0, void @empty_0, i32 0, i32 0, void @empty_1, void @empty_1, void @empty_1, i32 0, i32 0, i32 0, i32 0, void @empty_1, void @empty_1, i32 4294967295, i32 0, i32 0"   --->   Operation 15 'specinterface' 'specinterface_ln0' <Predicate = true> <Delay = 0.00>
ST_1 : Operation 16 [1/1] (0.00ns)   --->   "%specinterface_ln0 = specinterface void @_ssdm_op_SpecInterface, i1 %s_axis_input_V_user_V, void @empty, i32 0, i32 0, void @empty_0, i32 0, i32 0, void @empty_1, void @empty_1, void @empty_1, i32 0, i32 0, i32 0, i32 0, void @empty_1, void @empty_1, i32 4294967295, i32 0, i32 0"   --->   Operation 16 'specinterface' 'specinterface_ln0' <Predicate = true> <Delay = 0.00>
ST_1 : Operation 17 [1/1] (0.00ns)   --->   "%specinterface_ln0 = specinterface void @_ssdm_op_SpecInterface, i4 %s_axis_input_V_strb_V, void @empty, i32 0, i32 0, void @empty_0, i32 0, i32 0, void @empty_1, void @empty_1, void @empty_1, i32 0, i32 0, i32 0, i32 0, void @empty_1, void @empty_1, i32 4294967295, i32 0, i32 0"   --->   Operation 17 'specinterface' 'specinterface_ln0' <Predicate = true> <Delay = 0.00>
ST_1 : Operation 18 [1/1] (0.00ns)   --->   "%specinterface_ln0 = specinterface void @_ssdm_op_SpecInterface, i4 %s_axis_input_V_keep_V, void @empty, i32 0, i32 0, void @empty_0, i32 0, i32 0, void @empty_1, void @empty_1, void @empty_1, i32 0, i32 0, i32 0, i32 0, void @empty_1, void @empty_1, i32 4294967295, i32 0, i32 0"   --->   Operation 18 'specinterface' 'specinterface_ln0' <Predicate = true> <Delay = 0.00>
ST_1 : Operation 19 [1/1] (0.00ns)   --->   "%specinterface_ln0 = specinterface void @_ssdm_op_SpecInterface, i32 %s_axis_input_V_data_V, void @empty, i32 0, i32 0, void @empty_0, i32 0, i32 0, void @empty_1, void @empty_1, void @empty_1, i32 0, i32 0, i32 0, i32 0, void @empty_1, void @empty_1, i32 4294967295, i32 0, i32 0"   --->   Operation 19 'specinterface' 'specinterface_ln0' <Predicate = true> <Delay = 0.00>
ST_1 : Operation 20 [1/1] (1.58ns)   --->   "%store_ln0 = store i17 0, i17 %indvar_flatten6"   --->   Operation 20 'store' 'store_ln0' <Predicate = true> <Delay = 1.58>
ST_1 : Operation 21 [1/1] (1.58ns)   --->   "%store_ln44 = store i9 0, i9 %o_2" [bnn_top.cpp:44]   --->   Operation 21 'store' 'store_ln44' <Predicate = true> <Delay = 1.58>
ST_1 : Operation 22 [1/1] (1.58ns)   --->   "%store_ln46 = store i9 0, i9 %i" [bnn_top.cpp:46]   --->   Operation 22 'store' 'store_ln46' <Predicate = true> <Delay = 1.58>
ST_1 : Operation 23 [1/1] (1.58ns)   --->   "%store_ln45 = store i32 0, i32 %acc_5" [bnn_top.cpp:45]   --->   Operation 23 'store' 'store_ln45' <Predicate = true> <Delay = 1.58>
ST_1 : Operation 24 [1/1] (0.00ns)   --->   "%br_ln44 = br void %for.body67" [bnn_top.cpp:44]   --->   Operation 24 'br' 'br_ln44' <Predicate = true> <Delay = 0.00>
ST_1 : Operation 25 [1/1] (0.00ns)   --->   "%indvar_flatten6_load = load i17 %indvar_flatten6" [bnn_top.cpp:44]   --->   Operation 25 'load' 'indvar_flatten6_load' <Predicate = true> <Delay = 0.00>
ST_1 : Operation 26 [1/1] (2.10ns)   --->   "%icmp_ln44 = icmp_eq  i17 %indvar_flatten6_load, i17 65536" [bnn_top.cpp:44]   --->   Operation 26 'icmp' 'icmp_ln44' <Predicate = true> <Delay = 2.10> <CoreInst = "Cmp">   --->   Core 9 'Cmp' <Latency = 0> <II = 1> <Delay = 2.13> <FuncUnit> <Opcode : 'seteq' 'setne' 'setle' 'setge' 'setlt' 'setgt'> <InPorts = 2> <OutPorts = 1>
ST_1 : Operation 27 [1/1] (2.10ns)   --->   "%add_ln44 = add i17 %indvar_flatten6_load, i17 1" [bnn_top.cpp:44]   --->   Operation 27 'add' 'add_ln44' <Predicate = true> <Delay = 2.10> <CoreInst = "Adder">   --->   Core 1 'Adder' <Latency = 0> <II = 1> <Delay = 2.10> <FuncUnit> <Opcode : 'add' 'sub'> <InPorts = 2> <OutPorts = 1>
ST_1 : Operation 28 [1/1] (0.00ns)   --->   "%br_ln44 = br i1 %icmp_ln44, void %for.end84, void %for.body95.preheader.exitStub" [bnn_top.cpp:44]   --->   Operation 28 'br' 'br_ln44' <Predicate = true> <Delay = 0.00>
ST_1 : Operation 29 [1/1] (0.00ns)   --->   "%i_load = load i9 %i" [bnn_top.cpp:46]   --->   Operation 29 'load' 'i_load' <Predicate = (!icmp_ln44)> <Delay = 0.00>
ST_1 : Operation 30 [1/1] (1.82ns)   --->   "%icmp_ln46 = icmp_eq  i9 %i_load, i9 256" [bnn_top.cpp:46]   --->   Operation 30 'icmp' 'icmp_ln46' <Predicate = (!icmp_ln44)> <Delay = 1.82> <CoreInst = "Cmp">   --->   Core 9 'Cmp' <Latency = 0> <II = 1> <Delay = 1.73> <FuncUnit> <Opcode : 'seteq' 'setne' 'setle' 'setge' 'setlt' 'setgt'> <InPorts = 2> <OutPorts = 1>
ST_1 : Operation 31 [1/1] (0.96ns)   --->   "%select_ln44 = select i1 %icmp_ln46, i9 0, i9 %i_load" [bnn_top.cpp:44]   --->   Operation 31 'select' 'select_ln44' <Predicate = (!icmp_ln44)> <Delay = 0.96> <CoreInst = "Sel">   --->   Core 73 'Sel' <Latency = 0> <II = 1> <Delay = 0.96> <FuncUnit> <Opcode : 'select'> <InPorts = 3> <OutPorts = 1>
ST_1 : Operation 32 [1/1] (0.00ns)   --->   "%zext_ln46 = zext i9 %select_ln44" [bnn_top.cpp:46]   --->   Operation 32 'zext' 'zext_ln46' <Predicate = (!icmp_ln44)> <Delay = 0.00>
ST_1 : Operation 33 [1/1] (0.00ns)   --->   "%act1_addr = getelementptr i16 %act1, i64 0, i64 %zext_ln46" [bnn_top.cpp:49]   --->   Operation 33 'getelementptr' 'act1_addr' <Predicate = (!icmp_ln44)> <Delay = 0.00>
ST_1 : Operation 34 [2/2] (3.25ns)   --->   "%act1_load = load i8 %act1_addr" [bnn_top.cpp:49]   --->   Operation 34 'load' 'act1_load' <Predicate = (!icmp_ln44)> <Delay = 3.25> <CoreInst = "RAM">   --->   Core 81 'RAM' <Latency = 1> <II = 1> <Delay = 3.25> <Storage> <Opcode : 'load' 'store'> <Ports = 2> <Width = 16> <Depth = 256> <RAM>
ST_1 : Operation 35 [1/1] (1.82ns)   --->   "%add_ln46 = add i9 %select_ln44, i9 1" [bnn_top.cpp:46]   --->   Operation 35 'add' 'add_ln46' <Predicate = (!icmp_ln44)> <Delay = 1.82> <CoreInst = "Adder">   --->   Core 1 'Adder' <Latency = 0> <II = 1> <Delay = 1.82> <FuncUnit> <Opcode : 'add' 'sub'> <InPorts = 2> <OutPorts = 1>
ST_1 : Operation 36 [1/1] (1.58ns)   --->   "%store_ln44 = store i17 %add_ln44, i17 %indvar_flatten6" [bnn_top.cpp:44]   --->   Operation 36 'store' 'store_ln44' <Predicate = (!icmp_ln44)> <Delay = 1.58>
ST_1 : Operation 37 [1/1] (1.58ns)   --->   "%store_ln46 = store i9 %add_ln46, i9 %i" [bnn_top.cpp:46]   --->   Operation 37 'store' 'store_ln46' <Predicate = (!icmp_ln44)> <Delay = 1.58>

State 2 <SV = 1> <Delay = 10.1>
ST_2 : Operation 38 [1/1] (0.51ns)   --->   "%empty = read i44 @_ssdm_op_Read.axis.volatile.i32P0A.i4P0A.i4P0A.i1P0A.i1P0A.i1P0A.i1P0A, i32 %s_axis_input_V_data_V, i4 %s_axis_input_V_keep_V, i4 %s_axis_input_V_strb_V, i1 %s_axis_input_V_user_V, i1 %s_axis_input_V_last_V, i1 %s_axis_input_V_id_V, i1 %s_axis_input_V_dest_V" [bnn_top.cpp:48]   --->   Operation 38 'read' 'empty' <Predicate = true> <Delay = 0.51> <CoreInst = "regslice">   --->   Core 135 'regslice' <Latency = 0> <II = 1> <Delay = 1.86> <Adapter> <Opcode : 'read' 'write'>
ST_2 : Operation 39 [1/1] (0.00ns)   --->   "%p_s = extractvalue i44 %empty" [bnn_top.cpp:48]   --->   Operation 39 'extractvalue' 'p_s' <Predicate = true> <Delay = 0.00>
ST_2 : Operation 40 [1/1] (0.00ns)   --->   "%trunc_ln49 = trunc i32 %p_s" [bnn_top.cpp:49]   --->   Operation 40 'trunc' 'trunc_ln49' <Predicate = true> <Delay = 0.00>
ST_2 : Operation 41 [1/1] (0.00ns)   --->   "%shl_ln2 = bitconcatenate i26 @_ssdm_op_BitConcatenate.i26.i16.i10, i16 %trunc_ln49, i10 0" [bnn_top.cpp:49]   --->   Operation 41 'bitconcatenate' 'shl_ln2' <Predicate = true> <Delay = 0.00>
ST_2 : Operation 42 [1/2] ( I:3.25ns O:3.25ns )   --->   "%act1_load = load i8 %act1_addr" [bnn_top.cpp:49]   --->   Operation 42 'load' 'act1_load' <Predicate = true> <Delay = 3.25> <CoreInst = "RAM">   --->   Core 81 'RAM' <Latency = 1> <II = 1> <Delay = 3.25> <Storage> <Opcode : 'load' 'store'> <Ports = 2> <Width = 16> <Depth = 256> <RAM>
ST_2 : Operation 43 [1/1] (0.00ns)   --->   "%shl_ln49_1 = bitconcatenate i26 @_ssdm_op_BitConcatenate.i26.i16.i10, i16 %act1_load, i10 0" [bnn_top.cpp:49]   --->   Operation 43 'bitconcatenate' 'shl_ln49_1' <Predicate = true> <Delay = 0.00>
ST_2 : Operation 44 [1/1] (0.00ns)   --->   "%sext_ln49 = sext i26 %shl_ln2" [bnn_top.cpp:49]   --->   Operation 44 'sext' 'sext_ln49' <Predicate = true> <Delay = 0.00>
ST_2 : Operation 45 [1/1] (0.00ns)   --->   "%sext_ln49_1 = sext i26 %shl_ln49_1" [bnn_top.cpp:49]   --->   Operation 45 'sext' 'sext_ln49_1' <Predicate = true> <Delay = 0.00>
ST_2 : Operation 46 [1/1] (6.91ns)   --->   "%mul_ln49 = mul i52 %sext_ln49_1, i52 %sext_ln49" [bnn_top.cpp:49]   --->   Operation 46 'mul' 'mul_ln49' <Predicate = true> <Delay = 6.91> <CoreInst = "Multiplier">   --->   Core 3 'Multiplier' <Latency = 0> <II = 1> <Delay = 6.91> <FuncUnit> <Opcode : 'mul'> <InPorts = 2> <OutPorts = 1>
ST_2 : Operation 47 [1/1] (1.82ns)   --->   "%icmp_ln46_1 = icmp_eq  i9 %add_ln46, i9 256" [bnn_top.cpp:46]   --->   Operation 47 'icmp' 'icmp_ln46_1' <Predicate = true> <Delay = 1.82> <CoreInst = "Cmp">   --->   Core 9 'Cmp' <Latency = 0> <II = 1> <Delay = 1.73> <FuncUnit> <Opcode : 'seteq' 'setne' 'setle' 'setge' 'setlt' 'setgt'> <InPorts = 2> <OutPorts = 1>
ST_2 : Operation 48 [1/1] (0.00ns)   --->   "%br_ln46 = br i1 %icmp_ln46_1, void %new.latch.for.body67.split, void %last.iter.for.body67.split" [bnn_top.cpp:46]   --->   Operation 48 'br' 'br_ln46' <Predicate = true> <Delay = 0.00>

State 3 <SV = 2> <Delay = 10.7>
ST_3 : Operation 49 [1/1] (0.00ns)   --->   "%acc_5_load = load i32 %acc_5" [bnn_top.cpp:44]   --->   Operation 49 'load' 'acc_5_load' <Predicate = (!icmp_ln46)> <Delay = 0.00>
ST_3 : Operation 50 [1/1] (0.69ns)   --->   "%select_ln44_2 = select i1 %icmp_ln46, i32 0, i32 %acc_5_load" [bnn_top.cpp:44]   --->   Operation 50 'select' 'select_ln44_2' <Predicate = true> <Delay = 0.69> <CoreInst = "Sel">   --->   Core 73 'Sel' <Latency = 0> <II = 1> <Delay = 0.69> <FuncUnit> <Opcode : 'select'> <InPorts = 3> <OutPorts = 1>
ST_3 : Operation 51 [1/1] (0.00ns)   --->   "%shl_ln49_2 = bitconcatenate i52 @_ssdm_op_BitConcatenate.i52.i32.i20, i32 %select_ln44_2, i20 0" [bnn_top.cpp:49]   --->   Operation 51 'bitconcatenate' 'shl_ln49_2' <Predicate = true> <Delay = 0.00>
ST_3 : Operation 52 [1/1] (0.00ns)   --->   "%sext_ln49_2 = sext i52 %shl_ln49_2" [bnn_top.cpp:49]   --->   Operation 52 'sext' 'sext_ln49_2' <Predicate = true> <Delay = 0.00>
ST_3 : Operation 53 [1/1] (0.00ns)   --->   "%sext_ln49_3 = sext i52 %mul_ln49" [bnn_top.cpp:49]   --->   Operation 53 'sext' 'sext_ln49_3' <Predicate = true> <Delay = 0.00>
ST_3 : Operation 54 [1/1] (3.21ns)   --->   "%add_ln49_1 = add i52 %shl_ln49_2, i52 %mul_ln49" [bnn_top.cpp:49]   --->   Operation 54 'add' 'add_ln49_1' <Predicate = true> <Delay = 3.21> <CoreInst = "Adder">   --->   Core 1 'Adder' <Latency = 0> <II = 1> <Delay = 3.21> <FuncUnit> <Opcode : 'add' 'sub'> <InPorts = 2> <OutPorts = 1>
ST_3 : Operation 55 [1/1] (3.21ns)   --->   "%add_ln49 = add i53 %sext_ln49_2, i53 %sext_ln49_3" [bnn_top.cpp:49]   --->   Operation 55 'add' 'add_ln49' <Predicate = true> <Delay = 3.21> <CoreInst = "Adder">   --->   Core 1 'Adder' <Latency = 0> <II = 1> <Delay = 3.23> <FuncUnit> <Opcode : 'add' 'sub'> <InPorts = 2> <OutPorts = 1>
ST_3 : Operation 56 [1/1] (0.00ns)   --->   "%tmp = bitselect i1 @_ssdm_op_BitSelect.i1.i53.i32, i53 %add_ln49, i32 52" [bnn_top.cpp:49]   --->   Operation 56 'bitselect' 'tmp' <Predicate = true> <Delay = 0.00>
ST_3 : Operation 57 [1/1] (0.00ns) (grouped into LUT with out node acc_7)   --->   "%acc = partselect i32 @_ssdm_op_PartSelect.i32.i52.i32.i32, i52 %add_ln49_1, i32 20, i32 51" [bnn_top.cpp:49]   --->   Operation 57 'partselect' 'acc' <Predicate = true> <Delay = 0.00>
ST_3 : Operation 58 [1/1] (0.00ns) (grouped into LUT with out node acc_7)   --->   "%tmp_20 = bitselect i1 @_ssdm_op_BitSelect.i1.i52.i32, i52 %mul_ln49, i32 19" [bnn_top.cpp:49]   --->   Operation 58 'bitselect' 'tmp_20' <Predicate = true> <Delay = 0.00>
ST_3 : Operation 59 [1/1] (0.00ns)   --->   "%tmp_21 = bitselect i1 @_ssdm_op_BitSelect.i1.i52.i32, i52 %add_ln49_1, i32 51" [bnn_top.cpp:49]   --->   Operation 59 'bitselect' 'tmp_21' <Predicate = true> <Delay = 0.00>
ST_3 : Operation 60 [1/1] (0.00ns) (grouped into LUT with out node acc_7)   --->   "%and_ln49 = and i1 %tmp, i1 %tmp_20" [bnn_top.cpp:49]   --->   Operation 60 'and' 'and_ln49' <Predicate = true> <Delay = 0.00> <CoreInst = "LogicGate">   --->   Core 74 'LogicGate' <Latency = 0> <II = 1> <Delay = 0.97> <FuncUnit> <Opcode : 'and' 'or' 'xor'> <InPorts = 2> <OutPorts = 1>
ST_3 : Operation 61 [1/1] (0.00ns) (grouped into LUT with out node acc_7)   --->   "%zext_ln49 = zext i1 %and_ln49" [bnn_top.cpp:49]   --->   Operation 61 'zext' 'zext_ln49' <Predicate = true> <Delay = 0.00>
ST_3 : Operation 62 [1/1] (2.55ns) (out node of the LUT)   --->   "%acc_7 = add i32 %acc, i32 %zext_ln49" [bnn_top.cpp:49]   --->   Operation 62 'add' 'acc_7' <Predicate = true> <Delay = 2.55> <CoreInst = "Adder">   --->   Core 1 'Adder' <Latency = 0> <II = 1> <Delay = 2.55> <FuncUnit> <Opcode : 'add' 'sub'> <InPorts = 2> <OutPorts = 1>
ST_3 : Operation 63 [1/1] (0.00ns)   --->   "%tmp_22 = bitselect i1 @_ssdm_op_BitSelect.i1.i32.i32, i32 %acc_7, i32 31" [bnn_top.cpp:49]   --->   Operation 63 'bitselect' 'tmp_22' <Predicate = true> <Delay = 0.00>
ST_3 : Operation 64 [1/1] (0.00ns) (grouped into LUT with out node or_ln49_2)   --->   "%xor_ln49 = xor i1 %tmp_22, i1 1" [bnn_top.cpp:49]   --->   Operation 64 'xor' 'xor_ln49' <Predicate = true> <Delay = 0.00> <CoreInst = "LogicGate">   --->   Core 74 'LogicGate' <Latency = 0> <II = 1> <Delay = 0.97> <FuncUnit> <Opcode : 'and' 'or' 'xor'> <InPorts = 2> <OutPorts = 1>
ST_3 : Operation 65 [1/1] (0.00ns) (grouped into LUT with out node or_ln49_2)   --->   "%and_ln49_1 = and i1 %tmp_21, i1 %xor_ln49" [bnn_top.cpp:49]   --->   Operation 65 'and' 'and_ln49_1' <Predicate = true> <Delay = 0.00> <CoreInst = "LogicGate">   --->   Core 74 'LogicGate' <Latency = 0> <II = 1> <Delay = 0.97> <FuncUnit> <Opcode : 'and' 'or' 'xor'> <InPorts = 2> <OutPorts = 1>
ST_3 : Operation 66 [1/1] (0.00ns) (grouped into LUT with out node and_ln49_2)   --->   "%xor_ln49_2 = xor i1 %tmp_21, i1 1" [bnn_top.cpp:49]   --->   Operation 66 'xor' 'xor_ln49_2' <Predicate = true> <Delay = 0.00> <CoreInst = "LogicGate">   --->   Core 74 'LogicGate' <Latency = 0> <II = 1> <Delay = 0.97> <FuncUnit> <Opcode : 'and' 'or' 'xor'> <InPorts = 2> <OutPorts = 1>
ST_3 : Operation 67 [1/1] (0.00ns) (grouped into LUT with out node and_ln49_2)   --->   "%or_ln49 = or i1 %tmp_22, i1 %xor_ln49_2" [bnn_top.cpp:49]   --->   Operation 67 'or' 'or_ln49' <Predicate = true> <Delay = 0.00> <CoreInst = "LogicGate">   --->   Core 74 'LogicGate' <Latency = 0> <II = 1> <Delay = 0.97> <FuncUnit> <Opcode : 'and' 'or' 'xor'> <InPorts = 2> <OutPorts = 1>
ST_3 : Operation 68 [1/1] (0.00ns) (grouped into LUT with out node and_ln49_2)   --->   "%xor_ln49_1 = xor i1 %tmp, i1 1" [bnn_top.cpp:49]   --->   Operation 68 'xor' 'xor_ln49_1' <Predicate = true> <Delay = 0.00> <CoreInst = "LogicGate">   --->   Core 74 'LogicGate' <Latency = 0> <II = 1> <Delay = 0.97> <FuncUnit> <Opcode : 'and' 'or' 'xor'> <InPorts = 2> <OutPorts = 1>
ST_3 : Operation 69 [1/1] (0.00ns) (grouped into LUT with out node and_ln49_2)   --->   "%xor_ln49_4 = xor i1 %or_ln49, i1 1" [bnn_top.cpp:49]   --->   Operation 69 'xor' 'xor_ln49_4' <Predicate = true> <Delay = 0.00> <CoreInst = "LogicGate">   --->   Core 74 'LogicGate' <Latency = 0> <II = 1> <Delay = 0.97> <FuncUnit> <Opcode : 'and' 'or' 'xor'> <InPorts = 2> <OutPorts = 1>
ST_3 : Operation 70 [1/1] (0.00ns) (grouped into LUT with out node and_ln49_2)   --->   "%xor_ln49_3 = xor i1 %xor_ln49_4, i1 %tmp" [bnn_top.cpp:49]   --->   Operation 70 'xor' 'xor_ln49_3' <Predicate = true> <Delay = 0.00> <CoreInst = "LogicGate">   --->   Core 74 'LogicGate' <Latency = 0> <II = 1> <Delay = 0.97> <FuncUnit> <Opcode : 'and' 'or' 'xor'> <InPorts = 2> <OutPorts = 1>
ST_3 : Operation 71 [1/1] (0.00ns) (grouped into LUT with out node and_ln49_2)   --->   "%or_ln49_1 = or i1 %tmp_22, i1 %xor_ln49_3" [bnn_top.cpp:49]   --->   Operation 71 'or' 'or_ln49_1' <Predicate = true> <Delay = 0.00> <CoreInst = "LogicGate">   --->   Core 74 'LogicGate' <Latency = 0> <II = 1> <Delay = 0.97> <FuncUnit> <Opcode : 'and' 'or' 'xor'> <InPorts = 2> <OutPorts = 1>
ST_3 : Operation 72 [1/1] (0.97ns) (out node of the LUT)   --->   "%and_ln49_2 = and i1 %or_ln49_1, i1 %xor_ln49_1" [bnn_top.cpp:49]   --->   Operation 72 'and' 'and_ln49_2' <Predicate = true> <Delay = 0.97> <CoreInst = "LogicGate">   --->   Core 74 'LogicGate' <Latency = 0> <II = 1> <Delay = 0.97> <FuncUnit> <Opcode : 'and' 'or' 'xor'> <InPorts = 2> <OutPorts = 1>
ST_3 : Operation 73 [1/1] (0.00ns) (grouped into LUT with out node or_ln49_2)   --->   "%or_ln49_3 = or i1 %and_ln49_1, i1 %tmp_22" [bnn_top.cpp:49]   --->   Operation 73 'or' 'or_ln49_3' <Predicate = true> <Delay = 0.00> <CoreInst = "LogicGate">   --->   Core 74 'LogicGate' <Latency = 0> <II = 1> <Delay = 0.97> <FuncUnit> <Opcode : 'and' 'or' 'xor'> <InPorts = 2> <OutPorts = 1>
ST_3 : Operation 74 [1/1] (0.00ns) (grouped into LUT with out node or_ln49_2)   --->   "%xor_ln49_5 = xor i1 %or_ln49_3, i1 1" [bnn_top.cpp:49]   --->   Operation 74 'xor' 'xor_ln49_5' <Predicate = true> <Delay = 0.00> <CoreInst = "LogicGate">   --->   Core 74 'LogicGate' <Latency = 0> <II = 1> <Delay = 0.97> <FuncUnit> <Opcode : 'and' 'or' 'xor'> <InPorts = 2> <OutPorts = 1>
ST_3 : Operation 75 [1/1] (0.00ns) (grouped into LUT with out node or_ln49_2)   --->   "%and_ln49_3 = and i1 %tmp, i1 %xor_ln49_5" [bnn_top.cpp:49]   --->   Operation 75 'and' 'and_ln49_3' <Predicate = true> <Delay = 0.00> <CoreInst = "LogicGate">   --->   Core 74 'LogicGate' <Latency = 0> <II = 1> <Delay = 0.97> <FuncUnit> <Opcode : 'and' 'or' 'xor'> <InPorts = 2> <OutPorts = 1>
ST_3 : Operation 76 [1/1] (0.00ns) (grouped into LUT with out node acc_8)   --->   "%select_ln49 = select i1 %and_ln49_2, i32 2147483647, i32 2147483648" [bnn_top.cpp:49]   --->   Operation 76 'select' 'select_ln49' <Predicate = true> <Delay = 0.00> <CoreInst = "Sel">   --->   Core 73 'Sel' <Latency = 0> <II = 1> <Delay = 0.80> <FuncUnit> <Opcode : 'select'> <InPorts = 3> <OutPorts = 1>
ST_3 : Operation 77 [1/1] (0.97ns) (out node of the LUT)   --->   "%or_ln49_2 = or i1 %and_ln49_2, i1 %and_ln49_3" [bnn_top.cpp:49]   --->   Operation 77 'or' 'or_ln49_2' <Predicate = true> <Delay = 0.97> <CoreInst = "LogicGate">   --->   Core 74 'LogicGate' <Latency = 0> <II = 1> <Delay = 0.97> <FuncUnit> <Opcode : 'and' 'or' 'xor'> <InPorts = 2> <OutPorts = 1>
ST_3 : Operation 78 [1/1] (0.69ns) (out node of the LUT)   --->   "%acc_8 = select i1 %or_ln49_2, i32 %select_ln49, i32 %acc_7" [bnn_top.cpp:49]   --->   Operation 78 'select' 'acc_8' <Predicate = true> <Delay = 0.69> <CoreInst = "Sel">   --->   Core 73 'Sel' <Latency = 0> <II = 1> <Delay = 0.69> <FuncUnit> <Opcode : 'select'> <InPorts = 3> <OutPorts = 1>
ST_3 : Operation 79 [1/1] (0.00ns)   --->   "%tmp_23 = bitselect i1 @_ssdm_op_BitSelect.i1.i32.i32, i32 %acc_8, i32 31" [bnn_top.cpp:51]   --->   Operation 79 'bitselect' 'tmp_23' <Predicate = true> <Delay = 0.00>
ST_3 : Operation 80 [1/1] (0.00ns)   --->   "%trunc_ln51 = trunc i32 %acc_8" [bnn_top.cpp:51]   --->   Operation 80 'trunc' 'trunc_ln51' <Predicate = true> <Delay = 0.00>
ST_3 : Operation 81 [1/1] (0.00ns)   --->   "%tmp_s = partselect i5 @_ssdm_op_PartSelect.i5.i32.i32, i32 %acc_8, i32 27" [bnn_top.cpp:51]   --->   Operation 81 'partselect' 'tmp_s' <Predicate = true> <Delay = 0.00>
ST_3 : Operation 82 [1/1] (0.00ns)   --->   "%tmp_11 = partselect i6 @_ssdm_op_PartSelect.i6.i32.i32, i32 %acc_8, i32 26" [bnn_top.cpp:51]   --->   Operation 82 'partselect' 'tmp_11' <Predicate = true> <Delay = 0.00>
ST_3 : Operation 83 [1/1] (1.58ns)   --->   "%store_ln45 = store i32 %acc_8, i32 %acc_5" [bnn_top.cpp:45]   --->   Operation 83 'store' 'store_ln45' <Predicate = true> <Delay = 1.58>

State 4 <SV = 3> <Delay = 6.84>
ST_4 : Operation 84 [1/1] (0.00ns) (grouped into LUT with out node add_ln51)   --->   "%trunc_ln1 = partselect i16 @_ssdm_op_PartSelect.i16.i32.i32.i32, i32 %acc_8, i32 10, i32 25" [bnn_top.cpp:51]   --->   Operation 84 'partselect' 'trunc_ln1' <Predicate = true> <Delay = 0.00>
ST_4 : Operation 85 [1/1] (0.00ns) (grouped into LUT with out node add_ln51)   --->   "%tmp_24 = bitselect i1 @_ssdm_op_BitSelect.i1.i32.i32, i32 %acc_8, i32 9" [bnn_top.cpp:51]   --->   Operation 85 'bitselect' 'tmp_24' <Predicate = true> <Delay = 0.00>
ST_4 : Operation 86 [1/1] (1.82ns)   --->   "%icmp_ln51 = icmp_ne  i9 %trunc_ln51, i9 0" [bnn_top.cpp:51]   --->   Operation 86 'icmp' 'icmp_ln51' <Predicate = true> <Delay = 1.82> <CoreInst = "Cmp">   --->   Core 9 'Cmp' <Latency = 0> <II = 1> <Delay = 1.82> <FuncUnit> <Opcode : 'seteq' 'setne' 'setle' 'setge' 'setlt' 'setgt'> <InPorts = 2> <OutPorts = 1>
ST_4 : Operation 87 [1/1] (0.00ns) (grouped into LUT with out node and_ln51_1)   --->   "%tmp_27 = bitselect i1 @_ssdm_op_BitSelect.i1.i32.i32, i32 %acc_8, i32 25" [bnn_top.cpp:51]   --->   Operation 87 'bitselect' 'tmp_27' <Predicate = true> <Delay = 0.00>
ST_4 : Operation 88 [1/1] (0.00ns) (grouped into LUT with out node add_ln51)   --->   "%or_ln51 = or i1 %tmp_23, i1 %icmp_ln51" [bnn_top.cpp:51]   --->   Operation 88 'or' 'or_ln51' <Predicate = true> <Delay = 0.00> <CoreInst = "LogicGate">   --->   Core 74 'LogicGate' <Latency = 0> <II = 1> <Delay = 0.97> <FuncUnit> <Opcode : 'and' 'or' 'xor'> <InPorts = 2> <OutPorts = 1>
ST_4 : Operation 89 [1/1] (0.00ns) (grouped into LUT with out node add_ln51)   --->   "%and_ln51 = and i1 %or_ln51, i1 %tmp_24" [bnn_top.cpp:51]   --->   Operation 89 'and' 'and_ln51' <Predicate = true> <Delay = 0.00> <CoreInst = "LogicGate">   --->   Core 74 'LogicGate' <Latency = 0> <II = 1> <Delay = 0.97> <FuncUnit> <Opcode : 'and' 'or' 'xor'> <InPorts = 2> <OutPorts = 1>
ST_4 : Operation 90 [1/1] (0.00ns) (grouped into LUT with out node add_ln51)   --->   "%zext_ln51 = zext i1 %and_ln51" [bnn_top.cpp:51]   --->   Operation 90 'zext' 'zext_ln51' <Predicate = true> <Delay = 0.00>
ST_4 : Operation 91 [1/1] (2.07ns) (out node of the LUT)   --->   "%add_ln51 = add i16 %trunc_ln1, i16 %zext_ln51" [bnn_top.cpp:51]   --->   Operation 91 'add' 'add_ln51' <Predicate = true> <Delay = 2.07> <CoreInst = "Adder">   --->   Core 1 'Adder' <Latency = 0> <II = 1> <Delay = 2.07> <FuncUnit> <Opcode : 'add' 'sub'> <InPorts = 2> <OutPorts = 1>
ST_4 : Operation 92 [1/1] (0.00ns)   --->   "%tmp_28 = bitselect i1 @_ssdm_op_BitSelect.i1.i16.i32, i16 %add_ln51, i32 15" [bnn_top.cpp:51]   --->   Operation 92 'bitselect' 'tmp_28' <Predicate = true> <Delay = 0.00>
ST_4 : Operation 93 [1/1] (0.00ns) (grouped into LUT with out node and_ln51_1)   --->   "%xor_ln51 = xor i1 %tmp_28, i1 1" [bnn_top.cpp:51]   --->   Operation 93 'xor' 'xor_ln51' <Predicate = true> <Delay = 0.00> <CoreInst = "LogicGate">   --->   Core 74 'LogicGate' <Latency = 0> <II = 1> <Delay = 0.97> <FuncUnit> <Opcode : 'and' 'or' 'xor'> <InPorts = 2> <OutPorts = 1>
ST_4 : Operation 94 [1/1] (0.97ns) (out node of the LUT)   --->   "%and_ln51_1 = and i1 %tmp_27, i1 %xor_ln51" [bnn_top.cpp:51]   --->   Operation 94 'and' 'and_ln51_1' <Predicate = true> <Delay = 0.97> <CoreInst = "LogicGate">   --->   Core 74 'LogicGate' <Latency = 0> <II = 1> <Delay = 0.97> <FuncUnit> <Opcode : 'and' 'or' 'xor'> <InPorts = 2> <OutPorts = 1>
ST_4 : Operation 95 [1/1] (0.00ns) (grouped into LUT with out node and_ln51_5)   --->   "%tmp_29 = bitselect i1 @_ssdm_op_BitSelect.i1.i32.i32, i32 %acc_8, i32 26" [bnn_top.cpp:51]   --->   Operation 95 'bitselect' 'tmp_29' <Predicate = true> <Delay = 0.00>
ST_4 : Operation 96 [1/1] (1.78ns)   --->   "%icmp_ln51_1 = icmp_eq  i5 %tmp_s, i5 31" [bnn_top.cpp:51]   --->   Operation 96 'icmp' 'icmp_ln51_1' <Predicate = true> <Delay = 1.78> <CoreInst = "Cmp">   --->   Core 9 'Cmp' <Latency = 0> <II = 1> <Delay = 1.78> <FuncUnit> <Opcode : 'seteq' 'setne' 'setle' 'setge' 'setlt' 'setgt'> <InPorts = 2> <OutPorts = 1>
ST_4 : Operation 97 [1/1] (1.82ns)   --->   "%icmp_ln51_2 = icmp_eq  i6 %tmp_11, i6 63" [bnn_top.cpp:51]   --->   Operation 97 'icmp' 'icmp_ln51_2' <Predicate = true> <Delay = 1.82> <CoreInst = "Cmp">   --->   Core 9 'Cmp' <Latency = 0> <II = 1> <Delay = 1.82> <FuncUnit> <Opcode : 'seteq' 'setne' 'setle' 'setge' 'setlt' 'setgt'> <InPorts = 2> <OutPorts = 1>
ST_4 : Operation 98 [1/1] (1.82ns)   --->   "%icmp_ln51_3 = icmp_eq  i6 %tmp_11, i6 0" [bnn_top.cpp:51]   --->   Operation 98 'icmp' 'icmp_ln51_3' <Predicate = true> <Delay = 1.82> <CoreInst = "Cmp">   --->   Core 9 'Cmp' <Latency = 0> <II = 1> <Delay = 1.82> <FuncUnit> <Opcode : 'seteq' 'setne' 'setle' 'setge' 'setlt' 'setgt'> <InPorts = 2> <OutPorts = 1>
ST_4 : Operation 99 [1/1] (0.00ns) (grouped into LUT with out node and_ln51_4)   --->   "%select_ln51 = select i1 %and_ln51_1, i1 %icmp_ln51_2, i1 %icmp_ln51_3" [bnn_top.cpp:51]   --->   Operation 99 'select' 'select_ln51' <Predicate = true> <Delay = 0.00> <CoreInst = "Sel">   --->   Core 73 'Sel' <Latency = 0> <II = 1> <Delay = 0.99> <FuncUnit> <Opcode : 'select'> <InPorts = 3> <OutPorts = 1>
ST_4 : Operation 100 [1/1] (0.00ns) (grouped into LUT with out node and_ln51_5)   --->   "%xor_ln51_1 = xor i1 %tmp_29, i1 1" [bnn_top.cpp:51]   --->   Operation 100 'xor' 'xor_ln51_1' <Predicate = true> <Delay = 0.00> <CoreInst = "LogicGate">   --->   Core 74 'LogicGate' <Latency = 0> <II = 1> <Delay = 0.97> <FuncUnit> <Opcode : 'and' 'or' 'xor'> <InPorts = 2> <OutPorts = 1>
ST_4 : Operation 101 [1/1] (0.00ns) (grouped into LUT with out node and_ln51_5)   --->   "%and_ln51_2 = and i1 %icmp_ln51_1, i1 %xor_ln51_1" [bnn_top.cpp:51]   --->   Operation 101 'and' 'and_ln51_2' <Predicate = true> <Delay = 0.00> <CoreInst = "LogicGate">   --->   Core 74 'LogicGate' <Latency = 0> <II = 1> <Delay = 0.97> <FuncUnit> <Opcode : 'and' 'or' 'xor'> <InPorts = 2> <OutPorts = 1>
ST_4 : Operation 102 [1/1] (0.00ns) (grouped into LUT with out node and_ln51_5)   --->   "%select_ln51_1 = select i1 %and_ln51_1, i1 %and_ln51_2, i1 %icmp_ln51_2" [bnn_top.cpp:51]   --->   Operation 102 'select' 'select_ln51_1' <Predicate = true> <Delay = 0.00> <CoreInst = "Sel">   --->   Core 73 'Sel' <Latency = 0> <II = 1> <Delay = 0.99> <FuncUnit> <Opcode : 'select'> <InPorts = 3> <OutPorts = 1>
ST_4 : Operation 103 [1/1] (0.00ns) (grouped into LUT with out node or_ln51_2)   --->   "%and_ln51_3 = and i1 %and_ln51_1, i1 %icmp_ln51_2" [bnn_top.cpp:51]   --->   Operation 103 'and' 'and_ln51_3' <Predicate = true> <Delay = 0.00> <CoreInst = "LogicGate">   --->   Core 74 'LogicGate' <Latency = 0> <II = 1> <Delay = 0.97> <FuncUnit> <Opcode : 'and' 'or' 'xor'> <InPorts = 2> <OutPorts = 1>
ST_4 : Operation 104 [1/1] (0.00ns) (grouped into LUT with out node and_ln51_4)   --->   "%xor_ln51_2 = xor i1 %select_ln51, i1 1" [bnn_top.cpp:51]   --->   Operation 104 'xor' 'xor_ln51_2' <Predicate = true> <Delay = 0.00> <CoreInst = "LogicGate">   --->   Core 74 'LogicGate' <Latency = 0> <II = 1> <Delay = 0.97> <FuncUnit> <Opcode : 'and' 'or' 'xor'> <InPorts = 2> <OutPorts = 1>
ST_4 : Operation 105 [1/1] (0.00ns) (grouped into LUT with out node and_ln51_4)   --->   "%or_ln51_1 = or i1 %tmp_28, i1 %xor_ln51_2" [bnn_top.cpp:51]   --->   Operation 105 'or' 'or_ln51_1' <Predicate = true> <Delay = 0.00> <CoreInst = "LogicGate">   --->   Core 74 'LogicGate' <Latency = 0> <II = 1> <Delay = 0.97> <FuncUnit> <Opcode : 'and' 'or' 'xor'> <InPorts = 2> <OutPorts = 1>
ST_4 : Operation 106 [1/1] (0.00ns) (grouped into LUT with out node and_ln51_4)   --->   "%xor_ln51_3 = xor i1 %tmp_23, i1 1" [bnn_top.cpp:51]   --->   Operation 106 'xor' 'xor_ln51_3' <Predicate = true> <Delay = 0.00> <CoreInst = "LogicGate">   --->   Core 74 'LogicGate' <Latency = 0> <II = 1> <Delay = 0.97> <FuncUnit> <Opcode : 'and' 'or' 'xor'> <InPorts = 2> <OutPorts = 1>
ST_4 : Operation 107 [1/1] (0.99ns) (out node of the LUT)   --->   "%and_ln51_4 = and i1 %or_ln51_1, i1 %xor_ln51_3" [bnn_top.cpp:51]   --->   Operation 107 'and' 'and_ln51_4' <Predicate = true> <Delay = 0.99> <CoreInst = "LogicGate">   --->   Core 74 'LogicGate' <Latency = 0> <II = 1> <Delay = 0.97> <FuncUnit> <Opcode : 'and' 'or' 'xor'> <InPorts = 2> <OutPorts = 1>
ST_4 : Operation 108 [1/1] (0.99ns) (out node of the LUT)   --->   "%and_ln51_5 = and i1 %tmp_28, i1 %select_ln51_1" [bnn_top.cpp:51]   --->   Operation 108 'and' 'and_ln51_5' <Predicate = true> <Delay = 0.99> <CoreInst = "LogicGate">   --->   Core 74 'LogicGate' <Latency = 0> <II = 1> <Delay = 0.97> <FuncUnit> <Opcode : 'and' 'or' 'xor'> <InPorts = 2> <OutPorts = 1>
ST_4 : Operation 109 [1/1] (0.00ns) (grouped into LUT with out node or_ln51_2)   --->   "%or_ln51_3 = or i1 %and_ln51_3, i1 %and_ln51_5" [bnn_top.cpp:51]   --->   Operation 109 'or' 'or_ln51_3' <Predicate = true> <Delay = 0.00> <CoreInst = "LogicGate">   --->   Core 74 'LogicGate' <Latency = 0> <II = 1> <Delay = 0.97> <FuncUnit> <Opcode : 'and' 'or' 'xor'> <InPorts = 2> <OutPorts = 1>
ST_4 : Operation 110 [1/1] (0.00ns) (grouped into LUT with out node or_ln51_2)   --->   "%xor_ln51_4 = xor i1 %or_ln51_3, i1 1" [bnn_top.cpp:51]   --->   Operation 110 'xor' 'xor_ln51_4' <Predicate = true> <Delay = 0.00> <CoreInst = "LogicGate">   --->   Core 74 'LogicGate' <Latency = 0> <II = 1> <Delay = 0.97> <FuncUnit> <Opcode : 'and' 'or' 'xor'> <InPorts = 2> <OutPorts = 1>
ST_4 : Operation 111 [1/1] (0.00ns) (grouped into LUT with out node or_ln51_2)   --->   "%and_ln51_6 = and i1 %tmp_23, i1 %xor_ln51_4" [bnn_top.cpp:51]   --->   Operation 111 'and' 'and_ln51_6' <Predicate = true> <Delay = 0.00> <CoreInst = "LogicGate">   --->   Core 74 'LogicGate' <Latency = 0> <II = 1> <Delay = 0.97> <FuncUnit> <Opcode : 'and' 'or' 'xor'> <InPorts = 2> <OutPorts = 1>
ST_4 : Operation 112 [1/1] (0.97ns) (out node of the LUT)   --->   "%or_ln51_2 = or i1 %and_ln51_4, i1 %and_ln51_6" [bnn_top.cpp:51]   --->   Operation 112 'or' 'or_ln51_2' <Predicate = true> <Delay = 0.97> <CoreInst = "LogicGate">   --->   Core 74 'LogicGate' <Latency = 0> <II = 1> <Delay = 0.97> <FuncUnit> <Opcode : 'and' 'or' 'xor'> <InPorts = 2> <OutPorts = 1>
ST_4 : Operation 127 [1/1] (1.58ns)   --->   "%ret_ln0 = ret"   --->   Operation 127 'ret' 'ret_ln0' <Predicate = (icmp_ln44)> <Delay = 1.58>

State 5 <SV = 4> <Delay = 6.04>
ST_5 : Operation 113 [1/1] (0.00ns)   --->   "%o_2_load = load i9 %o_2" [bnn_top.cpp:44]   --->   Operation 113 'load' 'o_2_load' <Predicate = true> <Delay = 0.00>
ST_5 : Operation 114 [1/1] (0.00ns)   --->   "%specloopname_ln0 = specloopname void @_ssdm_op_SpecLoopName, void @L2_W_L2_IN_str"   --->   Operation 114 'specloopname' 'specloopname_ln0' <Predicate = true> <Delay = 0.00>
ST_5 : Operation 115 [1/1] (0.00ns)   --->   "%speclooptripcount_ln0 = speclooptripcount void @_ssdm_op_SpecLoopTripCount, i64 65536, i64 65536, i64 65536"   --->   Operation 115 'speclooptripcount' 'speclooptripcount_ln0' <Predicate = true> <Delay = 0.00>
ST_5 : Operation 116 [1/1] (1.82ns)   --->   "%add_ln44_1 = add i9 %o_2_load, i9 1" [bnn_top.cpp:44]   --->   Operation 116 'add' 'add_ln44_1' <Predicate = (icmp_ln46)> <Delay = 1.82> <CoreInst = "Adder">   --->   Core 1 'Adder' <Latency = 0> <II = 1> <Delay = 1.82> <FuncUnit> <Opcode : 'add' 'sub'> <InPorts = 2> <OutPorts = 1>
ST_5 : Operation 117 [1/1] (0.96ns)   --->   "%select_ln44_1 = select i1 %icmp_ln46, i9 %add_ln44_1, i9 %o_2_load" [bnn_top.cpp:44]   --->   Operation 117 'select' 'select_ln44_1' <Predicate = true> <Delay = 0.96> <CoreInst = "Sel">   --->   Core 73 'Sel' <Latency = 0> <II = 1> <Delay = 0.96> <FuncUnit> <Opcode : 'select'> <InPorts = 3> <OutPorts = 1>
ST_5 : Operation 118 [1/1] (0.00ns)   --->   "%zext_ln44 = zext i9 %select_ln44_1" [bnn_top.cpp:44]   --->   Operation 118 'zext' 'zext_ln44' <Predicate = true> <Delay = 0.00>
ST_5 : Operation 119 [1/1] (0.00ns)   --->   "%specpipeline_ln47 = specpipeline void @_ssdm_op_SpecPipeline, i32 1, i32 0, i32 0, i32 0, void @empty_1" [bnn_top.cpp:47]   --->   Operation 119 'specpipeline' 'specpipeline_ln47' <Predicate = true> <Delay = 0.00>
ST_5 : Operation 120 [1/1] (0.00ns) (grouped into LUT with out node select_ln51_3)   --->   "%select_ln51_2 = select i1 %and_ln51_4, i16 32767, i16 32768" [bnn_top.cpp:51]   --->   Operation 120 'select' 'select_ln51_2' <Predicate = (or_ln51_2)> <Delay = 0.00> <CoreInst = "Sel">   --->   Core 73 'Sel' <Latency = 0> <II = 1> <Delay = 0.78> <FuncUnit> <Opcode : 'select'> <InPorts = 3> <OutPorts = 1>
ST_5 : Operation 121 [1/1] (0.80ns) (out node of the LUT)   --->   "%select_ln51_3 = select i1 %or_ln51_2, i16 %select_ln51_2, i16 %add_ln51" [bnn_top.cpp:51]   --->   Operation 121 'select' 'select_ln51_3' <Predicate = true> <Delay = 0.80> <CoreInst = "Sel">   --->   Core 73 'Sel' <Latency = 0> <II = 1> <Delay = 0.80> <FuncUnit> <Opcode : 'select'> <InPorts = 3> <OutPorts = 1>
ST_5 : Operation 122 [1/1] (0.00ns)   --->   "%act2_addr = getelementptr i16 %act2, i64 0, i64 %zext_ln44" [bnn_top.cpp:51]   --->   Operation 122 'getelementptr' 'act2_addr' <Predicate = true> <Delay = 0.00>
ST_5 : Operation 123 [1/1] ( I:3.25ns O:3.25ns )   --->   "%store_ln51 = store i16 %select_ln51_3, i8 %act2_addr" [bnn_top.cpp:51]   --->   Operation 123 'store' 'store_ln51' <Predicate = (icmp_ln46_1)> <Delay = 3.25> <CoreInst = "RAM">   --->   Core 81 'RAM' <Latency = 1> <II = 1> <Delay = 3.25> <Storage> <Opcode : 'load' 'store'> <Ports = 2> <Width = 16> <Depth = 256> <RAM>
ST_5 : Operation 124 [1/1] (0.00ns)   --->   "%br_ln46 = br void %new.latch.for.body67.split" [bnn_top.cpp:46]   --->   Operation 124 'br' 'br_ln46' <Predicate = (icmp_ln46_1)> <Delay = 0.00>
ST_5 : Operation 125 [1/1] (1.58ns)   --->   "%store_ln44 = store i9 %select_ln44_1, i9 %o_2" [bnn_top.cpp:44]   --->   Operation 125 'store' 'store_ln44' <Predicate = true> <Delay = 1.58>
ST_5 : Operation 126 [1/1] (0.00ns)   --->   "%br_ln46 = br void %for.body67" [bnn_top.cpp:46]   --->   Operation 126 'br' 'br_ln46' <Predicate = true> <Delay = 0.00>


============================================================
+ Verbose Summary: Binding
============================================================
STG Binding: 
---------------- STG Properties BEGIN ----------------
- Is combinational: 0
- Is one-state seq: 0
- Is datapath-only: 0
- Is pipelined: 0
- Is top level: 0
Port [ Return ] is wired: 1; IO mode=ap_ctrl_hs:ce=0
Port [ s_axis_input_V_data_V]:  wired=1; compound=1; hidden=0; nouse=0; global=0; static=0; extern=0; dir=0; type=0; pingpong=0; private_global=0; IO mode=axis:ce=0
Port [ s_axis_input_V_keep_V]:  wired=1; compound=1; hidden=0; nouse=0; global=0; static=0; extern=0; dir=0; type=0; pingpong=0; private_global=0; IO mode=axis:ce=0
Port [ s_axis_input_V_strb_V]:  wired=1; compound=1; hidden=0; nouse=0; global=0; static=0; extern=0; dir=0; type=0; pingpong=0; private_global=0; IO mode=axis:ce=0
Port [ s_axis_input_V_user_V]:  wired=1; compound=1; hidden=0; nouse=0; global=0; static=0; extern=0; dir=0; type=0; pingpong=0; private_global=0; IO mode=axis:ce=0
Port [ s_axis_input_V_last_V]:  wired=1; compound=1; hidden=0; nouse=0; global=0; static=0; extern=0; dir=0; type=0; pingpong=0; private_global=0; IO mode=axis:ce=0
Port [ s_axis_input_V_id_V]:  wired=1; compound=1; hidden=0; nouse=0; global=0; static=0; extern=0; dir=0; type=0; pingpong=0; private_global=0; IO mode=axis:ce=0
Port [ s_axis_input_V_dest_V]:  wired=1; compound=1; hidden=0; nouse=0; global=0; static=0; extern=0; dir=0; type=0; pingpong=0; private_global=0; IO mode=axis:ce=0
Port [ act1]:  wired=1; compound=1; hidden=0; nouse=0; global=0; static=0; extern=0; dir=0; type=1; pingpong=0; private_global=0; MemPort=[13]; IO mode=ap_memory:ce=0
Port [ act2]:  wired=1; compound=1; hidden=0; nouse=0; global=0; static=0; extern=0; dir=1; type=1; pingpong=0; private_global=0; MemPort=[03]; IO mode=ap_memory:ce=0
---------------- STG Properties END ------------------

---------------- Datapath Model BEGIN ----------------

<LifeTime>
<method=bitvector/>
acc_5                   (alloca             ) [ 011100]
i                       (alloca             ) [ 010000]
o_2                     (alloca             ) [ 011111]
indvar_flatten6         (alloca             ) [ 010000]
specaxissidechannel_ln0 (specaxissidechannel) [ 000000]
specinterface_ln0       (specinterface      ) [ 000000]
specinterface_ln0       (specinterface      ) [ 000000]
specinterface_ln0       (specinterface      ) [ 000000]
specinterface_ln0       (specinterface      ) [ 000000]
specinterface_ln0       (specinterface      ) [ 000000]
specinterface_ln0       (specinterface      ) [ 000000]
specinterface_ln0       (specinterface      ) [ 000000]
store_ln0               (store              ) [ 000000]
store_ln44              (store              ) [ 000000]
store_ln46              (store              ) [ 000000]
store_ln45              (store              ) [ 000000]
br_ln44                 (br                 ) [ 000000]
indvar_flatten6_load    (load               ) [ 000000]
icmp_ln44               (icmp               ) [ 011110]
add_ln44                (add                ) [ 000000]
br_ln44                 (br                 ) [ 000000]
i_load                  (load               ) [ 000000]
icmp_ln46               (icmp               ) [ 011111]
select_ln44             (select             ) [ 000000]
zext_ln46               (zext               ) [ 000000]
act1_addr               (getelementptr      ) [ 011000]
add_ln46                (add                ) [ 011000]
store_ln44              (store              ) [ 000000]
store_ln46              (store              ) [ 000000]
empty                   (read               ) [ 000000]
p_s                     (extractvalue       ) [ 000000]
trunc_ln49              (trunc              ) [ 000000]
shl_ln2                 (bitconcatenate     ) [ 000000]
act1_load               (load               ) [ 000000]
shl_ln49_1              (bitconcatenate     ) [ 000000]
sext_ln49               (sext               ) [ 000000]
sext_ln49_1             (sext               ) [ 000000]
mul_ln49                (mul                ) [ 010100]
icmp_ln46_1             (icmp               ) [ 010111]
br_ln46                 (br                 ) [ 000000]
acc_5_load              (load               ) [ 000000]
select_ln44_2           (select             ) [ 000000]
shl_ln49_2              (bitconcatenate     ) [ 000000]
sext_ln49_2             (sext               ) [ 000000]
sext_ln49_3             (sext               ) [ 000000]
add_ln49_1              (add                ) [ 000000]
add_ln49                (add                ) [ 000000]
tmp                     (bitselect          ) [ 000000]
acc                     (partselect         ) [ 000000]
tmp_20                  (bitselect          ) [ 000000]
tmp_21                  (bitselect          ) [ 000000]
and_ln49                (and                ) [ 000000]
zext_ln49               (zext               ) [ 000000]
acc_7                   (add                ) [ 000000]
tmp_22                  (bitselect          ) [ 000000]
xor_ln49                (xor                ) [ 000000]
and_ln49_1              (and                ) [ 000000]
xor_ln49_2              (xor                ) [ 000000]
or_ln49                 (or                 ) [ 000000]
xor_ln49_1              (xor                ) [ 000000]
xor_ln49_4              (xor                ) [ 000000]
xor_ln49_3              (xor                ) [ 000000]
or_ln49_1               (or                 ) [ 000000]
and_ln49_2              (and                ) [ 000000]
or_ln49_3               (or                 ) [ 000000]
xor_ln49_5              (xor                ) [ 000000]
and_ln49_3              (and                ) [ 000000]
select_ln49             (select             ) [ 000000]
or_ln49_2               (or                 ) [ 000000]
acc_8                   (select             ) [ 010010]
tmp_23                  (bitselect          ) [ 010010]
trunc_ln51              (trunc              ) [ 010010]
tmp_s                   (partselect         ) [ 010010]
tmp_11                  (partselect         ) [ 010010]
store_ln45              (store              ) [ 000000]
trunc_ln1               (partselect         ) [ 000000]
tmp_24                  (bitselect          ) [ 000000]
icmp_ln51               (icmp               ) [ 000000]
tmp_27                  (bitselect          ) [ 000000]
or_ln51                 (or                 ) [ 000000]
and_ln51                (and                ) [ 000000]
zext_ln51               (zext               ) [ 000000]
add_ln51                (add                ) [ 010001]
tmp_28                  (bitselect          ) [ 000000]
xor_ln51                (xor                ) [ 000000]
and_ln51_1              (and                ) [ 000000]
tmp_29                  (bitselect          ) [ 000000]
icmp_ln51_1             (icmp               ) [ 000000]
icmp_ln51_2             (icmp               ) [ 000000]
icmp_ln51_3             (icmp               ) [ 000000]
select_ln51             (select             ) [ 000000]
xor_ln51_1              (xor                ) [ 000000]
and_ln51_2              (and                ) [ 000000]
select_ln51_1           (select             ) [ 000000]
and_ln51_3              (and                ) [ 000000]
xor_ln51_2              (xor                ) [ 000000]
or_ln51_1               (or                 ) [ 000000]
xor_ln51_3              (xor                ) [ 000000]
and_ln51_4              (and                ) [ 010001]
and_ln51_5              (and                ) [ 000000]
or_ln51_3               (or                 ) [ 000000]
xor_ln51_4              (xor                ) [ 000000]
and_ln51_6              (and                ) [ 000000]
or_ln51_2               (or                 ) [ 010001]
o_2_load                (load               ) [ 000000]
specloopname_ln0        (specloopname       ) [ 000000]
speclooptripcount_ln0   (speclooptripcount  ) [ 000000]
add_ln44_1              (add                ) [ 000000]
select_ln44_1           (select             ) [ 000000]
zext_ln44               (zext               ) [ 000000]
specpipeline_ln47       (specpipeline       ) [ 000000]
select_ln51_2           (select             ) [ 000000]
select_ln51_3           (select             ) [ 000000]
act2_addr               (getelementptr      ) [ 000000]
store_ln51              (store              ) [ 000000]
br_ln46                 (br                 ) [ 000000]
store_ln44              (store              ) [ 000000]
br_ln46                 (br                 ) [ 000000]
ret_ln0                 (ret                ) [ 000000]
</LifeTime>

<model>

<comp_list>
<comp id="0" class="1000" name="s_axis_input_V_data_V">
<pin_list>
<pin id="1" dir="1" index="0" bw="1" slack="0"/>
</pin_list>
<bind>
<StgValue><ssdm name="s_axis_input_V_data_V"/></StgValue>
</bind>
</comp>

<comp id="2" class="1000" name="s_axis_input_V_keep_V">
<pin_list>
<pin id="3" dir="1" index="0" bw="1" slack="0"/>
</pin_list>
<bind>
<StgValue><ssdm name="s_axis_input_V_keep_V"/></StgValue>
</bind>
</comp>

<comp id="4" class="1000" name="s_axis_input_V_strb_V">
<pin_list>
<pin id="5" dir="1" index="0" bw="1" slack="0"/>
</pin_list>
<bind>
<StgValue><ssdm name="s_axis_input_V_strb_V"/></StgValue>
</bind>
</comp>

<comp id="6" class="1000" name="s_axis_input_V_user_V">
<pin_list>
<pin id="7" dir="1" index="0" bw="1" slack="0"/>
</pin_list>
<bind>
<StgValue><ssdm name="s_axis_input_V_user_V"/></StgValue>
</bind>
</comp>

<comp id="8" class="1000" name="s_axis_input_V_last_V">
<pin_list>
<pin id="9" dir="1" index="0" bw="1" slack="0"/>
</pin_list>
<bind>
<StgValue><ssdm name="s_axis_input_V_last_V"/></StgValue>
</bind>
</comp>

<comp id="10" class="1000" name="s_axis_input_V_id_V">
<pin_list>
<pin id="11" dir="1" index="0" bw="1" slack="0"/>
</pin_list>
<bind>
<StgValue><ssdm name="s_axis_input_V_id_V"/></StgValue>
</bind>
</comp>

<comp id="12" class="1000" name="s_axis_input_V_dest_V">
<pin_list>
<pin id="13" dir="1" index="0" bw="1" slack="0"/>
</pin_list>
<bind>
<StgValue><ssdm name="s_axis_input_V_dest_V"/></StgValue>
</bind>
</comp>

<comp id="14" class="1000" name="act1">
<pin_list>
<pin id="15" dir="1" index="0" bw="1" slack="0"/>
</pin_list>
<bind>
<StgValue><ssdm name="act1"/><MemPortTyVec>1 3 </MemPortTyVec>
</StgValue>
</bind>
</comp>

<comp id="16" class="1000" name="act2">
<pin_list>
<pin id="17" dir="1" index="0" bw="1" slack="0"/>
</pin_list>
<bind>
<StgValue><ssdm name="act2"/><MemPortTyVec>0 3 </MemPortTyVec>
</StgValue>
</bind>
</comp>

<comp id="18" class="1001" name="const_18">
<pin_list>
<pin id="19" dir="1" index="0" bw="1" slack="0"/>
</pin_list>
<bind>
<StgValue><ssdm name=""/></StgValue>
</bind>
</comp>

<comp id="20" class="1001" name="const_20">
<pin_list>
<pin id="21" dir="1" index="0" bw="1" slack="2147483647"/>
</pin_list>
<bind>
<StgValue><ssdm name="_ssdm_op_SpecAXISSideChannel"/></StgValue>
</bind>
</comp>

<comp id="22" class="1001" name="const_22">
<pin_list>
<pin id="23" dir="1" index="0" bw="1" slack="2147483647"/>
</pin_list>
<bind>
<StgValue><ssdm name="empty_5"/></StgValue>
</bind>
</comp>

<comp id="24" class="1001" name="const_24">
<pin_list>
<pin id="25" dir="1" index="0" bw="1" slack="2147483647"/>
</pin_list>
<bind>
<StgValue><ssdm name="_ssdm_op_SpecInterface"/></StgValue>
</bind>
</comp>

<comp id="26" class="1001" name="const_26">
<pin_list>
<pin id="27" dir="1" index="0" bw="1" slack="2147483647"/>
</pin_list>
<bind>
<StgValue><ssdm name="empty"/></StgValue>
</bind>
</comp>

<comp id="28" class="1001" name="const_28">
<pin_list>
<pin id="29" dir="1" index="0" bw="1" slack="0"/>
</pin_list>
<bind>
<StgValue><ssdm name=""/></StgValue>
</bind>
</comp>

<comp id="30" class="1001" name="const_30">
<pin_list>
<pin id="31" dir="1" index="0" bw="1" slack="2147483647"/>
</pin_list>
<bind>
<StgValue><ssdm name="empty_0"/></StgValue>
</bind>
</comp>

<comp id="32" class="1001" name="const_32">
<pin_list>
<pin id="33" dir="1" index="0" bw="1" slack="2147483647"/>
</pin_list>
<bind>
<StgValue><ssdm name="empty_1"/></StgValue>
</bind>
</comp>

<comp id="34" class="1001" name="const_34">
<pin_list>
<pin id="35" dir="1" index="0" bw="1" slack="2147483647"/>
</pin_list>
<bind>
<StgValue><ssdm name=""/></StgValue>
</bind>
</comp>

<comp id="36" class="1001" name="const_36">
<pin_list>
<pin id="37" dir="1" index="0" bw="1" slack="0"/>
</pin_list>
<bind>
<StgValue><ssdm name=""/></StgValue>
</bind>
</comp>

<comp id="38" class="1001" name="const_38">
<pin_list>
<pin id="39" dir="1" index="0" bw="1" slack="0"/>
</pin_list>
<bind>
<StgValue><ssdm name=""/></StgValue>
</bind>
</comp>

<comp id="40" class="1001" name="const_40">
<pin_list>
<pin id="41" dir="1" index="0" bw="1" slack="0"/>
</pin_list>
<bind>
<StgValue><ssdm name=""/></StgValue>
</bind>
</comp>

<comp id="42" class="1001" name="const_42">
<pin_list>
<pin id="43" dir="1" index="0" bw="1" slack="0"/>
</pin_list>
<bind>
<StgValue><ssdm name=""/></StgValue>
</bind>
</comp>

<comp id="44" class="1001" name="const_44">
<pin_list>
<pin id="45" dir="1" index="0" bw="1" slack="0"/>
</pin_list>
<bind>
<StgValue><ssdm name=""/></StgValue>
</bind>
</comp>

<comp id="46" class="1001" name="const_46">
<pin_list>
<pin id="47" dir="1" index="0" bw="1" slack="0"/>
</pin_list>
<bind>
<StgValue><ssdm name=""/></StgValue>
</bind>
</comp>

<comp id="48" class="1001" name="const_48">
<pin_list>
<pin id="49" dir="1" index="0" bw="1" slack="0"/>
</pin_list>
<bind>
<StgValue><ssdm name=""/></StgValue>
</bind>
</comp>

<comp id="50" class="1001" name="const_50">
<pin_list>
<pin id="51" dir="1" index="0" bw="1" slack="0"/>
</pin_list>
<bind>
<StgValue><ssdm name="_ssdm_op_Read.axis.volatile.i32P0A.i4P0A.i4P0A.i1P0A.i1P0A.i1P0A.i1P0A"/></StgValue>
</bind>
</comp>

<comp id="52" class="1001" name="const_52">
<pin_list>
<pin id="53" dir="1" index="0" bw="1" slack="0"/>
</pin_list>
<bind>
<StgValue><ssdm name="_ssdm_op_BitConcatenate.i26.i16.i10"/></StgValue>
</bind>
</comp>

<comp id="54" class="1001" name="const_54">
<pin_list>
<pin id="55" dir="1" index="0" bw="1" slack="0"/>
</pin_list>
<bind>
<StgValue><ssdm name=""/></StgValue>
</bind>
</comp>

<comp id="56" class="1001" name="const_56">
<pin_list>
<pin id="57" dir="1" index="0" bw="1" slack="0"/>
</pin_list>
<bind>
<StgValue><ssdm name="_ssdm_op_BitConcatenate.i52.i32.i20"/></StgValue>
</bind>
</comp>

<comp id="58" class="1001" name="const_58">
<pin_list>
<pin id="59" dir="1" index="0" bw="1" slack="0"/>
</pin_list>
<bind>
<StgValue><ssdm name=""/></StgValue>
</bind>
</comp>

<comp id="60" class="1001" name="const_60">
<pin_list>
<pin id="61" dir="1" index="0" bw="1" slack="0"/>
</pin_list>
<bind>
<StgValue><ssdm name="_ssdm_op_BitSelect.i1.i53.i32"/></StgValue>
</bind>
</comp>

<comp id="62" class="1001" name="const_62">
<pin_list>
<pin id="63" dir="1" index="0" bw="1" slack="0"/>
</pin_list>
<bind>
<StgValue><ssdm name=""/></StgValue>
</bind>
</comp>

<comp id="64" class="1001" name="const_64">
<pin_list>
<pin id="65" dir="1" index="0" bw="1" slack="0"/>
</pin_list>
<bind>
<StgValue><ssdm name="_ssdm_op_PartSelect.i32.i52.i32.i32"/></StgValue>
</bind>
</comp>

<comp id="66" class="1001" name="const_66">
<pin_list>
<pin id="67" dir="1" index="0" bw="1" slack="0"/>
</pin_list>
<bind>
<StgValue><ssdm name=""/></StgValue>
</bind>
</comp>

<comp id="68" class="1001" name="const_68">
<pin_list>
<pin id="69" dir="1" index="0" bw="1" slack="0"/>
</pin_list>
<bind>
<StgValue><ssdm name=""/></StgValue>
</bind>
</comp>

<comp id="70" class="1001" name="const_70">
<pin_list>
<pin id="71" dir="1" index="0" bw="1" slack="0"/>
</pin_list>
<bind>
<StgValue><ssdm name="_ssdm_op_BitSelect.i1.i52.i32"/></StgValue>
</bind>
</comp>

<comp id="72" class="1001" name="const_72">
<pin_list>
<pin id="73" dir="1" index="0" bw="1" slack="0"/>
</pin_list>
<bind>
<StgValue><ssdm name=""/></StgValue>
</bind>
</comp>

<comp id="74" class="1001" name="const_74">
<pin_list>
<pin id="75" dir="1" index="0" bw="1" slack="0"/>
</pin_list>
<bind>
<StgValue><ssdm name="_ssdm_op_BitSelect.i1.i32.i32"/></StgValue>
</bind>
</comp>

<comp id="76" class="1001" name="const_76">
<pin_list>
<pin id="77" dir="1" index="0" bw="1" slack="0"/>
</pin_list>
<bind>
<StgValue><ssdm name=""/></StgValue>
</bind>
</comp>

<comp id="78" class="1001" name="const_78">
<pin_list>
<pin id="79" dir="1" index="0" bw="1" slack="0"/>
</pin_list>
<bind>
<StgValue><ssdm name=""/></StgValue>
</bind>
</comp>

<comp id="80" class="1001" name="const_80">
<pin_list>
<pin id="81" dir="1" index="0" bw="1" slack="0"/>
</pin_list>
<bind>
<StgValue><ssdm name=""/></StgValue>
</bind>
</comp>

<comp id="82" class="1001" name="const_82">
<pin_list>
<pin id="83" dir="1" index="0" bw="1" slack="0"/>
</pin_list>
<bind>
<StgValue><ssdm name=""/></StgValue>
</bind>
</comp>

<comp id="84" class="1001" name="const_84">
<pin_list>
<pin id="85" dir="1" index="0" bw="1" slack="0"/>
</pin_list>
<bind>
<StgValue><ssdm name="_ssdm_op_PartSelect.i5.i32.i32"/></StgValue>
</bind>
</comp>

<comp id="86" class="1001" name="const_86">
<pin_list>
<pin id="87" dir="1" index="0" bw="1" slack="0"/>
</pin_list>
<bind>
<StgValue><ssdm name=""/></StgValue>
</bind>
</comp>

<comp id="88" class="1001" name="const_88">
<pin_list>
<pin id="89" dir="1" index="0" bw="1" slack="0"/>
</pin_list>
<bind>
<StgValue><ssdm name="_ssdm_op_PartSelect.i6.i32.i32"/></StgValue>
</bind>
</comp>

<comp id="90" class="1001" name="const_90">
<pin_list>
<pin id="91" dir="1" index="0" bw="1" slack="0"/>
</pin_list>
<bind>
<StgValue><ssdm name=""/></StgValue>
</bind>
</comp>

<comp id="92" class="1001" name="const_92">
<pin_list>
<pin id="93" dir="1" index="0" bw="1" slack="0"/>
</pin_list>
<bind>
<StgValue><ssdm name="_ssdm_op_PartSelect.i16.i32.i32.i32"/></StgValue>
</bind>
</comp>

<comp id="94" class="1001" name="const_94">
<pin_list>
<pin id="95" dir="1" index="0" bw="1" slack="0"/>
</pin_list>
<bind>
<StgValue><ssdm name=""/></StgValue>
</bind>
</comp>

<comp id="96" class="1001" name="const_96">
<pin_list>
<pin id="97" dir="1" index="0" bw="1" slack="0"/>
</pin_list>
<bind>
<StgValue><ssdm name=""/></StgValue>
</bind>
</comp>

<comp id="98" class="1001" name="const_98">
<pin_list>
<pin id="99" dir="1" index="0" bw="1" slack="0"/>
</pin_list>
<bind>
<StgValue><ssdm name=""/></StgValue>
</bind>
</comp>

<comp id="100" class="1001" name="const_100">
<pin_list>
<pin id="101" dir="1" index="0" bw="1" slack="0"/>
</pin_list>
<bind>
<StgValue><ssdm name="_ssdm_op_BitSelect.i1.i16.i32"/></StgValue>
</bind>
</comp>

<comp id="102" class="1001" name="const_102">
<pin_list>
<pin id="103" dir="1" index="0" bw="1" slack="0"/>
</pin_list>
<bind>
<StgValue><ssdm name=""/></StgValue>
</bind>
</comp>

<comp id="104" class="1001" name="const_104">
<pin_list>
<pin id="105" dir="1" index="0" bw="1" slack="0"/>
</pin_list>
<bind>
<StgValue><ssdm name=""/></StgValue>
</bind>
</comp>

<comp id="106" class="1001" name="const_106">
<pin_list>
<pin id="107" dir="1" index="0" bw="1" slack="0"/>
</pin_list>
<bind>
<StgValue><ssdm name=""/></StgValue>
</bind>
</comp>

<comp id="108" class="1001" name="const_108">
<pin_list>
<pin id="109" dir="1" index="0" bw="1" slack="0"/>
</pin_list>
<bind>
<StgValue><ssdm name=""/></StgValue>
</bind>
</comp>

<comp id="110" class="1001" name="const_110">
<pin_list>
<pin id="111" dir="1" index="0" bw="1" slack="2147483647"/>
</pin_list>
<bind>
<StgValue><ssdm name="_ssdm_op_SpecLoopName"/></StgValue>
</bind>
</comp>

<comp id="112" class="1001" name="const_112">
<pin_list>
<pin id="113" dir="1" index="0" bw="1" slack="2147483647"/>
</pin_list>
<bind>
<StgValue><ssdm name="L2_W_L2_IN_str"/></StgValue>
</bind>
</comp>

<comp id="114" class="1001" name="const_114">
<pin_list>
<pin id="115" dir="1" index="0" bw="1" slack="2147483647"/>
</pin_list>
<bind>
<StgValue><ssdm name="_ssdm_op_SpecLoopTripCount"/></StgValue>
</bind>
</comp>

<comp id="116" class="1001" name="const_116">
<pin_list>
<pin id="117" dir="1" index="0" bw="1" slack="2147483647"/>
</pin_list>
<bind>
<StgValue><ssdm name=""/></StgValue>
</bind>
</comp>

<comp id="118" class="1001" name="const_118">
<pin_list>
<pin id="119" dir="1" index="0" bw="1" slack="2147483647"/>
</pin_list>
<bind>
<StgValue><ssdm name="_ssdm_op_SpecPipeline"/></StgValue>
</bind>
</comp>

<comp id="120" class="1001" name="const_120">
<pin_list>
<pin id="121" dir="1" index="0" bw="1" slack="0"/>
</pin_list>
<bind>
<StgValue><ssdm name=""/></StgValue>
</bind>
</comp>

<comp id="122" class="1001" name="const_122">
<pin_list>
<pin id="123" dir="1" index="0" bw="1" slack="0"/>
</pin_list>
<bind>
<StgValue><ssdm name=""/></StgValue>
</bind>
</comp>

<comp id="124" class="1004" name="acc_5_fu_124">
<pin_list>
<pin id="125" dir="0" index="0" bw="1" slack="0"/>
<pin id="126" dir="1" index="1" bw="32" slack="0"/>
</pin_list>
<bind>
<opcode="alloca(26) " fcode="alloca"/>
<opset="acc_5/1 "/>
</bind>
</comp>

<comp id="128" class="1004" name="i_fu_128">
<pin_list>
<pin id="129" dir="0" index="0" bw="1" slack="0"/>
<pin id="130" dir="1" index="1" bw="9" slack="0"/>
</pin_list>
<bind>
<opcode="alloca(26) " fcode="alloca"/>
<opset="i/1 "/>
</bind>
</comp>

<comp id="132" class="1004" name="o_2_fu_132">
<pin_list>
<pin id="133" dir="0" index="0" bw="1" slack="0"/>
<pin id="134" dir="1" index="1" bw="9" slack="0"/>
</pin_list>
<bind>
<opcode="alloca(26) " fcode="alloca"/>
<opset="o_2/1 "/>
</bind>
</comp>

<comp id="136" class="1004" name="indvar_flatten6_fu_136">
<pin_list>
<pin id="137" dir="0" index="0" bw="1" slack="0"/>
<pin id="138" dir="1" index="1" bw="17" slack="0"/>
</pin_list>
<bind>
<opcode="alloca(26) " fcode="alloca"/>
<opset="indvar_flatten6/1 "/>
</bind>
</comp>

<comp id="140" class="1004" name="empty_read_fu_140">
<pin_list>
<pin id="141" dir="0" index="0" bw="44" slack="0"/>
<pin id="142" dir="0" index="1" bw="32" slack="0"/>
<pin id="143" dir="0" index="2" bw="4" slack="0"/>
<pin id="144" dir="0" index="3" bw="4" slack="0"/>
<pin id="145" dir="0" index="4" bw="1" slack="0"/>
<pin id="146" dir="0" index="5" bw="1" slack="0"/>
<pin id="147" dir="0" index="6" bw="1" slack="0"/>
<pin id="148" dir="0" index="7" bw="1" slack="0"/>
<pin id="149" dir="1" index="8" bw="44" slack="0"/>
</pin_list>
<bind>
<opcode="read(1150) " fcode="read"/>
<opset="empty/2 "/>
</bind>
</comp>

<comp id="158" class="1004" name="act1_addr_gep_fu_158">
<pin_list>
<pin id="159" dir="0" index="0" bw="16" slack="0"/>
<pin id="160" dir="0" index="1" bw="1" slack="0"/>
<pin id="161" dir="0" index="2" bw="9" slack="0"/>
<pin id="162" dir="1" index="3" bw="8" slack="0"/>
</pin_list>
<bind>
<opcode="getelementptr(29) " fcode="getelementptr"/>
<opset="act1_addr/1 "/>
</bind>
</comp>

<comp id="165" class="1004" name="grp_access_fu_165">
<pin_list>
<pin id="166" dir="0" index="0" bw="8" slack="0"/>
<pin id="167" dir="0" index="1" bw="16" slack="2147483647"/>
<pin id="168" dir="0" index="2" bw="0" slack="2147483647"/>
<pin id="169" dir="1" index="3" bw="16" slack="0"/>
</pin_list>
<bind>
<opcode="load(27) " fcode="load"/>
<opset="act1_load/1 "/>
</bind>
</comp>

<comp id="171" class="1004" name="act2_addr_gep_fu_171">
<pin_list>
<pin id="172" dir="0" index="0" bw="16" slack="0"/>
<pin id="173" dir="0" index="1" bw="1" slack="0"/>
<pin id="174" dir="0" index="2" bw="9" slack="0"/>
<pin id="175" dir="1" index="3" bw="8" slack="0"/>
</pin_list>
<bind>
<opcode="getelementptr(29) " fcode="getelementptr"/>
<opset="act2_addr/5 "/>
</bind>
</comp>

<comp id="178" class="1004" name="store_ln51_access_fu_178">
<pin_list>
<pin id="179" dir="0" index="0" bw="8" slack="0"/>
<pin id="180" dir="0" index="1" bw="16" slack="0"/>
<pin id="181" dir="0" index="2" bw="0" slack="2147483647"/>
<pin id="182" dir="1" index="3" bw="16" slack="2147483647"/>
</pin_list>
<bind>
<opcode="store(28) " fcode="store"/>
<opset="store_ln51/5 "/>
</bind>
</comp>

<comp id="184" class="1004" name="mul_ln49_fu_184">
<pin_list>
<pin id="185" dir="0" index="0" bw="26" slack="0"/>
<pin id="186" dir="0" index="1" bw="26" slack="0"/>
<pin id="187" dir="1" index="2" bw="52" slack="1"/>
</pin_list>
<bind>
<opcode="mul(12) " fcode="mul"/>
<opset="mul_ln49/2 "/>
</bind>
</comp>

<comp id="188" class="1004" name="store_ln0_store_fu_188">
<pin_list>
<pin id="189" dir="0" index="0" bw="1" slack="0"/>
<pin id="190" dir="0" index="1" bw="17" slack="0"/>
<pin id="191" dir="1" index="2" bw="0" slack="2147483647"/>
</pin_list>
<bind>
<opcode="store(28) " fcode="store"/>
<opset="store_ln0/1 "/>
</bind>
</comp>

<comp id="193" class="1004" name="store_ln44_store_fu_193">
<pin_list>
<pin id="194" dir="0" index="0" bw="1" slack="0"/>
<pin id="195" dir="0" index="1" bw="9" slack="0"/>
<pin id="196" dir="1" index="2" bw="0" slack="2147483647"/>
</pin_list>
<bind>
<opcode="store(28) " fcode="store"/>
<opset="store_ln44/1 "/>
</bind>
</comp>

<comp id="198" class="1004" name="store_ln46_store_fu_198">
<pin_list>
<pin id="199" dir="0" index="0" bw="1" slack="0"/>
<pin id="200" dir="0" index="1" bw="9" slack="0"/>
<pin id="201" dir="1" index="2" bw="0" slack="2147483647"/>
</pin_list>
<bind>
<opcode="store(28) " fcode="store"/>
<opset="store_ln46/1 "/>
</bind>
</comp>

<comp id="203" class="1004" name="store_ln45_store_fu_203">
<pin_list>
<pin id="204" dir="0" index="0" bw="1" slack="0"/>
<pin id="205" dir="0" index="1" bw="32" slack="0"/>
<pin id="206" dir="1" index="2" bw="0" slack="2147483647"/>
</pin_list>
<bind>
<opcode="store(28) " fcode="store"/>
<opset="store_ln45/1 "/>
</bind>
</comp>

<comp id="208" class="1004" name="indvar_flatten6_load_load_fu_208">
<pin_list>
<pin id="209" dir="0" index="0" bw="17" slack="0"/>
<pin id="210" dir="1" index="1" bw="17" slack="0"/>
</pin_list>
<bind>
<opcode="load(27) " fcode="load"/>
<opset="indvar_flatten6_load/1 "/>
</bind>
</comp>

<comp id="211" class="1004" name="icmp_ln44_fu_211">
<pin_list>
<pin id="212" dir="0" index="0" bw="17" slack="0"/>
<pin id="213" dir="0" index="1" bw="17" slack="0"/>
<pin id="214" dir="1" index="2" bw="1" slack="3"/>
</pin_list>
<bind>
<opcode="icmp(45) " fcode="icmp"/>
<opset="icmp_ln44/1 "/>
</bind>
</comp>

<comp id="217" class="1004" name="add_ln44_fu_217">
<pin_list>
<pin id="218" dir="0" index="0" bw="17" slack="0"/>
<pin id="219" dir="0" index="1" bw="1" slack="0"/>
<pin id="220" dir="1" index="2" bw="17" slack="0"/>
</pin_list>
<bind>
<opcode="add(8) " fcode="add"/>
<opset="add_ln44/1 "/>
</bind>
</comp>

<comp id="223" class="1004" name="i_load_load_fu_223">
<pin_list>
<pin id="224" dir="0" index="0" bw="9" slack="0"/>
<pin id="225" dir="1" index="1" bw="9" slack="0"/>
</pin_list>
<bind>
<opcode="load(27) " fcode="load"/>
<opset="i_load/1 "/>
</bind>
</comp>

<comp id="226" class="1004" name="icmp_ln46_fu_226">
<pin_list>
<pin id="227" dir="0" index="0" bw="9" slack="0"/>
<pin id="228" dir="0" index="1" bw="9" slack="0"/>
<pin id="229" dir="1" index="2" bw="1" slack="0"/>
</pin_list>
<bind>
<opcode="icmp(45) " fcode="icmp"/>
<opset="icmp_ln46/1 "/>
</bind>
</comp>

<comp id="232" class="1004" name="select_ln44_fu_232">
<pin_list>
<pin id="233" dir="0" index="0" bw="1" slack="0"/>
<pin id="234" dir="0" index="1" bw="9" slack="0"/>
<pin id="235" dir="0" index="2" bw="9" slack="0"/>
<pin id="236" dir="1" index="3" bw="9" slack="0"/>
</pin_list>
<bind>
<opcode="select(49) " fcode="select"/>
<opset="select_ln44/1 "/>
</bind>
</comp>

<comp id="240" class="1004" name="zext_ln46_fu_240">
<pin_list>
<pin id="241" dir="0" index="0" bw="9" slack="0"/>
<pin id="242" dir="1" index="1" bw="64" slack="0"/>
</pin_list>
<bind>
<opcode="zext(34) " fcode="zext"/>
<opset="zext_ln46/1 "/>
</bind>
</comp>

<comp id="245" class="1004" name="add_ln46_fu_245">
<pin_list>
<pin id="246" dir="0" index="0" bw="9" slack="0"/>
<pin id="247" dir="0" index="1" bw="1" slack="0"/>
<pin id="248" dir="1" index="2" bw="9" slack="0"/>
</pin_list>
<bind>
<opcode="add(8) " fcode="add"/>
<opset="add_ln46/1 "/>
</bind>
</comp>

<comp id="251" class="1004" name="store_ln44_store_fu_251">
<pin_list>
<pin id="252" dir="0" index="0" bw="17" slack="0"/>
<pin id="253" dir="0" index="1" bw="17" slack="0"/>
<pin id="254" dir="1" index="2" bw="0" slack="2147483647"/>
</pin_list>
<bind>
<opcode="store(28) " fcode="store"/>
<opset="store_ln44/1 "/>
</bind>
</comp>

<comp id="256" class="1004" name="store_ln46_store_fu_256">
<pin_list>
<pin id="257" dir="0" index="0" bw="9" slack="0"/>
<pin id="258" dir="0" index="1" bw="9" slack="0"/>
<pin id="259" dir="1" index="2" bw="0" slack="2147483647"/>
</pin_list>
<bind>
<opcode="store(28) " fcode="store"/>
<opset="store_ln46/1 "/>
</bind>
</comp>

<comp id="261" class="1004" name="p_s_fu_261">
<pin_list>
<pin id="262" dir="0" index="0" bw="44" slack="0"/>
<pin id="263" dir="1" index="1" bw="32" slack="0"/>
</pin_list>
<bind>
<opcode="extractvalue(56) " fcode="extractvalue"/>
<opset="p_s/2 "/>
</bind>
</comp>

<comp id="265" class="1004" name="trunc_ln49_fu_265">
<pin_list>
<pin id="266" dir="0" index="0" bw="32" slack="0"/>
<pin id="267" dir="1" index="1" bw="16" slack="0"/>
</pin_list>
<bind>
<opcode="trunc(33) " fcode="trunc"/>
<opset="trunc_ln49/2 "/>
</bind>
</comp>

<comp id="269" class="1004" name="shl_ln2_fu_269">
<pin_list>
<pin id="270" dir="0" index="0" bw="26" slack="0"/>
<pin id="271" dir="0" index="1" bw="16" slack="0"/>
<pin id="272" dir="0" index="2" bw="1" slack="0"/>
<pin id="273" dir="1" index="3" bw="26" slack="0"/>
</pin_list>
<bind>
<opcode="bitconcatenate(1004) " fcode="bitconcatenate"/>
<opset="shl_ln2/2 "/>
</bind>
</comp>

<comp id="277" class="1004" name="shl_ln49_1_fu_277">
<pin_list>
<pin id="278" dir="0" index="0" bw="26" slack="0"/>
<pin id="279" dir="0" index="1" bw="16" slack="0"/>
<pin id="280" dir="0" index="2" bw="1" slack="0"/>
<pin id="281" dir="1" index="3" bw="26" slack="0"/>
</pin_list>
<bind>
<opcode="bitconcatenate(1004) " fcode="bitconcatenate"/>
<opset="shl_ln49_1/2 "/>
</bind>
</comp>

<comp id="285" class="1004" name="sext_ln49_fu_285">
<pin_list>
<pin id="286" dir="0" index="0" bw="26" slack="0"/>
<pin id="287" dir="1" index="1" bw="52" slack="0"/>
</pin_list>
<bind>
<opcode="sext(35) " fcode="sext"/>
<opset="sext_ln49/2 "/>
</bind>
</comp>

<comp id="290" class="1004" name="sext_ln49_1_fu_290">
<pin_list>
<pin id="291" dir="0" index="0" bw="26" slack="0"/>
<pin id="292" dir="1" index="1" bw="52" slack="0"/>
</pin_list>
<bind>
<opcode="sext(35) " fcode="sext"/>
<opset="sext_ln49_1/2 "/>
</bind>
</comp>

<comp id="295" class="1004" name="icmp_ln46_1_fu_295">
<pin_list>
<pin id="296" dir="0" index="0" bw="9" slack="1"/>
<pin id="297" dir="0" index="1" bw="9" slack="0"/>
<pin id="298" dir="1" index="2" bw="1" slack="3"/>
</pin_list>
<bind>
<opcode="icmp(45) " fcode="icmp"/>
<opset="icmp_ln46_1/2 "/>
</bind>
</comp>

<comp id="300" class="1004" name="acc_5_load_load_fu_300">
<pin_list>
<pin id="301" dir="0" index="0" bw="32" slack="2"/>
<pin id="302" dir="1" index="1" bw="32" slack="0"/>
</pin_list>
<bind>
<opcode="load(27) " fcode="load"/>
<opset="acc_5_load/3 "/>
</bind>
</comp>

<comp id="303" class="1004" name="select_ln44_2_fu_303">
<pin_list>
<pin id="304" dir="0" index="0" bw="1" slack="2"/>
<pin id="305" dir="0" index="1" bw="32" slack="0"/>
<pin id="306" dir="0" index="2" bw="32" slack="0"/>
<pin id="307" dir="1" index="3" bw="32" slack="0"/>
</pin_list>
<bind>
<opcode="select(49) " fcode="select"/>
<opset="select_ln44_2/3 "/>
</bind>
</comp>

<comp id="310" class="1004" name="shl_ln49_2_fu_310">
<pin_list>
<pin id="311" dir="0" index="0" bw="52" slack="0"/>
<pin id="312" dir="0" index="1" bw="32" slack="0"/>
<pin id="313" dir="0" index="2" bw="1" slack="0"/>
<pin id="314" dir="1" index="3" bw="52" slack="0"/>
</pin_list>
<bind>
<opcode="bitconcatenate(1004) " fcode="bitconcatenate"/>
<opset="shl_ln49_2/3 "/>
</bind>
</comp>

<comp id="318" class="1004" name="sext_ln49_2_fu_318">
<pin_list>
<pin id="319" dir="0" index="0" bw="52" slack="0"/>
<pin id="320" dir="1" index="1" bw="53" slack="0"/>
</pin_list>
<bind>
<opcode="sext(35) " fcode="sext"/>
<opset="sext_ln49_2/3 "/>
</bind>
</comp>

<comp id="322" class="1004" name="sext_ln49_3_fu_322">
<pin_list>
<pin id="323" dir="0" index="0" bw="52" slack="1"/>
<pin id="324" dir="1" index="1" bw="53" slack="0"/>
</pin_list>
<bind>
<opcode="sext(35) " fcode="sext"/>
<opset="sext_ln49_3/3 "/>
</bind>
</comp>

<comp id="325" class="1004" name="add_ln49_1_fu_325">
<pin_list>
<pin id="326" dir="0" index="0" bw="52" slack="0"/>
<pin id="327" dir="0" index="1" bw="52" slack="1"/>
<pin id="328" dir="1" index="2" bw="52" slack="0"/>
</pin_list>
<bind>
<opcode="add(8) " fcode="add"/>
<opset="add_ln49_1/3 "/>
</bind>
</comp>

<comp id="330" class="1004" name="add_ln49_fu_330">
<pin_list>
<pin id="331" dir="0" index="0" bw="52" slack="0"/>
<pin id="332" dir="0" index="1" bw="52" slack="0"/>
<pin id="333" dir="1" index="2" bw="53" slack="0"/>
</pin_list>
<bind>
<opcode="add(8) " fcode="add"/>
<opset="add_ln49/3 "/>
</bind>
</comp>

<comp id="336" class="1004" name="tmp_fu_336">
<pin_list>
<pin id="337" dir="0" index="0" bw="1" slack="0"/>
<pin id="338" dir="0" index="1" bw="53" slack="0"/>
<pin id="339" dir="0" index="2" bw="7" slack="0"/>
<pin id="340" dir="1" index="3" bw="1" slack="0"/>
</pin_list>
<bind>
<opcode="bitselect(1000) " fcode="bitselect"/>
<opset="tmp/3 "/>
</bind>
</comp>

<comp id="344" class="1004" name="acc_fu_344">
<pin_list>
<pin id="345" dir="0" index="0" bw="32" slack="0"/>
<pin id="346" dir="0" index="1" bw="52" slack="0"/>
<pin id="347" dir="0" index="2" bw="6" slack="0"/>
<pin id="348" dir="0" index="3" bw="7" slack="0"/>
<pin id="349" dir="1" index="4" bw="32" slack="0"/>
</pin_list>
<bind>
<opcode="partselect(1002) " fcode="partselect"/>
<opset="acc/3 "/>
</bind>
</comp>

<comp id="354" class="1004" name="tmp_20_fu_354">
<pin_list>
<pin id="355" dir="0" index="0" bw="1" slack="0"/>
<pin id="356" dir="0" index="1" bw="52" slack="1"/>
<pin id="357" dir="0" index="2" bw="6" slack="0"/>
<pin id="358" dir="1" index="3" bw="1" slack="0"/>
</pin_list>
<bind>
<opcode="bitselect(1000) " fcode="bitselect"/>
<opset="tmp_20/3 "/>
</bind>
</comp>

<comp id="361" class="1004" name="tmp_21_fu_361">
<pin_list>
<pin id="362" dir="0" index="0" bw="1" slack="0"/>
<pin id="363" dir="0" index="1" bw="52" slack="0"/>
<pin id="364" dir="0" index="2" bw="7" slack="0"/>
<pin id="365" dir="1" index="3" bw="1" slack="0"/>
</pin_list>
<bind>
<opcode="bitselect(1000) " fcode="bitselect"/>
<opset="tmp_21/3 "/>
</bind>
</comp>

<comp id="369" class="1004" name="and_ln49_fu_369">
<pin_list>
<pin id="370" dir="0" index="0" bw="1" slack="0"/>
<pin id="371" dir="0" index="1" bw="1" slack="0"/>
<pin id="372" dir="1" index="2" bw="1" slack="0"/>
</pin_list>
<bind>
<opcode="and(23) " fcode="and"/>
<opset="and_ln49/3 "/>
</bind>
</comp>

<comp id="375" class="1004" name="zext_ln49_fu_375">
<pin_list>
<pin id="376" dir="0" index="0" bw="1" slack="0"/>
<pin id="377" dir="1" index="1" bw="32" slack="0"/>
</pin_list>
<bind>
<opcode="zext(34) " fcode="zext"/>
<opset="zext_ln49/3 "/>
</bind>
</comp>

<comp id="379" class="1004" name="acc_7_fu_379">
<pin_list>
<pin id="380" dir="0" index="0" bw="32" slack="0"/>
<pin id="381" dir="0" index="1" bw="1" slack="0"/>
<pin id="382" dir="1" index="2" bw="32" slack="0"/>
</pin_list>
<bind>
<opcode="add(8) " fcode="add"/>
<opset="acc_7/3 "/>
</bind>
</comp>

<comp id="385" class="1004" name="tmp_22_fu_385">
<pin_list>
<pin id="386" dir="0" index="0" bw="1" slack="0"/>
<pin id="387" dir="0" index="1" bw="32" slack="0"/>
<pin id="388" dir="0" index="2" bw="6" slack="0"/>
<pin id="389" dir="1" index="3" bw="1" slack="0"/>
</pin_list>
<bind>
<opcode="bitselect(1000) " fcode="bitselect"/>
<opset="tmp_22/3 "/>
</bind>
</comp>

<comp id="393" class="1004" name="xor_ln49_fu_393">
<pin_list>
<pin id="394" dir="0" index="0" bw="1" slack="0"/>
<pin id="395" dir="0" index="1" bw="1" slack="0"/>
<pin id="396" dir="1" index="2" bw="1" slack="0"/>
</pin_list>
<bind>
<opcode="xor(25) " fcode="xor"/>
<opset="xor_ln49/3 "/>
</bind>
</comp>

<comp id="399" class="1004" name="and_ln49_1_fu_399">
<pin_list>
<pin id="400" dir="0" index="0" bw="1" slack="0"/>
<pin id="401" dir="0" index="1" bw="1" slack="0"/>
<pin id="402" dir="1" index="2" bw="1" slack="0"/>
</pin_list>
<bind>
<opcode="and(23) " fcode="and"/>
<opset="and_ln49_1/3 "/>
</bind>
</comp>

<comp id="405" class="1004" name="xor_ln49_2_fu_405">
<pin_list>
<pin id="406" dir="0" index="0" bw="1" slack="0"/>
<pin id="407" dir="0" index="1" bw="1" slack="0"/>
<pin id="408" dir="1" index="2" bw="1" slack="0"/>
</pin_list>
<bind>
<opcode="xor(25) " fcode="xor"/>
<opset="xor_ln49_2/3 "/>
</bind>
</comp>

<comp id="411" class="1004" name="or_ln49_fu_411">
<pin_list>
<pin id="412" dir="0" index="0" bw="1" slack="0"/>
<pin id="413" dir="0" index="1" bw="1" slack="0"/>
<pin id="414" dir="1" index="2" bw="1" slack="0"/>
</pin_list>
<bind>
<opcode="or(24) " fcode="or"/>
<opset="or_ln49/3 "/>
</bind>
</comp>

<comp id="417" class="1004" name="xor_ln49_1_fu_417">
<pin_list>
<pin id="418" dir="0" index="0" bw="1" slack="0"/>
<pin id="419" dir="0" index="1" bw="1" slack="0"/>
<pin id="420" dir="1" index="2" bw="1" slack="0"/>
</pin_list>
<bind>
<opcode="xor(25) " fcode="xor"/>
<opset="xor_ln49_1/3 "/>
</bind>
</comp>

<comp id="423" class="1004" name="xor_ln49_4_fu_423">
<pin_list>
<pin id="424" dir="0" index="0" bw="1" slack="0"/>
<pin id="425" dir="0" index="1" bw="1" slack="0"/>
<pin id="426" dir="1" index="2" bw="1" slack="0"/>
</pin_list>
<bind>
<opcode="xor(25) " fcode="xor"/>
<opset="xor_ln49_4/3 "/>
</bind>
</comp>

<comp id="429" class="1004" name="xor_ln49_3_fu_429">
<pin_list>
<pin id="430" dir="0" index="0" bw="1" slack="0"/>
<pin id="431" dir="0" index="1" bw="1" slack="0"/>
<pin id="432" dir="1" index="2" bw="1" slack="0"/>
</pin_list>
<bind>
<opcode="xor(25) " fcode="xor"/>
<opset="xor_ln49_3/3 "/>
</bind>
</comp>

<comp id="435" class="1004" name="or_ln49_1_fu_435">
<pin_list>
<pin id="436" dir="0" index="0" bw="1" slack="0"/>
<pin id="437" dir="0" index="1" bw="1" slack="0"/>
<pin id="438" dir="1" index="2" bw="1" slack="0"/>
</pin_list>
<bind>
<opcode="or(24) " fcode="or"/>
<opset="or_ln49_1/3 "/>
</bind>
</comp>

<comp id="441" class="1004" name="and_ln49_2_fu_441">
<pin_list>
<pin id="442" dir="0" index="0" bw="1" slack="0"/>
<pin id="443" dir="0" index="1" bw="1" slack="0"/>
<pin id="444" dir="1" index="2" bw="1" slack="0"/>
</pin_list>
<bind>
<opcode="and(23) " fcode="and"/>
<opset="and_ln49_2/3 "/>
</bind>
</comp>

<comp id="447" class="1004" name="or_ln49_3_fu_447">
<pin_list>
<pin id="448" dir="0" index="0" bw="1" slack="0"/>
<pin id="449" dir="0" index="1" bw="1" slack="0"/>
<pin id="450" dir="1" index="2" bw="1" slack="0"/>
</pin_list>
<bind>
<opcode="or(24) " fcode="or"/>
<opset="or_ln49_3/3 "/>
</bind>
</comp>

<comp id="453" class="1004" name="xor_ln49_5_fu_453">
<pin_list>
<pin id="454" dir="0" index="0" bw="1" slack="0"/>
<pin id="455" dir="0" index="1" bw="1" slack="0"/>
<pin id="456" dir="1" index="2" bw="1" slack="0"/>
</pin_list>
<bind>
<opcode="xor(25) " fcode="xor"/>
<opset="xor_ln49_5/3 "/>
</bind>
</comp>

<comp id="459" class="1004" name="and_ln49_3_fu_459">
<pin_list>
<pin id="460" dir="0" index="0" bw="1" slack="0"/>
<pin id="461" dir="0" index="1" bw="1" slack="0"/>
<pin id="462" dir="1" index="2" bw="1" slack="0"/>
</pin_list>
<bind>
<opcode="and(23) " fcode="and"/>
<opset="and_ln49_3/3 "/>
</bind>
</comp>

<comp id="465" class="1004" name="select_ln49_fu_465">
<pin_list>
<pin id="466" dir="0" index="0" bw="1" slack="0"/>
<pin id="467" dir="0" index="1" bw="32" slack="0"/>
<pin id="468" dir="0" index="2" bw="32" slack="0"/>
<pin id="469" dir="1" index="3" bw="32" slack="0"/>
</pin_list>
<bind>
<opcode="select(49) " fcode="select"/>
<opset="select_ln49/3 "/>
</bind>
</comp>

<comp id="473" class="1004" name="or_ln49_2_fu_473">
<pin_list>
<pin id="474" dir="0" index="0" bw="1" slack="0"/>
<pin id="475" dir="0" index="1" bw="1" slack="0"/>
<pin id="476" dir="1" index="2" bw="1" slack="0"/>
</pin_list>
<bind>
<opcode="or(24) " fcode="or"/>
<opset="or_ln49_2/3 "/>
</bind>
</comp>

<comp id="479" class="1004" name="acc_8_fu_479">
<pin_list>
<pin id="480" dir="0" index="0" bw="1" slack="0"/>
<pin id="481" dir="0" index="1" bw="32" slack="0"/>
<pin id="482" dir="0" index="2" bw="32" slack="0"/>
<pin id="483" dir="1" index="3" bw="32" slack="0"/>
</pin_list>
<bind>
<opcode="select(49) " fcode="select"/>
<opset="acc_8/3 "/>
</bind>
</comp>

<comp id="487" class="1004" name="tmp_23_fu_487">
<pin_list>
<pin id="488" dir="0" index="0" bw="1" slack="0"/>
<pin id="489" dir="0" index="1" bw="32" slack="0"/>
<pin id="490" dir="0" index="2" bw="6" slack="0"/>
<pin id="491" dir="1" index="3" bw="1" slack="1"/>
</pin_list>
<bind>
<opcode="bitselect(1000) " fcode="bitselect"/>
<opset="tmp_23/3 "/>
</bind>
</comp>

<comp id="495" class="1004" name="trunc_ln51_fu_495">
<pin_list>
<pin id="496" dir="0" index="0" bw="32" slack="0"/>
<pin id="497" dir="1" index="1" bw="9" slack="1"/>
</pin_list>
<bind>
<opcode="trunc(33) " fcode="trunc"/>
<opset="trunc_ln51/3 "/>
</bind>
</comp>

<comp id="499" class="1004" name="tmp_s_fu_499">
<pin_list>
<pin id="500" dir="0" index="0" bw="5" slack="0"/>
<pin id="501" dir="0" index="1" bw="32" slack="0"/>
<pin id="502" dir="0" index="2" bw="6" slack="0"/>
<pin id="503" dir="1" index="3" bw="5" slack="1"/>
</pin_list>
<bind>
<opcode="partselect(1002) " fcode="partselect"/>
<opset="tmp_s/3 "/>
</bind>
</comp>

<comp id="507" class="1004" name="tmp_11_fu_507">
<pin_list>
<pin id="508" dir="0" index="0" bw="6" slack="0"/>
<pin id="509" dir="0" index="1" bw="32" slack="0"/>
<pin id="510" dir="0" index="2" bw="6" slack="0"/>
<pin id="511" dir="1" index="3" bw="6" slack="1"/>
</pin_list>
<bind>
<opcode="partselect(1002) " fcode="partselect"/>
<opset="tmp_11/3 "/>
</bind>
</comp>

<comp id="515" class="1004" name="store_ln45_store_fu_515">
<pin_list>
<pin id="516" dir="0" index="0" bw="32" slack="0"/>
<pin id="517" dir="0" index="1" bw="32" slack="2"/>
<pin id="518" dir="1" index="2" bw="0" slack="2147483647"/>
</pin_list>
<bind>
<opcode="store(28) " fcode="store"/>
<opset="store_ln45/3 "/>
</bind>
</comp>

<comp id="520" class="1004" name="trunc_ln1_fu_520">
<pin_list>
<pin id="521" dir="0" index="0" bw="16" slack="0"/>
<pin id="522" dir="0" index="1" bw="32" slack="1"/>
<pin id="523" dir="0" index="2" bw="5" slack="0"/>
<pin id="524" dir="0" index="3" bw="6" slack="0"/>
<pin id="525" dir="1" index="4" bw="16" slack="0"/>
</pin_list>
<bind>
<opcode="partselect(1002) " fcode="partselect"/>
<opset="trunc_ln1/4 "/>
</bind>
</comp>

<comp id="529" class="1004" name="tmp_24_fu_529">
<pin_list>
<pin id="530" dir="0" index="0" bw="1" slack="0"/>
<pin id="531" dir="0" index="1" bw="32" slack="1"/>
<pin id="532" dir="0" index="2" bw="5" slack="0"/>
<pin id="533" dir="1" index="3" bw="1" slack="0"/>
</pin_list>
<bind>
<opcode="bitselect(1000) " fcode="bitselect"/>
<opset="tmp_24/4 "/>
</bind>
</comp>

<comp id="536" class="1004" name="icmp_ln51_fu_536">
<pin_list>
<pin id="537" dir="0" index="0" bw="9" slack="1"/>
<pin id="538" dir="0" index="1" bw="9" slack="0"/>
<pin id="539" dir="1" index="2" bw="1" slack="0"/>
</pin_list>
<bind>
<opcode="icmp(45) " fcode="icmp"/>
<opset="icmp_ln51/4 "/>
</bind>
</comp>

<comp id="541" class="1004" name="tmp_27_fu_541">
<pin_list>
<pin id="542" dir="0" index="0" bw="1" slack="0"/>
<pin id="543" dir="0" index="1" bw="32" slack="1"/>
<pin id="544" dir="0" index="2" bw="6" slack="0"/>
<pin id="545" dir="1" index="3" bw="1" slack="0"/>
</pin_list>
<bind>
<opcode="bitselect(1000) " fcode="bitselect"/>
<opset="tmp_27/4 "/>
</bind>
</comp>

<comp id="548" class="1004" name="or_ln51_fu_548">
<pin_list>
<pin id="549" dir="0" index="0" bw="1" slack="1"/>
<pin id="550" dir="0" index="1" bw="1" slack="0"/>
<pin id="551" dir="1" index="2" bw="1" slack="0"/>
</pin_list>
<bind>
<opcode="or(24) " fcode="or"/>
<opset="or_ln51/4 "/>
</bind>
</comp>

<comp id="553" class="1004" name="and_ln51_fu_553">
<pin_list>
<pin id="554" dir="0" index="0" bw="1" slack="0"/>
<pin id="555" dir="0" index="1" bw="1" slack="0"/>
<pin id="556" dir="1" index="2" bw="1" slack="0"/>
</pin_list>
<bind>
<opcode="and(23) " fcode="and"/>
<opset="and_ln51/4 "/>
</bind>
</comp>

<comp id="559" class="1004" name="zext_ln51_fu_559">
<pin_list>
<pin id="560" dir="0" index="0" bw="1" slack="0"/>
<pin id="561" dir="1" index="1" bw="16" slack="0"/>
</pin_list>
<bind>
<opcode="zext(34) " fcode="zext"/>
<opset="zext_ln51/4 "/>
</bind>
</comp>

<comp id="563" class="1004" name="add_ln51_fu_563">
<pin_list>
<pin id="564" dir="0" index="0" bw="16" slack="0"/>
<pin id="565" dir="0" index="1" bw="1" slack="0"/>
<pin id="566" dir="1" index="2" bw="16" slack="0"/>
</pin_list>
<bind>
<opcode="add(8) " fcode="add"/>
<opset="add_ln51/4 "/>
</bind>
</comp>

<comp id="569" class="1004" name="tmp_28_fu_569">
<pin_list>
<pin id="570" dir="0" index="0" bw="1" slack="0"/>
<pin id="571" dir="0" index="1" bw="16" slack="0"/>
<pin id="572" dir="0" index="2" bw="5" slack="0"/>
<pin id="573" dir="1" index="3" bw="1" slack="0"/>
</pin_list>
<bind>
<opcode="bitselect(1000) " fcode="bitselect"/>
<opset="tmp_28/4 "/>
</bind>
</comp>

<comp id="577" class="1004" name="xor_ln51_fu_577">
<pin_list>
<pin id="578" dir="0" index="0" bw="1" slack="0"/>
<pin id="579" dir="0" index="1" bw="1" slack="0"/>
<pin id="580" dir="1" index="2" bw="1" slack="0"/>
</pin_list>
<bind>
<opcode="xor(25) " fcode="xor"/>
<opset="xor_ln51/4 "/>
</bind>
</comp>

<comp id="583" class="1004" name="and_ln51_1_fu_583">
<pin_list>
<pin id="584" dir="0" index="0" bw="1" slack="0"/>
<pin id="585" dir="0" index="1" bw="1" slack="0"/>
<pin id="586" dir="1" index="2" bw="1" slack="0"/>
</pin_list>
<bind>
<opcode="and(23) " fcode="and"/>
<opset="and_ln51_1/4 "/>
</bind>
</comp>

<comp id="589" class="1004" name="tmp_29_fu_589">
<pin_list>
<pin id="590" dir="0" index="0" bw="1" slack="0"/>
<pin id="591" dir="0" index="1" bw="32" slack="1"/>
<pin id="592" dir="0" index="2" bw="6" slack="0"/>
<pin id="593" dir="1" index="3" bw="1" slack="0"/>
</pin_list>
<bind>
<opcode="bitselect(1000) " fcode="bitselect"/>
<opset="tmp_29/4 "/>
</bind>
</comp>

<comp id="596" class="1004" name="icmp_ln51_1_fu_596">
<pin_list>
<pin id="597" dir="0" index="0" bw="5" slack="1"/>
<pin id="598" dir="0" index="1" bw="5" slack="0"/>
<pin id="599" dir="1" index="2" bw="1" slack="0"/>
</pin_list>
<bind>
<opcode="icmp(45) " fcode="icmp"/>
<opset="icmp_ln51_1/4 "/>
</bind>
</comp>

<comp id="601" class="1004" name="icmp_ln51_2_fu_601">
<pin_list>
<pin id="602" dir="0" index="0" bw="6" slack="1"/>
<pin id="603" dir="0" index="1" bw="6" slack="0"/>
<pin id="604" dir="1" index="2" bw="1" slack="0"/>
</pin_list>
<bind>
<opcode="icmp(45) " fcode="icmp"/>
<opset="icmp_ln51_2/4 "/>
</bind>
</comp>

<comp id="606" class="1004" name="icmp_ln51_3_fu_606">
<pin_list>
<pin id="607" dir="0" index="0" bw="6" slack="1"/>
<pin id="608" dir="0" index="1" bw="6" slack="0"/>
<pin id="609" dir="1" index="2" bw="1" slack="0"/>
</pin_list>
<bind>
<opcode="icmp(45) " fcode="icmp"/>
<opset="icmp_ln51_3/4 "/>
</bind>
</comp>

<comp id="611" class="1004" name="select_ln51_fu_611">
<pin_list>
<pin id="612" dir="0" index="0" bw="1" slack="0"/>
<pin id="613" dir="0" index="1" bw="1" slack="0"/>
<pin id="614" dir="0" index="2" bw="1" slack="0"/>
<pin id="615" dir="1" index="3" bw="1" slack="0"/>
</pin_list>
<bind>
<opcode="select(49) " fcode="select"/>
<opset="select_ln51/4 "/>
</bind>
</comp>

<comp id="619" class="1004" name="xor_ln51_1_fu_619">
<pin_list>
<pin id="620" dir="0" index="0" bw="1" slack="0"/>
<pin id="621" dir="0" index="1" bw="1" slack="0"/>
<pin id="622" dir="1" index="2" bw="1" slack="0"/>
</pin_list>
<bind>
<opcode="xor(25) " fcode="xor"/>
<opset="xor_ln51_1/4 "/>
</bind>
</comp>

<comp id="625" class="1004" name="and_ln51_2_fu_625">
<pin_list>
<pin id="626" dir="0" index="0" bw="1" slack="0"/>
<pin id="627" dir="0" index="1" bw="1" slack="0"/>
<pin id="628" dir="1" index="2" bw="1" slack="0"/>
</pin_list>
<bind>
<opcode="and(23) " fcode="and"/>
<opset="and_ln51_2/4 "/>
</bind>
</comp>

<comp id="631" class="1004" name="select_ln51_1_fu_631">
<pin_list>
<pin id="632" dir="0" index="0" bw="1" slack="0"/>
<pin id="633" dir="0" index="1" bw="1" slack="0"/>
<pin id="634" dir="0" index="2" bw="1" slack="0"/>
<pin id="635" dir="1" index="3" bw="1" slack="0"/>
</pin_list>
<bind>
<opcode="select(49) " fcode="select"/>
<opset="select_ln51_1/4 "/>
</bind>
</comp>

<comp id="639" class="1004" name="and_ln51_3_fu_639">
<pin_list>
<pin id="640" dir="0" index="0" bw="1" slack="0"/>
<pin id="641" dir="0" index="1" bw="1" slack="0"/>
<pin id="642" dir="1" index="2" bw="1" slack="0"/>
</pin_list>
<bind>
<opcode="and(23) " fcode="and"/>
<opset="and_ln51_3/4 "/>
</bind>
</comp>

<comp id="645" class="1004" name="xor_ln51_2_fu_645">
<pin_list>
<pin id="646" dir="0" index="0" bw="1" slack="0"/>
<pin id="647" dir="0" index="1" bw="1" slack="0"/>
<pin id="648" dir="1" index="2" bw="1" slack="0"/>
</pin_list>
<bind>
<opcode="xor(25) " fcode="xor"/>
<opset="xor_ln51_2/4 "/>
</bind>
</comp>

<comp id="651" class="1004" name="or_ln51_1_fu_651">
<pin_list>
<pin id="652" dir="0" index="0" bw="1" slack="0"/>
<pin id="653" dir="0" index="1" bw="1" slack="0"/>
<pin id="654" dir="1" index="2" bw="1" slack="0"/>
</pin_list>
<bind>
<opcode="or(24) " fcode="or"/>
<opset="or_ln51_1/4 "/>
</bind>
</comp>

<comp id="657" class="1004" name="xor_ln51_3_fu_657">
<pin_list>
<pin id="658" dir="0" index="0" bw="1" slack="1"/>
<pin id="659" dir="0" index="1" bw="1" slack="0"/>
<pin id="660" dir="1" index="2" bw="1" slack="0"/>
</pin_list>
<bind>
<opcode="xor(25) " fcode="xor"/>
<opset="xor_ln51_3/4 "/>
</bind>
</comp>

<comp id="662" class="1004" name="and_ln51_4_fu_662">
<pin_list>
<pin id="663" dir="0" index="0" bw="1" slack="0"/>
<pin id="664" dir="0" index="1" bw="1" slack="0"/>
<pin id="665" dir="1" index="2" bw="1" slack="0"/>
</pin_list>
<bind>
<opcode="and(23) " fcode="and"/>
<opset="and_ln51_4/4 "/>
</bind>
</comp>

<comp id="668" class="1004" name="and_ln51_5_fu_668">
<pin_list>
<pin id="669" dir="0" index="0" bw="1" slack="0"/>
<pin id="670" dir="0" index="1" bw="1" slack="0"/>
<pin id="671" dir="1" index="2" bw="1" slack="0"/>
</pin_list>
<bind>
<opcode="and(23) " fcode="and"/>
<opset="and_ln51_5/4 "/>
</bind>
</comp>

<comp id="674" class="1004" name="or_ln51_3_fu_674">
<pin_list>
<pin id="675" dir="0" index="0" bw="1" slack="0"/>
<pin id="676" dir="0" index="1" bw="1" slack="0"/>
<pin id="677" dir="1" index="2" bw="1" slack="0"/>
</pin_list>
<bind>
<opcode="or(24) " fcode="or"/>
<opset="or_ln51_3/4 "/>
</bind>
</comp>

<comp id="680" class="1004" name="xor_ln51_4_fu_680">
<pin_list>
<pin id="681" dir="0" index="0" bw="1" slack="0"/>
<pin id="682" dir="0" index="1" bw="1" slack="0"/>
<pin id="683" dir="1" index="2" bw="1" slack="0"/>
</pin_list>
<bind>
<opcode="xor(25) " fcode="xor"/>
<opset="xor_ln51_4/4 "/>
</bind>
</comp>

<comp id="686" class="1004" name="and_ln51_6_fu_686">
<pin_list>
<pin id="687" dir="0" index="0" bw="1" slack="1"/>
<pin id="688" dir="0" index="1" bw="1" slack="0"/>
<pin id="689" dir="1" index="2" bw="1" slack="0"/>
</pin_list>
<bind>
<opcode="and(23) " fcode="and"/>
<opset="and_ln51_6/4 "/>
</bind>
</comp>

<comp id="691" class="1004" name="or_ln51_2_fu_691">
<pin_list>
<pin id="692" dir="0" index="0" bw="1" slack="0"/>
<pin id="693" dir="0" index="1" bw="1" slack="0"/>
<pin id="694" dir="1" index="2" bw="1" slack="1"/>
</pin_list>
<bind>
<opcode="or(24) " fcode="or"/>
<opset="or_ln51_2/4 "/>
</bind>
</comp>

<comp id="697" class="1004" name="o_2_load_load_fu_697">
<pin_list>
<pin id="698" dir="0" index="0" bw="9" slack="4"/>
<pin id="699" dir="1" index="1" bw="9" slack="0"/>
</pin_list>
<bind>
<opcode="load(27) " fcode="load"/>
<opset="o_2_load/5 "/>
</bind>
</comp>

<comp id="700" class="1004" name="add_ln44_1_fu_700">
<pin_list>
<pin id="701" dir="0" index="0" bw="9" slack="0"/>
<pin id="702" dir="0" index="1" bw="1" slack="0"/>
<pin id="703" dir="1" index="2" bw="9" slack="0"/>
</pin_list>
<bind>
<opcode="add(8) " fcode="add"/>
<opset="add_ln44_1/5 "/>
</bind>
</comp>

<comp id="706" class="1004" name="select_ln44_1_fu_706">
<pin_list>
<pin id="707" dir="0" index="0" bw="1" slack="4"/>
<pin id="708" dir="0" index="1" bw="9" slack="0"/>
<pin id="709" dir="0" index="2" bw="9" slack="0"/>
<pin id="710" dir="1" index="3" bw="9" slack="0"/>
</pin_list>
<bind>
<opcode="select(49) " fcode="select"/>
<opset="select_ln44_1/5 "/>
</bind>
</comp>

<comp id="713" class="1004" name="zext_ln44_fu_713">
<pin_list>
<pin id="714" dir="0" index="0" bw="9" slack="0"/>
<pin id="715" dir="1" index="1" bw="64" slack="0"/>
</pin_list>
<bind>
<opcode="zext(34) " fcode="zext"/>
<opset="zext_ln44/5 "/>
</bind>
</comp>

<comp id="718" class="1004" name="select_ln51_2_fu_718">
<pin_list>
<pin id="719" dir="0" index="0" bw="1" slack="1"/>
<pin id="720" dir="0" index="1" bw="16" slack="0"/>
<pin id="721" dir="0" index="2" bw="16" slack="0"/>
<pin id="722" dir="1" index="3" bw="16" slack="0"/>
</pin_list>
<bind>
<opcode="select(49) " fcode="select"/>
<opset="select_ln51_2/5 "/>
</bind>
</comp>

<comp id="725" class="1004" name="select_ln51_3_fu_725">
<pin_list>
<pin id="726" dir="0" index="0" bw="1" slack="1"/>
<pin id="727" dir="0" index="1" bw="16" slack="0"/>
<pin id="728" dir="0" index="2" bw="16" slack="1"/>
<pin id="729" dir="1" index="3" bw="16" slack="0"/>
</pin_list>
<bind>
<opcode="select(49) " fcode="select"/>
<opset="select_ln51_3/5 "/>
</bind>
</comp>

<comp id="732" class="1004" name="store_ln44_store_fu_732">
<pin_list>
<pin id="733" dir="0" index="0" bw="9" slack="0"/>
<pin id="734" dir="0" index="1" bw="9" slack="4"/>
<pin id="735" dir="1" index="2" bw="0" slack="2147483647"/>
</pin_list>
<bind>
<opcode="store(28) " fcode="store"/>
<opset="store_ln44/5 "/>
</bind>
</comp>

<comp id="737" class="1005" name="acc_5_reg_737">
<pin_list>
<pin id="738" dir="0" index="0" bw="32" slack="0"/>
<pin id="739" dir="1" index="1" bw="32" slack="0"/>
</pin_list>
<bind>
<opset="acc_5 "/>
</bind>
</comp>

<comp id="744" class="1005" name="i_reg_744">
<pin_list>
<pin id="745" dir="0" index="0" bw="9" slack="0"/>
<pin id="746" dir="1" index="1" bw="9" slack="0"/>
</pin_list>
<bind>
<opset="i "/>
</bind>
</comp>

<comp id="751" class="1005" name="o_2_reg_751">
<pin_list>
<pin id="752" dir="0" index="0" bw="9" slack="0"/>
<pin id="753" dir="1" index="1" bw="9" slack="0"/>
</pin_list>
<bind>
<opset="o_2 "/>
</bind>
</comp>

<comp id="758" class="1005" name="indvar_flatten6_reg_758">
<pin_list>
<pin id="759" dir="0" index="0" bw="17" slack="0"/>
<pin id="760" dir="1" index="1" bw="17" slack="0"/>
</pin_list>
<bind>
<opset="indvar_flatten6 "/>
</bind>
</comp>

<comp id="765" class="1005" name="icmp_ln44_reg_765">
<pin_list>
<pin id="766" dir="0" index="0" bw="1" slack="3"/>
<pin id="767" dir="1" index="1" bw="1" slack="2147483647"/>
</pin_list>
<bind>
<opset="icmp_ln44 "/>
</bind>
</comp>

<comp id="769" class="1005" name="icmp_ln46_reg_769">
<pin_list>
<pin id="770" dir="0" index="0" bw="1" slack="2"/>
<pin id="771" dir="1" index="1" bw="1" slack="2"/>
</pin_list>
<bind>
<opset="icmp_ln46 "/>
</bind>
</comp>

<comp id="775" class="1005" name="act1_addr_reg_775">
<pin_list>
<pin id="776" dir="0" index="0" bw="8" slack="1"/>
<pin id="777" dir="1" index="1" bw="8" slack="1"/>
</pin_list>
<bind>
<opset="act1_addr "/>
</bind>
</comp>

<comp id="780" class="1005" name="add_ln46_reg_780">
<pin_list>
<pin id="781" dir="0" index="0" bw="9" slack="1"/>
<pin id="782" dir="1" index="1" bw="9" slack="1"/>
</pin_list>
<bind>
<opset="add_ln46 "/>
</bind>
</comp>

<comp id="785" class="1005" name="mul_ln49_reg_785">
<pin_list>
<pin id="786" dir="0" index="0" bw="52" slack="1"/>
<pin id="787" dir="1" index="1" bw="52" slack="1"/>
</pin_list>
<bind>
<opset="mul_ln49 "/>
</bind>
</comp>

<comp id="792" class="1005" name="icmp_ln46_1_reg_792">
<pin_list>
<pin id="793" dir="0" index="0" bw="1" slack="3"/>
<pin id="794" dir="1" index="1" bw="1" slack="2147483647"/>
</pin_list>
<bind>
<opset="icmp_ln46_1 "/>
</bind>
</comp>

<comp id="796" class="1005" name="acc_8_reg_796">
<pin_list>
<pin id="797" dir="0" index="0" bw="32" slack="1"/>
<pin id="798" dir="1" index="1" bw="32" slack="1"/>
</pin_list>
<bind>
<opset="acc_8 "/>
</bind>
</comp>

<comp id="804" class="1005" name="tmp_23_reg_804">
<pin_list>
<pin id="805" dir="0" index="0" bw="1" slack="1"/>
<pin id="806" dir="1" index="1" bw="1" slack="1"/>
</pin_list>
<bind>
<opset="tmp_23 "/>
</bind>
</comp>

<comp id="811" class="1005" name="trunc_ln51_reg_811">
<pin_list>
<pin id="812" dir="0" index="0" bw="9" slack="1"/>
<pin id="813" dir="1" index="1" bw="9" slack="1"/>
</pin_list>
<bind>
<opset="trunc_ln51 "/>
</bind>
</comp>

<comp id="816" class="1005" name="tmp_s_reg_816">
<pin_list>
<pin id="817" dir="0" index="0" bw="5" slack="1"/>
<pin id="818" dir="1" index="1" bw="5" slack="1"/>
</pin_list>
<bind>
<opset="tmp_s "/>
</bind>
</comp>

<comp id="821" class="1005" name="tmp_11_reg_821">
<pin_list>
<pin id="822" dir="0" index="0" bw="6" slack="1"/>
<pin id="823" dir="1" index="1" bw="6" slack="1"/>
</pin_list>
<bind>
<opset="tmp_11 "/>
</bind>
</comp>

<comp id="827" class="1005" name="add_ln51_reg_827">
<pin_list>
<pin id="828" dir="0" index="0" bw="16" slack="1"/>
<pin id="829" dir="1" index="1" bw="16" slack="1"/>
</pin_list>
<bind>
<opset="add_ln51 "/>
</bind>
</comp>

<comp id="832" class="1005" name="and_ln51_4_reg_832">
<pin_list>
<pin id="833" dir="0" index="0" bw="1" slack="1"/>
<pin id="834" dir="1" index="1" bw="1" slack="1"/>
</pin_list>
<bind>
<opset="and_ln51_4 "/>
</bind>
</comp>

<comp id="837" class="1005" name="or_ln51_2_reg_837">
<pin_list>
<pin id="838" dir="0" index="0" bw="1" slack="1"/>
<pin id="839" dir="1" index="1" bw="1" slack="1"/>
</pin_list>
<bind>
<opset="or_ln51_2 "/>
</bind>
</comp>

</comp_list>

<net_list>
<net id="127"><net_src comp="18" pin="0"/><net_sink comp="124" pin=0"/></net>

<net id="131"><net_src comp="18" pin="0"/><net_sink comp="128" pin=0"/></net>

<net id="135"><net_src comp="18" pin="0"/><net_sink comp="132" pin=0"/></net>

<net id="139"><net_src comp="18" pin="0"/><net_sink comp="136" pin=0"/></net>

<net id="150"><net_src comp="50" pin="0"/><net_sink comp="140" pin=0"/></net>

<net id="151"><net_src comp="0" pin="0"/><net_sink comp="140" pin=1"/></net>

<net id="152"><net_src comp="2" pin="0"/><net_sink comp="140" pin=2"/></net>

<net id="153"><net_src comp="4" pin="0"/><net_sink comp="140" pin=3"/></net>

<net id="154"><net_src comp="6" pin="0"/><net_sink comp="140" pin=4"/></net>

<net id="155"><net_src comp="8" pin="0"/><net_sink comp="140" pin=5"/></net>

<net id="156"><net_src comp="10" pin="0"/><net_sink comp="140" pin=6"/></net>

<net id="157"><net_src comp="12" pin="0"/><net_sink comp="140" pin=7"/></net>

<net id="163"><net_src comp="14" pin="0"/><net_sink comp="158" pin=0"/></net>

<net id="164"><net_src comp="46" pin="0"/><net_sink comp="158" pin=1"/></net>

<net id="170"><net_src comp="158" pin="3"/><net_sink comp="165" pin=0"/></net>

<net id="176"><net_src comp="16" pin="0"/><net_sink comp="171" pin=0"/></net>

<net id="177"><net_src comp="46" pin="0"/><net_sink comp="171" pin=1"/></net>

<net id="183"><net_src comp="171" pin="3"/><net_sink comp="178" pin=0"/></net>

<net id="192"><net_src comp="36" pin="0"/><net_sink comp="188" pin=0"/></net>

<net id="197"><net_src comp="38" pin="0"/><net_sink comp="193" pin=0"/></net>

<net id="202"><net_src comp="38" pin="0"/><net_sink comp="198" pin=0"/></net>

<net id="207"><net_src comp="28" pin="0"/><net_sink comp="203" pin=0"/></net>

<net id="215"><net_src comp="208" pin="1"/><net_sink comp="211" pin=0"/></net>

<net id="216"><net_src comp="40" pin="0"/><net_sink comp="211" pin=1"/></net>

<net id="221"><net_src comp="208" pin="1"/><net_sink comp="217" pin=0"/></net>

<net id="222"><net_src comp="42" pin="0"/><net_sink comp="217" pin=1"/></net>

<net id="230"><net_src comp="223" pin="1"/><net_sink comp="226" pin=0"/></net>

<net id="231"><net_src comp="44" pin="0"/><net_sink comp="226" pin=1"/></net>

<net id="237"><net_src comp="226" pin="2"/><net_sink comp="232" pin=0"/></net>

<net id="238"><net_src comp="38" pin="0"/><net_sink comp="232" pin=1"/></net>

<net id="239"><net_src comp="223" pin="1"/><net_sink comp="232" pin=2"/></net>

<net id="243"><net_src comp="232" pin="3"/><net_sink comp="240" pin=0"/></net>

<net id="244"><net_src comp="240" pin="1"/><net_sink comp="158" pin=2"/></net>

<net id="249"><net_src comp="232" pin="3"/><net_sink comp="245" pin=0"/></net>

<net id="250"><net_src comp="48" pin="0"/><net_sink comp="245" pin=1"/></net>

<net id="255"><net_src comp="217" pin="2"/><net_sink comp="251" pin=0"/></net>

<net id="260"><net_src comp="245" pin="2"/><net_sink comp="256" pin=0"/></net>

<net id="264"><net_src comp="140" pin="8"/><net_sink comp="261" pin=0"/></net>

<net id="268"><net_src comp="261" pin="1"/><net_sink comp="265" pin=0"/></net>

<net id="274"><net_src comp="52" pin="0"/><net_sink comp="269" pin=0"/></net>

<net id="275"><net_src comp="265" pin="1"/><net_sink comp="269" pin=1"/></net>

<net id="276"><net_src comp="54" pin="0"/><net_sink comp="269" pin=2"/></net>

<net id="282"><net_src comp="52" pin="0"/><net_sink comp="277" pin=0"/></net>

<net id="283"><net_src comp="165" pin="3"/><net_sink comp="277" pin=1"/></net>

<net id="284"><net_src comp="54" pin="0"/><net_sink comp="277" pin=2"/></net>

<net id="288"><net_src comp="269" pin="3"/><net_sink comp="285" pin=0"/></net>

<net id="289"><net_src comp="285" pin="1"/><net_sink comp="184" pin=1"/></net>

<net id="293"><net_src comp="277" pin="3"/><net_sink comp="290" pin=0"/></net>

<net id="294"><net_src comp="290" pin="1"/><net_sink comp="184" pin=0"/></net>

<net id="299"><net_src comp="44" pin="0"/><net_sink comp="295" pin=1"/></net>

<net id="308"><net_src comp="28" pin="0"/><net_sink comp="303" pin=1"/></net>

<net id="309"><net_src comp="300" pin="1"/><net_sink comp="303" pin=2"/></net>

<net id="315"><net_src comp="56" pin="0"/><net_sink comp="310" pin=0"/></net>

<net id="316"><net_src comp="303" pin="3"/><net_sink comp="310" pin=1"/></net>

<net id="317"><net_src comp="58" pin="0"/><net_sink comp="310" pin=2"/></net>

<net id="321"><net_src comp="310" pin="3"/><net_sink comp="318" pin=0"/></net>

<net id="329"><net_src comp="310" pin="3"/><net_sink comp="325" pin=0"/></net>

<net id="334"><net_src comp="318" pin="1"/><net_sink comp="330" pin=0"/></net>

<net id="335"><net_src comp="322" pin="1"/><net_sink comp="330" pin=1"/></net>

<net id="341"><net_src comp="60" pin="0"/><net_sink comp="336" pin=0"/></net>

<net id="342"><net_src comp="330" pin="2"/><net_sink comp="336" pin=1"/></net>

<net id="343"><net_src comp="62" pin="0"/><net_sink comp="336" pin=2"/></net>

<net id="350"><net_src comp="64" pin="0"/><net_sink comp="344" pin=0"/></net>

<net id="351"><net_src comp="325" pin="2"/><net_sink comp="344" pin=1"/></net>

<net id="352"><net_src comp="66" pin="0"/><net_sink comp="344" pin=2"/></net>

<net id="353"><net_src comp="68" pin="0"/><net_sink comp="344" pin=3"/></net>

<net id="359"><net_src comp="70" pin="0"/><net_sink comp="354" pin=0"/></net>

<net id="360"><net_src comp="72" pin="0"/><net_sink comp="354" pin=2"/></net>

<net id="366"><net_src comp="70" pin="0"/><net_sink comp="361" pin=0"/></net>

<net id="367"><net_src comp="325" pin="2"/><net_sink comp="361" pin=1"/></net>

<net id="368"><net_src comp="68" pin="0"/><net_sink comp="361" pin=2"/></net>

<net id="373"><net_src comp="336" pin="3"/><net_sink comp="369" pin=0"/></net>

<net id="374"><net_src comp="354" pin="3"/><net_sink comp="369" pin=1"/></net>

<net id="378"><net_src comp="369" pin="2"/><net_sink comp="375" pin=0"/></net>

<net id="383"><net_src comp="344" pin="4"/><net_sink comp="379" pin=0"/></net>

<net id="384"><net_src comp="375" pin="1"/><net_sink comp="379" pin=1"/></net>

<net id="390"><net_src comp="74" pin="0"/><net_sink comp="385" pin=0"/></net>

<net id="391"><net_src comp="379" pin="2"/><net_sink comp="385" pin=1"/></net>

<net id="392"><net_src comp="76" pin="0"/><net_sink comp="385" pin=2"/></net>

<net id="397"><net_src comp="385" pin="3"/><net_sink comp="393" pin=0"/></net>

<net id="398"><net_src comp="78" pin="0"/><net_sink comp="393" pin=1"/></net>

<net id="403"><net_src comp="361" pin="3"/><net_sink comp="399" pin=0"/></net>

<net id="404"><net_src comp="393" pin="2"/><net_sink comp="399" pin=1"/></net>

<net id="409"><net_src comp="361" pin="3"/><net_sink comp="405" pin=0"/></net>

<net id="410"><net_src comp="78" pin="0"/><net_sink comp="405" pin=1"/></net>

<net id="415"><net_src comp="385" pin="3"/><net_sink comp="411" pin=0"/></net>

<net id="416"><net_src comp="405" pin="2"/><net_sink comp="411" pin=1"/></net>

<net id="421"><net_src comp="336" pin="3"/><net_sink comp="417" pin=0"/></net>

<net id="422"><net_src comp="78" pin="0"/><net_sink comp="417" pin=1"/></net>

<net id="427"><net_src comp="411" pin="2"/><net_sink comp="423" pin=0"/></net>

<net id="428"><net_src comp="78" pin="0"/><net_sink comp="423" pin=1"/></net>

<net id="433"><net_src comp="423" pin="2"/><net_sink comp="429" pin=0"/></net>

<net id="434"><net_src comp="336" pin="3"/><net_sink comp="429" pin=1"/></net>

<net id="439"><net_src comp="385" pin="3"/><net_sink comp="435" pin=0"/></net>

<net id="440"><net_src comp="429" pin="2"/><net_sink comp="435" pin=1"/></net>

<net id="445"><net_src comp="435" pin="2"/><net_sink comp="441" pin=0"/></net>

<net id="446"><net_src comp="417" pin="2"/><net_sink comp="441" pin=1"/></net>

<net id="451"><net_src comp="399" pin="2"/><net_sink comp="447" pin=0"/></net>

<net id="452"><net_src comp="385" pin="3"/><net_sink comp="447" pin=1"/></net>

<net id="457"><net_src comp="447" pin="2"/><net_sink comp="453" pin=0"/></net>

<net id="458"><net_src comp="78" pin="0"/><net_sink comp="453" pin=1"/></net>

<net id="463"><net_src comp="336" pin="3"/><net_sink comp="459" pin=0"/></net>

<net id="464"><net_src comp="453" pin="2"/><net_sink comp="459" pin=1"/></net>

<net id="470"><net_src comp="441" pin="2"/><net_sink comp="465" pin=0"/></net>

<net id="471"><net_src comp="80" pin="0"/><net_sink comp="465" pin=1"/></net>

<net id="472"><net_src comp="82" pin="0"/><net_sink comp="465" pin=2"/></net>

<net id="477"><net_src comp="441" pin="2"/><net_sink comp="473" pin=0"/></net>

<net id="478"><net_src comp="459" pin="2"/><net_sink comp="473" pin=1"/></net>

<net id="484"><net_src comp="473" pin="2"/><net_sink comp="479" pin=0"/></net>

<net id="485"><net_src comp="465" pin="3"/><net_sink comp="479" pin=1"/></net>

<net id="486"><net_src comp="379" pin="2"/><net_sink comp="479" pin=2"/></net>

<net id="492"><net_src comp="74" pin="0"/><net_sink comp="487" pin=0"/></net>

<net id="493"><net_src comp="479" pin="3"/><net_sink comp="487" pin=1"/></net>

<net id="494"><net_src comp="76" pin="0"/><net_sink comp="487" pin=2"/></net>

<net id="498"><net_src comp="479" pin="3"/><net_sink comp="495" pin=0"/></net>

<net id="504"><net_src comp="84" pin="0"/><net_sink comp="499" pin=0"/></net>

<net id="505"><net_src comp="479" pin="3"/><net_sink comp="499" pin=1"/></net>

<net id="506"><net_src comp="86" pin="0"/><net_sink comp="499" pin=2"/></net>

<net id="512"><net_src comp="88" pin="0"/><net_sink comp="507" pin=0"/></net>

<net id="513"><net_src comp="479" pin="3"/><net_sink comp="507" pin=1"/></net>

<net id="514"><net_src comp="90" pin="0"/><net_sink comp="507" pin=2"/></net>

<net id="519"><net_src comp="479" pin="3"/><net_sink comp="515" pin=0"/></net>

<net id="526"><net_src comp="92" pin="0"/><net_sink comp="520" pin=0"/></net>

<net id="527"><net_src comp="94" pin="0"/><net_sink comp="520" pin=2"/></net>

<net id="528"><net_src comp="96" pin="0"/><net_sink comp="520" pin=3"/></net>

<net id="534"><net_src comp="74" pin="0"/><net_sink comp="529" pin=0"/></net>

<net id="535"><net_src comp="98" pin="0"/><net_sink comp="529" pin=2"/></net>

<net id="540"><net_src comp="38" pin="0"/><net_sink comp="536" pin=1"/></net>

<net id="546"><net_src comp="74" pin="0"/><net_sink comp="541" pin=0"/></net>

<net id="547"><net_src comp="96" pin="0"/><net_sink comp="541" pin=2"/></net>

<net id="552"><net_src comp="536" pin="2"/><net_sink comp="548" pin=1"/></net>

<net id="557"><net_src comp="548" pin="2"/><net_sink comp="553" pin=0"/></net>

<net id="558"><net_src comp="529" pin="3"/><net_sink comp="553" pin=1"/></net>

<net id="562"><net_src comp="553" pin="2"/><net_sink comp="559" pin=0"/></net>

<net id="567"><net_src comp="520" pin="4"/><net_sink comp="563" pin=0"/></net>

<net id="568"><net_src comp="559" pin="1"/><net_sink comp="563" pin=1"/></net>

<net id="574"><net_src comp="100" pin="0"/><net_sink comp="569" pin=0"/></net>

<net id="575"><net_src comp="563" pin="2"/><net_sink comp="569" pin=1"/></net>

<net id="576"><net_src comp="102" pin="0"/><net_sink comp="569" pin=2"/></net>

<net id="581"><net_src comp="569" pin="3"/><net_sink comp="577" pin=0"/></net>

<net id="582"><net_src comp="78" pin="0"/><net_sink comp="577" pin=1"/></net>

<net id="587"><net_src comp="541" pin="3"/><net_sink comp="583" pin=0"/></net>

<net id="588"><net_src comp="577" pin="2"/><net_sink comp="583" pin=1"/></net>

<net id="594"><net_src comp="74" pin="0"/><net_sink comp="589" pin=0"/></net>

<net id="595"><net_src comp="90" pin="0"/><net_sink comp="589" pin=2"/></net>

<net id="600"><net_src comp="104" pin="0"/><net_sink comp="596" pin=1"/></net>

<net id="605"><net_src comp="106" pin="0"/><net_sink comp="601" pin=1"/></net>

<net id="610"><net_src comp="108" pin="0"/><net_sink comp="606" pin=1"/></net>

<net id="616"><net_src comp="583" pin="2"/><net_sink comp="611" pin=0"/></net>

<net id="617"><net_src comp="601" pin="2"/><net_sink comp="611" pin=1"/></net>

<net id="618"><net_src comp="606" pin="2"/><net_sink comp="611" pin=2"/></net>

<net id="623"><net_src comp="589" pin="3"/><net_sink comp="619" pin=0"/></net>

<net id="624"><net_src comp="78" pin="0"/><net_sink comp="619" pin=1"/></net>

<net id="629"><net_src comp="596" pin="2"/><net_sink comp="625" pin=0"/></net>

<net id="630"><net_src comp="619" pin="2"/><net_sink comp="625" pin=1"/></net>

<net id="636"><net_src comp="583" pin="2"/><net_sink comp="631" pin=0"/></net>

<net id="637"><net_src comp="625" pin="2"/><net_sink comp="631" pin=1"/></net>

<net id="638"><net_src comp="601" pin="2"/><net_sink comp="631" pin=2"/></net>

<net id="643"><net_src comp="583" pin="2"/><net_sink comp="639" pin=0"/></net>

<net id="644"><net_src comp="601" pin="2"/><net_sink comp="639" pin=1"/></net>

<net id="649"><net_src comp="611" pin="3"/><net_sink comp="645" pin=0"/></net>

<net id="650"><net_src comp="78" pin="0"/><net_sink comp="645" pin=1"/></net>

<net id="655"><net_src comp="569" pin="3"/><net_sink comp="651" pin=0"/></net>

<net id="656"><net_src comp="645" pin="2"/><net_sink comp="651" pin=1"/></net>

<net id="661"><net_src comp="78" pin="0"/><net_sink comp="657" pin=1"/></net>

<net id="666"><net_src comp="651" pin="2"/><net_sink comp="662" pin=0"/></net>

<net id="667"><net_src comp="657" pin="2"/><net_sink comp="662" pin=1"/></net>

<net id="672"><net_src comp="569" pin="3"/><net_sink comp="668" pin=0"/></net>

<net id="673"><net_src comp="631" pin="3"/><net_sink comp="668" pin=1"/></net>

<net id="678"><net_src comp="639" pin="2"/><net_sink comp="674" pin=0"/></net>

<net id="679"><net_src comp="668" pin="2"/><net_sink comp="674" pin=1"/></net>

<net id="684"><net_src comp="674" pin="2"/><net_sink comp="680" pin=0"/></net>

<net id="685"><net_src comp="78" pin="0"/><net_sink comp="680" pin=1"/></net>

<net id="690"><net_src comp="680" pin="2"/><net_sink comp="686" pin=1"/></net>

<net id="695"><net_src comp="662" pin="2"/><net_sink comp="691" pin=0"/></net>

<net id="696"><net_src comp="686" pin="2"/><net_sink comp="691" pin=1"/></net>

<net id="704"><net_src comp="697" pin="1"/><net_sink comp="700" pin=0"/></net>

<net id="705"><net_src comp="48" pin="0"/><net_sink comp="700" pin=1"/></net>

<net id="711"><net_src comp="700" pin="2"/><net_sink comp="706" pin=1"/></net>

<net id="712"><net_src comp="697" pin="1"/><net_sink comp="706" pin=2"/></net>

<net id="716"><net_src comp="706" pin="3"/><net_sink comp="713" pin=0"/></net>

<net id="717"><net_src comp="713" pin="1"/><net_sink comp="171" pin=2"/></net>

<net id="723"><net_src comp="120" pin="0"/><net_sink comp="718" pin=1"/></net>

<net id="724"><net_src comp="122" pin="0"/><net_sink comp="718" pin=2"/></net>

<net id="730"><net_src comp="718" pin="3"/><net_sink comp="725" pin=1"/></net>

<net id="731"><net_src comp="725" pin="3"/><net_sink comp="178" pin=1"/></net>

<net id="736"><net_src comp="706" pin="3"/><net_sink comp="732" pin=0"/></net>

<net id="740"><net_src comp="124" pin="1"/><net_sink comp="737" pin=0"/></net>

<net id="741"><net_src comp="737" pin="1"/><net_sink comp="203" pin=1"/></net>

<net id="742"><net_src comp="737" pin="1"/><net_sink comp="300" pin=0"/></net>

<net id="743"><net_src comp="737" pin="1"/><net_sink comp="515" pin=1"/></net>

<net id="747"><net_src comp="128" pin="1"/><net_sink comp="744" pin=0"/></net>

<net id="748"><net_src comp="744" pin="1"/><net_sink comp="198" pin=1"/></net>

<net id="749"><net_src comp="744" pin="1"/><net_sink comp="223" pin=0"/></net>

<net id="750"><net_src comp="744" pin="1"/><net_sink comp="256" pin=1"/></net>

<net id="754"><net_src comp="132" pin="1"/><net_sink comp="751" pin=0"/></net>

<net id="755"><net_src comp="751" pin="1"/><net_sink comp="193" pin=1"/></net>

<net id="756"><net_src comp="751" pin="1"/><net_sink comp="697" pin=0"/></net>

<net id="757"><net_src comp="751" pin="1"/><net_sink comp="732" pin=1"/></net>

<net id="761"><net_src comp="136" pin="1"/><net_sink comp="758" pin=0"/></net>

<net id="762"><net_src comp="758" pin="1"/><net_sink comp="188" pin=1"/></net>

<net id="763"><net_src comp="758" pin="1"/><net_sink comp="208" pin=0"/></net>

<net id="764"><net_src comp="758" pin="1"/><net_sink comp="251" pin=1"/></net>

<net id="768"><net_src comp="211" pin="2"/><net_sink comp="765" pin=0"/></net>

<net id="772"><net_src comp="226" pin="2"/><net_sink comp="769" pin=0"/></net>

<net id="773"><net_src comp="769" pin="1"/><net_sink comp="303" pin=0"/></net>

<net id="774"><net_src comp="769" pin="1"/><net_sink comp="706" pin=0"/></net>

<net id="778"><net_src comp="158" pin="3"/><net_sink comp="775" pin=0"/></net>

<net id="779"><net_src comp="775" pin="1"/><net_sink comp="165" pin=0"/></net>

<net id="783"><net_src comp="245" pin="2"/><net_sink comp="780" pin=0"/></net>

<net id="784"><net_src comp="780" pin="1"/><net_sink comp="295" pin=0"/></net>

<net id="788"><net_src comp="184" pin="2"/><net_sink comp="785" pin=0"/></net>

<net id="789"><net_src comp="785" pin="1"/><net_sink comp="322" pin=0"/></net>

<net id="790"><net_src comp="785" pin="1"/><net_sink comp="325" pin=1"/></net>

<net id="791"><net_src comp="785" pin="1"/><net_sink comp="354" pin=1"/></net>

<net id="795"><net_src comp="295" pin="2"/><net_sink comp="792" pin=0"/></net>

<net id="799"><net_src comp="479" pin="3"/><net_sink comp="796" pin=0"/></net>

<net id="800"><net_src comp="796" pin="1"/><net_sink comp="520" pin=1"/></net>

<net id="801"><net_src comp="796" pin="1"/><net_sink comp="529" pin=1"/></net>

<net id="802"><net_src comp="796" pin="1"/><net_sink comp="541" pin=1"/></net>

<net id="803"><net_src comp="796" pin="1"/><net_sink comp="589" pin=1"/></net>

<net id="807"><net_src comp="487" pin="3"/><net_sink comp="804" pin=0"/></net>

<net id="808"><net_src comp="804" pin="1"/><net_sink comp="548" pin=0"/></net>

<net id="809"><net_src comp="804" pin="1"/><net_sink comp="657" pin=0"/></net>

<net id="810"><net_src comp="804" pin="1"/><net_sink comp="686" pin=0"/></net>

<net id="814"><net_src comp="495" pin="1"/><net_sink comp="811" pin=0"/></net>

<net id="815"><net_src comp="811" pin="1"/><net_sink comp="536" pin=0"/></net>

<net id="819"><net_src comp="499" pin="3"/><net_sink comp="816" pin=0"/></net>

<net id="820"><net_src comp="816" pin="1"/><net_sink comp="596" pin=0"/></net>

<net id="824"><net_src comp="507" pin="3"/><net_sink comp="821" pin=0"/></net>

<net id="825"><net_src comp="821" pin="1"/><net_sink comp="601" pin=0"/></net>

<net id="826"><net_src comp="821" pin="1"/><net_sink comp="606" pin=0"/></net>

<net id="830"><net_src comp="563" pin="2"/><net_sink comp="827" pin=0"/></net>

<net id="831"><net_src comp="827" pin="1"/><net_sink comp="725" pin=2"/></net>

<net id="835"><net_src comp="662" pin="2"/><net_sink comp="832" pin=0"/></net>

<net id="836"><net_src comp="832" pin="1"/><net_sink comp="718" pin=0"/></net>

<net id="840"><net_src comp="691" pin="2"/><net_sink comp="837" pin=0"/></net>

<net id="841"><net_src comp="837" pin="1"/><net_sink comp="725" pin=0"/></net>

</net_list>

</model> 
---------------- Datapath Model END ------------------

* FSMD analyzer results:
  - Output states:
	Port: s_axis_input_V_data_V | {}
	Port: s_axis_input_V_keep_V | {}
	Port: s_axis_input_V_strb_V | {}
	Port: s_axis_input_V_user_V | {}
	Port: s_axis_input_V_last_V | {}
	Port: s_axis_input_V_id_V | {}
	Port: s_axis_input_V_dest_V | {}
	Port: act2 | {5 }
 - Input state : 
	Port: bnn_top_Pipeline_L2_W_L2_IN : s_axis_input_V_data_V | {2 }
	Port: bnn_top_Pipeline_L2_W_L2_IN : s_axis_input_V_keep_V | {2 }
	Port: bnn_top_Pipeline_L2_W_L2_IN : s_axis_input_V_strb_V | {2 }
	Port: bnn_top_Pipeline_L2_W_L2_IN : s_axis_input_V_user_V | {2 }
	Port: bnn_top_Pipeline_L2_W_L2_IN : s_axis_input_V_last_V | {2 }
	Port: bnn_top_Pipeline_L2_W_L2_IN : s_axis_input_V_id_V | {2 }
	Port: bnn_top_Pipeline_L2_W_L2_IN : s_axis_input_V_dest_V | {2 }
	Port: bnn_top_Pipeline_L2_W_L2_IN : act1 | {1 2 }
  - Chain level:
	State 1
		store_ln0 : 1
		store_ln44 : 1
		store_ln46 : 1
		store_ln45 : 1
		indvar_flatten6_load : 1
		icmp_ln44 : 2
		add_ln44 : 2
		br_ln44 : 3
		i_load : 1
		icmp_ln46 : 2
		select_ln44 : 3
		zext_ln46 : 4
		act1_addr : 5
		act1_load : 6
		add_ln46 : 4
		store_ln44 : 3
		store_ln46 : 5
	State 2
		trunc_ln49 : 1
		shl_ln2 : 2
		shl_ln49_1 : 1
		sext_ln49 : 3
		sext_ln49_1 : 2
		mul_ln49 : 4
		br_ln46 : 1
	State 3
		select_ln44_2 : 1
		shl_ln49_2 : 2
		sext_ln49_2 : 3
		add_ln49_1 : 3
		add_ln49 : 4
		tmp : 5
		acc : 4
		tmp_21 : 4
		and_ln49 : 6
		zext_ln49 : 6
		acc_7 : 7
		tmp_22 : 8
		xor_ln49 : 9
		and_ln49_1 : 9
		xor_ln49_2 : 5
		or_ln49 : 9
		xor_ln49_1 : 6
		xor_ln49_4 : 9
		xor_ln49_3 : 9
		or_ln49_1 : 9
		and_ln49_2 : 9
		or_ln49_3 : 9
		xor_ln49_5 : 9
		and_ln49_3 : 9
		select_ln49 : 9
		or_ln49_2 : 9
		acc_8 : 9
		tmp_23 : 10
		trunc_ln51 : 10
		tmp_s : 10
		tmp_11 : 10
		store_ln45 : 10
	State 4
		or_ln51 : 1
		and_ln51 : 1
		zext_ln51 : 1
		add_ln51 : 2
		tmp_28 : 3
		xor_ln51 : 4
		and_ln51_1 : 4
		select_ln51 : 4
		xor_ln51_1 : 1
		and_ln51_2 : 1
		select_ln51_1 : 4
		and_ln51_3 : 4
		xor_ln51_2 : 5
		or_ln51_1 : 5
		and_ln51_4 : 5
		and_ln51_5 : 5
		or_ln51_3 : 5
		xor_ln51_4 : 5
		and_ln51_6 : 5
		or_ln51_2 : 5
	State 5
		add_ln44_1 : 1
		select_ln44_1 : 2
		zext_ln44 : 3
		select_ln51_3 : 1
		act2_addr : 4
		store_ln51 : 5
		store_ln44 : 3


============================================================
+ Verbose Summary: Datapath Resource usage 
============================================================

* Functional unit list:
|----------|----------------------|---------|---------|---------|
| Operation|    Functional Unit   |   DSP   |    FF   |   LUT   |
|----------|----------------------|---------|---------|---------|
|          |    add_ln44_fu_217   |    0    |    0    |    24   |
|          |    add_ln46_fu_245   |    0    |    0    |    14   |
|          |   add_ln49_1_fu_325  |    0    |    0    |    59   |
|    add   |    add_ln49_fu_330   |    0    |    0    |    59   |
|          |     acc_7_fu_379     |    0    |    0    |    39   |
|          |    add_ln51_fu_563   |    0    |    0    |    23   |
|          |   add_ln44_1_fu_700  |    0    |    0    |    14   |
|----------|----------------------|---------|---------|---------|
|          |  select_ln44_fu_232  |    0    |    0    |    9    |
|          | select_ln44_2_fu_303 |    0    |    0    |    32   |
|          |  select_ln49_fu_465  |    0    |    0    |    32   |
|          |     acc_8_fu_479     |    0    |    0    |    32   |
|  select  |  select_ln51_fu_611  |    0    |    0    |    2    |
|          | select_ln51_1_fu_631 |    0    |    0    |    2    |
|          | select_ln44_1_fu_706 |    0    |    0    |    9    |
|          | select_ln51_2_fu_718 |    0    |    0    |    16   |
|          | select_ln51_3_fu_725 |    0    |    0    |    16   |
|----------|----------------------|---------|---------|---------|
|          |   icmp_ln44_fu_211   |    0    |    0    |    24   |
|          |   icmp_ln46_fu_226   |    0    |    0    |    14   |
|          |  icmp_ln46_1_fu_295  |    0    |    0    |    14   |
|   icmp   |   icmp_ln51_fu_536   |    0    |    0    |    14   |
|          |  icmp_ln51_1_fu_596  |    0    |    0    |    13   |
|          |  icmp_ln51_2_fu_601  |    0    |    0    |    14   |
|          |  icmp_ln51_3_fu_606  |    0    |    0    |    14   |
|----------|----------------------|---------|---------|---------|
|    mul   |    mul_ln49_fu_184   |    3    |    0    |    43   |
|----------|----------------------|---------|---------|---------|
|          |    and_ln49_fu_369   |    0    |    0    |    2    |
|          |   and_ln49_1_fu_399  |    0    |    0    |    2    |
|          |   and_ln49_2_fu_441  |    0    |    0    |    2    |
|          |   and_ln49_3_fu_459  |    0    |    0    |    2    |
|          |    and_ln51_fu_553   |    0    |    0    |    2    |
|    and   |   and_ln51_1_fu_583  |    0    |    0    |    2    |
|          |   and_ln51_2_fu_625  |    0    |    0    |    2    |
|          |   and_ln51_3_fu_639  |    0    |    0    |    2    |
|          |   and_ln51_4_fu_662  |    0    |    0    |    2    |
|          |   and_ln51_5_fu_668  |    0    |    0    |    2    |
|          |   and_ln51_6_fu_686  |    0    |    0    |    2    |
|----------|----------------------|---------|---------|---------|
|          |    xor_ln49_fu_393   |    0    |    0    |    2    |
|          |   xor_ln49_2_fu_405  |    0    |    0    |    2    |
|          |   xor_ln49_1_fu_417  |    0    |    0    |    2    |
|          |   xor_ln49_4_fu_423  |    0    |    0    |    2    |
|          |   xor_ln49_3_fu_429  |    0    |    0    |    2    |
|    xor   |   xor_ln49_5_fu_453  |    0    |    0    |    2    |
|          |    xor_ln51_fu_577   |    0    |    0    |    2    |
|          |   xor_ln51_1_fu_619  |    0    |    0    |    2    |
|          |   xor_ln51_2_fu_645  |    0    |    0    |    2    |
|          |   xor_ln51_3_fu_657  |    0    |    0    |    2    |
|          |   xor_ln51_4_fu_680  |    0    |    0    |    2    |
|----------|----------------------|---------|---------|---------|
|          |    or_ln49_fu_411    |    0    |    0    |    2    |
|          |   or_ln49_1_fu_435   |    0    |    0    |    2    |
|          |   or_ln49_3_fu_447   |    0    |    0    |    2    |
|    or    |   or_ln49_2_fu_473   |    0    |    0    |    2    |
|          |    or_ln51_fu_548    |    0    |    0    |    2    |
|          |   or_ln51_1_fu_651   |    0    |    0    |    2    |
|          |   or_ln51_3_fu_674   |    0    |    0    |    2    |
|          |   or_ln51_2_fu_691   |    0    |    0    |    2    |
|----------|----------------------|---------|---------|---------|
|   read   |   empty_read_fu_140  |    0    |    0    |    0    |
|----------|----------------------|---------|---------|---------|
|          |   zext_ln46_fu_240   |    0    |    0    |    0    |
|   zext   |   zext_ln49_fu_375   |    0    |    0    |    0    |
|          |   zext_ln51_fu_559   |    0    |    0    |    0    |
|          |   zext_ln44_fu_713   |    0    |    0    |    0    |
|----------|----------------------|---------|---------|---------|
|extractvalue|      p_s_fu_261      |    0    |    0    |    0    |
|----------|----------------------|---------|---------|---------|
|   trunc  |   trunc_ln49_fu_265  |    0    |    0    |    0    |
|          |   trunc_ln51_fu_495  |    0    |    0    |    0    |
|----------|----------------------|---------|---------|---------|
|          |    shl_ln2_fu_269    |    0    |    0    |    0    |
|bitconcatenate|   shl_ln49_1_fu_277  |    0    |    0    |    0    |
|          |   shl_ln49_2_fu_310  |    0    |    0    |    0    |
|----------|----------------------|---------|---------|---------|
|          |   sext_ln49_fu_285   |    0    |    0    |    0    |
|   sext   |  sext_ln49_1_fu_290  |    0    |    0    |    0    |
|          |  sext_ln49_2_fu_318  |    0    |    0    |    0    |
|          |  sext_ln49_3_fu_322  |    0    |    0    |    0    |
|----------|----------------------|---------|---------|---------|
|          |      tmp_fu_336      |    0    |    0    |    0    |
|          |     tmp_20_fu_354    |    0    |    0    |    0    |
|          |     tmp_21_fu_361    |    0    |    0    |    0    |
|          |     tmp_22_fu_385    |    0    |    0    |    0    |
| bitselect|     tmp_23_fu_487    |    0    |    0    |    0    |
|          |     tmp_24_fu_529    |    0    |    0    |    0    |
|          |     tmp_27_fu_541    |    0    |    0    |    0    |
|          |     tmp_28_fu_569    |    0    |    0    |    0    |
|          |     tmp_29_fu_589    |    0    |    0    |    0    |
|----------|----------------------|---------|---------|---------|
|          |      acc_fu_344      |    0    |    0    |    0    |
|partselect|     tmp_s_fu_499     |    0    |    0    |    0    |
|          |     tmp_11_fu_507    |    0    |    0    |    0    |
|          |   trunc_ln1_fu_520   |    0    |    0    |    0    |
|----------|----------------------|---------|---------|---------|
|   Total  |                      |    3    |    0    |   592   |
|----------|----------------------|---------|---------|---------|

Memories:
N/A

* Register list:
+-----------------------+--------+
|                       |   FF   |
+-----------------------+--------+
|     acc_5_reg_737     |   32   |
|     acc_8_reg_796     |   32   |
|   act1_addr_reg_775   |    8   |
|    add_ln46_reg_780   |    9   |
|    add_ln51_reg_827   |   16   |
|   and_ln51_4_reg_832  |    1   |
|       i_reg_744       |    9   |
|   icmp_ln44_reg_765   |    1   |
|  icmp_ln46_1_reg_792  |    1   |
|   icmp_ln46_reg_769   |    1   |
|indvar_flatten6_reg_758|   17   |
|    mul_ln49_reg_785   |   52   |
|      o_2_reg_751      |    9   |
|   or_ln51_2_reg_837   |    1   |
|     tmp_11_reg_821    |    6   |
|     tmp_23_reg_804    |    1   |
|     tmp_s_reg_816     |    5   |
|   trunc_ln51_reg_811  |    9   |
+-----------------------+--------+
|         Total         |   210  |
+-----------------------+--------+

* Multiplexer (MUX) list: 
|-------------------|------|------|------|--------||---------||---------||---------|
|        Comp       |  Pin | Size |  BW  | S x BW ||  Delay  ||    FF   ||   LUT   |
|-------------------|------|------|------|--------||---------||---------||---------|
| grp_access_fu_165 |  p0  |   2  |   8  |   16   ||    0    ||    9    |
|-------------------|------|------|------|--------||---------||---------||---------|
|       Total       |      |      |      |   16   ||  1.588  ||    0    ||    9    |
|-------------------|------|------|------|--------||---------||---------||---------|



* Summary:
+-----------+--------+--------+--------+--------+
|           |   DSP  |  Delay |   FF   |   LUT  |
+-----------+--------+--------+--------+--------+
|  Function |    3   |    -   |    0   |   592  |
|   Memory  |    -   |    -   |    -   |    -   |
|Multiplexer|    -   |    1   |    0   |    9   |
|  Register |    -   |    -   |   210  |    -   |
+-----------+--------+--------+--------+--------+
|   Total   |    3   |    1   |   210  |   601  |
+-----------+--------+--------+--------+--------+
