

================================================================
== Vitis HLS Report for 'bnn_top_Pipeline_L4_W_L4_IN'
================================================================
* Date:           Sat May  9 04:49:40 2026

* Version:        2025.1 (Build 6135595 on May 21 2025)
* Project:        bnn_top
* Solution:       solution (Vivado IP Flow Target)
* Product family: zynq
* Target device:  xc7z020-clg400-1


================================================================
== Performance Estimates
================================================================
+ Timing: 
    * Summary: 
    +--------+----------+-----------+------------+
    |  Clock |  Target  | Estimated | Uncertainty|
    +--------+----------+-----------+------------+
    |ap_clk  |  10.00 ns|  10.703 ns|     2.70 ns|
    +--------+----------+-----------+------------+

+ Latency: 
    * Summary: 
    +---------+---------+----------+----------+-----+-----+------------------------------------------------+
    |  Latency (cycles) |  Latency (absolute) |  Interval |                    Pipeline                    |
    |   min   |   max   |    min   |    max   | min | max |                      Type                      |
    +---------+---------+----------+----------+-----+-----+------------------------------------------------+
    |      516|      516|  5.523 us|  5.523 us|  513|  513|  loop auto-rewind stp (delay=0 clock cycles(s))|
    +---------+---------+----------+----------+-----+-----+------------------------------------------------+

    + Detail: 
        * Instance: 
        N/A

        * Loop: 
        +--------------+---------+---------+----------+-----------+-----------+------+----------+
        |              |  Latency (cycles) | Iteration|  Initiation Interval  | Trip |          |
        |   Loop Name  |   min   |   max   |  Latency |  achieved |   target  | Count| Pipelined|
        +--------------+---------+---------+----------+-----------+-----------+------+----------+
        |- L4_W_L4_IN  |      514|      514|         4|          1|          1|   512|       yes|
        +--------------+---------+---------+----------+-----------+-----------+------+----------+



================================================================
== Utilization Estimates
================================================================
* Summary: 
+-----------------+---------+-----+--------+-------+-----+
|       Name      | BRAM_18K| DSP |   FF   |  LUT  | URAM|
+-----------------+---------+-----+--------+-------+-----+
|DSP              |        -|    -|       -|      -|    -|
|Expression       |        -|    -|       0|    532|    -|
|FIFO             |        -|    -|       -|      -|    -|
|Instance         |        -|    3|       0|     43|    -|
|Memory           |        -|    -|       -|      -|    -|
|Multiplexer      |        -|    -|       0|     81|    -|
|Register         |        -|    -|     181|      -|    -|
+-----------------+---------+-----+--------+-------+-----+
|Total            |        0|    3|     181|    656|    0|
+-----------------+---------+-----+--------+-------+-----+
|Available        |      280|  220|  106400|  53200|    0|
+-----------------+---------+-----+--------+-------+-----+
|Utilization (%)  |        0|    1|      ~0|      1|    0|
+-----------------+---------+-----+--------+-------+-----+

+ Detail: 
    * Instance: 
    +------------------------+--------------------+---------+----+---+----+-----+
    |        Instance        |       Module       | BRAM_18K| DSP| FF| LUT| URAM|
    +------------------------+--------------------+---------+----+---+----+-----+
    |mul_26s_26s_52_1_1_U64  |mul_26s_26s_52_1_1  |        0|   3|  0|  43|    0|
    +------------------------+--------------------+---------+----+---+----+-----+
    |Total                   |                    |        0|   3|  0|  43|    0|
    +------------------------+--------------------+---------+----+---+----+-----+

    * DSP: 
    N/A

    * Memory: 
    N/A

    * FIFO: 
    N/A

    * Expression: 
    +---------------------------+----------+----+---+----+------------+------------+
    |       Variable Name       | Operation| DSP| FF| LUT| Bitwidth P0| Bitwidth P1|
    +---------------------------+----------+----+---+----+------------+------------+
    |acc_2_fu_413_p2            |         +|   0|  0|  39|          32|          32|
    |add_ln80_1_fu_271_p2       |         +|   0|  0|  10|           2|           1|
    |add_ln80_fu_224_p2         |         +|   0|  0|  13|          10|           1|
    |add_ln82_fu_252_p2         |         +|   0|  0|  14|           9|           1|
    |add_ln85_1_fu_359_p2       |         +|   0|  0|  59|          52|          52|
    |add_ln85_fu_364_p2         |         +|   0|  0|  60|          53|          53|
    |add_ln87_fu_597_p2         |         +|   0|  0|  23|          16|          16|
    |and_ln85_1_fu_433_p2       |       and|   0|  0|   2|           1|           1|
    |and_ln85_2_fu_475_p2       |       and|   0|  0|   2|           1|           1|
    |and_ln85_3_fu_493_p2       |       and|   0|  0|   2|           1|           1|
    |and_ln85_fu_403_p2         |       and|   0|  0|   2|           1|           1|
    |and_ln87_1_fu_617_p2       |       and|   0|  0|   2|           1|           1|
    |and_ln87_2_fu_659_p2       |       and|   0|  0|   2|           1|           1|
    |and_ln87_3_fu_673_p2       |       and|   0|  0|   2|           1|           1|
    |and_ln87_4_fu_696_p2       |       and|   0|  0|   2|           1|           1|
    |and_ln87_5_fu_702_p2       |       and|   0|  0|   2|           1|           1|
    |and_ln87_6_fu_720_p2       |       and|   0|  0|   2|           1|           1|
    |and_ln87_fu_587_p2         |       and|   0|  0|   2|           1|           1|
    |ap_block_pp0_stage0_11001  |       and|   0|  0|   2|           1|           1|
    |ap_condition_90            |       and|   0|  0|   2|           1|           1|
    |icmp_ln80_fu_218_p2        |      icmp|   0|  0|  12|          10|          11|
    |icmp_ln82_1_fu_318_p2      |      icmp|   0|  0|  13|           9|          10|
    |icmp_ln82_fu_233_p2        |      icmp|   0|  0|  13|           9|          10|
    |icmp_ln87_1_fu_630_p2      |      icmp|   0|  0|  13|           5|           2|
    |icmp_ln87_2_fu_635_p2      |      icmp|   0|  0|  14|           6|           2|
    |icmp_ln87_3_fu_640_p2      |      icmp|   0|  0|  14|           6|           1|
    |icmp_ln87_4_fu_323_p2      |      icmp|   0|  0|  10|           2|           1|
    |icmp_ln87_fu_570_p2        |      icmp|   0|  0|  14|           9|           1|
    |or_ln85_1_fu_469_p2        |        or|   0|  0|   2|           1|           1|
    |or_ln85_2_fu_507_p2        |        or|   0|  0|   2|           1|           1|
    |or_ln85_3_fu_481_p2        |        or|   0|  0|   2|           1|           1|
    |or_ln85_fu_445_p2          |        or|   0|  0|   2|           1|           1|
    |or_ln87_1_fu_685_p2        |        or|   0|  0|   2|           1|           1|
    |or_ln87_2_fu_733_p2        |        or|   0|  0|   2|           1|           1|
    |or_ln87_3_fu_708_p2        |        or|   0|  0|   2|           1|           1|
    |or_ln87_fu_582_p2          |        or|   0|  0|   2|           1|           1|
    |acc_3_fu_513_p3            |    select|   0|  0|  32|           1|          32|
    |act4_2_fu_739_p3           |    select|   0|  0|  16|           1|          16|
    |select_ln80_1_fu_277_p3    |    select|   0|  0|   2|           1|           2|
    |select_ln80_2_fu_337_p3    |    select|   0|  0|  32|           1|           1|
    |select_ln80_fu_239_p3      |    select|   0|  0|   9|           1|           1|
    |select_ln85_fu_499_p3      |    select|   0|  0|  33|           1|          31|
    |select_ln87_1_fu_665_p3    |    select|   0|  0|   2|           1|           1|
    |select_ln87_2_fu_725_p3    |    select|   0|  0|  17|           1|          15|
    |select_ln87_fu_645_p3      |    select|   0|  0|   2|           1|           1|
    |ap_enable_pp0              |       xor|   0|  0|   2|           1|           2|
    |xor_ln85_1_fu_451_p2       |       xor|   0|  0|   2|           1|           2|
    |xor_ln85_2_fu_439_p2       |       xor|   0|  0|   2|           1|           2|
    |xor_ln85_3_fu_463_p2       |       xor|   0|  0|   2|           1|           1|
    |xor_ln85_4_fu_457_p2       |       xor|   0|  0|   2|           1|           2|
    |xor_ln85_5_fu_487_p2       |       xor|   0|  0|   2|           1|           2|
    |xor_ln85_fu_427_p2         |       xor|   0|  0|   2|           1|           2|
    |xor_ln87_1_fu_653_p2       |       xor|   0|  0|   2|           1|           2|
    |xor_ln87_2_fu_679_p2       |       xor|   0|  0|   2|           1|           2|
    |xor_ln87_3_fu_691_p2       |       xor|   0|  0|   2|           1|           2|
    |xor_ln87_4_fu_714_p2       |       xor|   0|  0|   2|           1|           2|
    |xor_ln87_fu_611_p2         |       xor|   0|  0|   2|           1|           2|
    +---------------------------+----------+----+---+----+------------+------------+
    |Total                      |          |   0|  0| 532|         272|         338|
    +---------------------------+----------+----+---+----+------------+------------+

    * Multiplexer: 
    +----------------------------------------+----+-----------+-----+-----------+
    |                  Name                  | LUT| Input Size| Bits| Total Bits|
    +----------------------------------------+----+-----------+-----+-----------+
    |acc_fu_130                              |   9|          2|   32|         64|
    |ap_done_int                             |   9|          2|    1|          2|
    |ap_enable_reg_pp0_iter1                 |   9|          2|    1|          2|
    |ap_sig_allocacmp_i_load                 |   9|          2|    9|         18|
    |ap_sig_allocacmp_indvar_flatten20_load  |   9|          2|   10|         20|
    |i_fu_134                                |   9|          2|    9|         18|
    |indvar_flatten20_fu_142                 |   9|          2|   10|         20|
    |o_fu_138                                |   9|          2|    2|          4|
    |s_axis_input_TDATA_blk_n                |   9|          2|    1|          2|
    +----------------------------------------+----+-----------+-----+-----------+
    |Total                                   |  81|         18|   75|        150|
    +----------------------------------------+----+-----------+-----+-----------+

    * Register: 
    +-------------------------------------------+----+----+-----+-----------+
    |                    Name                   | FF | LUT| Bits| Const Bits|
    +-------------------------------------------+----+----+-----+-----------+
    |acc_3_reg_812                              |  32|   0|   32|          0|
    |acc_fu_130                                 |  32|   0|   32|          0|
    |add_ln82_reg_792                           |   9|   0|    9|          0|
    |ap_CS_fsm                                  |   1|   0|    1|          0|
    |ap_block_pp0_stage0_subdone_grp0_done_reg  |   1|   0|    1|          0|
    |ap_done_reg                                |   1|   0|    1|          0|
    |ap_enable_reg_pp0_iter1                    |   1|   0|    1|          0|
    |ap_enable_reg_pp0_iter2                    |   1|   0|    1|          0|
    |ap_enable_reg_pp0_iter3                    |   1|   0|    1|          0|
    |ap_loop_exit_ready_pp0_iter1_reg           |   1|   0|    1|          0|
    |ap_loop_exit_ready_pp0_iter2_reg           |   1|   0|    1|          0|
    |i_fu_134                                   |   9|   0|    9|          0|
    |icmp_ln82_1_reg_804                        |   1|   0|    1|          0|
    |icmp_ln82_1_reg_804_pp0_iter2_reg          |   1|   0|    1|          0|
    |icmp_ln82_reg_781                          |   1|   0|    1|          0|
    |icmp_ln82_reg_781_pp0_iter1_reg            |   1|   0|    1|          0|
    |icmp_ln87_4_reg_808                        |   1|   0|    1|          0|
    |icmp_ln87_4_reg_808_pp0_iter2_reg          |   1|   0|    1|          0|
    |indvar_flatten20_fu_142                    |  10|   0|   10|          0|
    |mul_ln85_reg_797                           |  52|   0|   52|          0|
    |o_fu_138                                   |   2|   0|    2|          0|
    |tmp_4_reg_820                              |   1|   0|    1|          0|
    |tmp_9_reg_837                              |   6|   0|    6|          0|
    |tmp_s_reg_832                              |   5|   0|    5|          0|
    |trunc_ln87_reg_827                         |   9|   0|    9|          0|
    +-------------------------------------------+----+----+-----+-----------+
    |Total                                      | 181|   0|  181|          0|
    +-------------------------------------------+----+----+-----+-----------+



================================================================
== Interface
================================================================
* Summary: 
+---------------------+-----+-----+------------+-----------------------------+--------------+
|      RTL Ports      | Dir | Bits|  Protocol  |        Source Object        |    C Type    |
+---------------------+-----+-----+------------+-----------------------------+--------------+
|ap_clk               |   in|    1|  ap_ctrl_hs|  bnn_top_Pipeline_L4_W_L4_IN|  return value|
|ap_rst               |   in|    1|  ap_ctrl_hs|  bnn_top_Pipeline_L4_W_L4_IN|  return value|
|ap_start             |   in|    1|  ap_ctrl_hs|  bnn_top_Pipeline_L4_W_L4_IN|  return value|
|ap_done              |  out|    1|  ap_ctrl_hs|  bnn_top_Pipeline_L4_W_L4_IN|  return value|
|ap_idle              |  out|    1|  ap_ctrl_hs|  bnn_top_Pipeline_L4_W_L4_IN|  return value|
|ap_ready             |  out|    1|  ap_ctrl_hs|  bnn_top_Pipeline_L4_W_L4_IN|  return value|
|s_axis_input_TVALID  |   in|    1|        axis|        s_axis_input_V_data_V|       pointer|
|s_axis_input_TDATA   |   in|   32|        axis|        s_axis_input_V_data_V|       pointer|
|act4                 |  out|   16|      ap_vld|                         act4|       pointer|
|act4_ap_vld          |  out|    1|      ap_vld|                         act4|       pointer|
|s_axis_input_TREADY  |  out|    1|        axis|        s_axis_input_V_dest_V|       pointer|
|s_axis_input_TDEST   |   in|    1|        axis|        s_axis_input_V_dest_V|       pointer|
|s_axis_input_TKEEP   |   in|    4|        axis|        s_axis_input_V_keep_V|       pointer|
|s_axis_input_TSTRB   |   in|    4|        axis|        s_axis_input_V_strb_V|       pointer|
|s_axis_input_TUSER   |   in|    1|        axis|        s_axis_input_V_user_V|       pointer|
|s_axis_input_TLAST   |   in|    1|        axis|        s_axis_input_V_last_V|       pointer|
|s_axis_input_TID     |   in|    1|        axis|          s_axis_input_V_id_V|       pointer|
|act3_address0        |  out|    8|   ap_memory|                         act3|         array|
|act3_ce0             |  out|    1|   ap_memory|                         act3|         array|
|act3_q0              |   in|   16|   ap_memory|                         act3|         array|
|act4_1               |  out|   16|      ap_vld|                       act4_1|       pointer|
|act4_1_ap_vld        |  out|    1|      ap_vld|                       act4_1|       pointer|
+---------------------+-----+-----+------------+-----------------------------+--------------+

============================================================
+ Verbose Summary: Synthesis Manager
============================================================
InlineROM: 1
ExposeGlobal: 0
============================================================
+ Verbose Summary: CDFG Model
============================================================
IsTopModel: 0
ResetActiveHigh: 1
IsCombinational: 2
IsDatapathOnly: 2
HasWiredReturn: 1
HasMFsm: 2
HasVarLatency: 1
IsPipeline: 0
IsRtlPipelined: 0
IsInstanceOverlapped: 0
IsDontTouch: 0
HasImplIP: 0
IsGatedGlobalClock: 0

+ Individual pipeline summary: 
  * Pipeline-0: initiation interval (II) = 1, depth = 4


============================================================
+ Verbose Summary: Schedule
============================================================
* Number of FSM states : 4
* Pipeline : 1
  Pipeline-0 : II = 1, D = 4, States = { 1 2 3 4 }
* Dataflow Pipeline: 0

* FSM state transitions: 
1 --> 2 
2 --> 3 
3 --> 4 
4 --> 

* FSM state operations: 

State 1 <SV = 0> <Delay = 7.78>
ST_1 : Operation 7 [1/1] (0.00ns)   --->   "%acc = alloca i32 1" [bnn_top.cpp:81]   --->   Operation 7 'alloca' 'acc' <Predicate = true> <Delay = 0.00>
ST_1 : Operation 8 [1/1] (0.00ns)   --->   "%i = alloca i32 1" [bnn_top.cpp:82]   --->   Operation 8 'alloca' 'i' <Predicate = true> <Delay = 0.00>
ST_1 : Operation 9 [1/1] (0.00ns)   --->   "%o = alloca i32 1" [bnn_top.cpp:80]   --->   Operation 9 'alloca' 'o' <Predicate = true> <Delay = 0.00>
ST_1 : Operation 10 [1/1] (0.00ns)   --->   "%indvar_flatten20 = alloca i32 1"   --->   Operation 10 'alloca' 'indvar_flatten20' <Predicate = true> <Delay = 0.00>
ST_1 : Operation 11 [1/1] (0.00ns)   --->   "%specaxissidechannel_ln0 = specaxissidechannel void @_ssdm_op_SpecAXISSideChannel, i32 %s_axis_input_V_data_V, i4 %s_axis_input_V_keep_V, i4 %s_axis_input_V_strb_V, i1 %s_axis_input_V_user_V, i1 %s_axis_input_V_last_V, i1 %s_axis_input_V_id_V, i1 %s_axis_input_V_dest_V, void @empty_5"   --->   Operation 11 'specaxissidechannel' 'specaxissidechannel_ln0' <Predicate = true> <Delay = 0.00>
ST_1 : Operation 12 [1/1] (0.00ns)   --->   "%specinterface_ln0 = specinterface void @_ssdm_op_SpecInterface, i1 %s_axis_input_V_dest_V, void @empty, i32 0, i32 0, void @empty_0, i32 0, i32 0, void @empty_1, void @empty_1, void @empty_1, i32 0, i32 0, i32 0, i32 0, void @empty_1, void @empty_1, i32 4294967295, i32 0, i32 0"   --->   Operation 12 'specinterface' 'specinterface_ln0' <Predicate = true> <Delay = 0.00>
ST_1 : Operation 13 [1/1] (0.00ns)   --->   "%specinterface_ln0 = specinterface void @_ssdm_op_SpecInterface, i1 %s_axis_input_V_id_V, void @empty, i32 0, i32 0, void @empty_0, i32 0, i32 0, void @empty_1, void @empty_1, void @empty_1, i32 0, i32 0, i32 0, i32 0, void @empty_1, void @empty_1, i32 4294967295, i32 0, i32 0"   --->   Operation 13 'specinterface' 'specinterface_ln0' <Predicate = true> <Delay = 0.00>
ST_1 : Operation 14 [1/1] (0.00ns)   --->   "%specinterface_ln0 = specinterface void @_ssdm_op_SpecInterface, i1 %s_axis_input_V_last_V, void @empty, i32 0, i32 0, void @empty_0, i32 0, i32 0, void @empty_1, void @empty_1, void @empty_1, i32 0, i32 0, i32 0, i32 0, void @empty_1, void @empty_1, i32 4294967295, i32 0, i32 0"   --->   Operation 14 'specinterface' 'specinterface_ln0' <Predicate = true> <Delay = 0.00>
ST_1 : Operation 15 [1/1] (0.00ns)   --->   "%specinterface_ln0 = specinterface void @_ssdm_op_SpecInterface, i1 %s_axis_input_V_user_V, void @empty, i32 0, i32 0, void @empty_0, i32 0, i32 0, void @empty_1, void @empty_1, void @empty_1, i32 0, i32 0, i32 0, i32 0, void @empty_1, void @empty_1, i32 4294967295, i32 0, i32 0"   --->   Operation 15 'specinterface' 'specinterface_ln0' <Predicate = true> <Delay = 0.00>
ST_1 : Operation 16 [1/1] (0.00ns)   --->   "%specinterface_ln0 = specinterface void @_ssdm_op_SpecInterface, i4 %s_axis_input_V_strb_V, void @empty, i32 0, i32 0, void @empty_0, i32 0, i32 0, void @empty_1, void @empty_1, void @empty_1, i32 0, i32 0, i32 0, i32 0, void @empty_1, void @empty_1, i32 4294967295, i32 0, i32 0"   --->   Operation 16 'specinterface' 'specinterface_ln0' <Predicate = true> <Delay = 0.00>
ST_1 : Operation 17 [1/1] (0.00ns)   --->   "%specinterface_ln0 = specinterface void @_ssdm_op_SpecInterface, i4 %s_axis_input_V_keep_V, void @empty, i32 0, i32 0, void @empty_0, i32 0, i32 0, void @empty_1, void @empty_1, void @empty_1, i32 0, i32 0, i32 0, i32 0, void @empty_1, void @empty_1, i32 4294967295, i32 0, i32 0"   --->   Operation 17 'specinterface' 'specinterface_ln0' <Predicate = true> <Delay = 0.00>
ST_1 : Operation 18 [1/1] (0.00ns)   --->   "%specinterface_ln0 = specinterface void @_ssdm_op_SpecInterface, i32 %s_axis_input_V_data_V, void @empty, i32 0, i32 0, void @empty_0, i32 0, i32 0, void @empty_1, void @empty_1, void @empty_1, i32 0, i32 0, i32 0, i32 0, void @empty_1, void @empty_1, i32 4294967295, i32 0, i32 0"   --->   Operation 18 'specinterface' 'specinterface_ln0' <Predicate = true> <Delay = 0.00>
ST_1 : Operation 19 [1/1] (1.58ns)   --->   "%store_ln0 = store i10 0, i10 %indvar_flatten20"   --->   Operation 19 'store' 'store_ln0' <Predicate = true> <Delay = 1.58>
ST_1 : Operation 20 [1/1] (1.58ns)   --->   "%store_ln80 = store i2 0, i2 %o" [bnn_top.cpp:80]   --->   Operation 20 'store' 'store_ln80' <Predicate = true> <Delay = 1.58>
ST_1 : Operation 21 [1/1] (1.58ns)   --->   "%store_ln82 = store i9 0, i9 %i" [bnn_top.cpp:82]   --->   Operation 21 'store' 'store_ln82' <Predicate = true> <Delay = 1.58>
ST_1 : Operation 22 [1/1] (1.58ns)   --->   "%store_ln81 = store i32 0, i32 %acc" [bnn_top.cpp:81]   --->   Operation 22 'store' 'store_ln81' <Predicate = true> <Delay = 1.58>
ST_1 : Operation 23 [1/1] (0.00ns)   --->   "%br_ln80 = br void %for.body193" [bnn_top.cpp:80]   --->   Operation 23 'br' 'br_ln80' <Predicate = true> <Delay = 0.00>
ST_1 : Operation 24 [1/1] (0.00ns)   --->   "%indvar_flatten20_load = load i10 %indvar_flatten20" [bnn_top.cpp:80]   --->   Operation 24 'load' 'indvar_flatten20_load' <Predicate = true> <Delay = 0.00>
ST_1 : Operation 25 [1/1] (1.73ns)   --->   "%icmp_ln80 = icmp_eq  i10 %indvar_flatten20_load, i10 512" [bnn_top.cpp:80]   --->   Operation 25 'icmp' 'icmp_ln80' <Predicate = true> <Delay = 1.73> <CoreInst = "Cmp">   --->   Core 9 'Cmp' <Latency = 0> <II = 1> <Delay = 1.63> <FuncUnit> <Opcode : 'seteq' 'setne' 'setle' 'setge' 'setlt' 'setgt'> <InPorts = 2> <OutPorts = 1>
ST_1 : Operation 26 [1/1] (1.73ns)   --->   "%add_ln80 = add i10 %indvar_flatten20_load, i10 1" [bnn_top.cpp:80]   --->   Operation 26 'add' 'add_ln80' <Predicate = true> <Delay = 1.73> <CoreInst = "Adder">   --->   Core 1 'Adder' <Latency = 0> <II = 1> <Delay = 1.73> <FuncUnit> <Opcode : 'add' 'sub'> <InPorts = 2> <OutPorts = 1>
ST_1 : Operation 27 [1/1] (0.00ns)   --->   "%br_ln80 = br i1 %icmp_ln80, void %for.end210, void %for.body221.preheader.exitStub" [bnn_top.cpp:80]   --->   Operation 27 'br' 'br_ln80' <Predicate = true> <Delay = 0.00>
ST_1 : Operation 28 [1/1] (0.00ns)   --->   "%i_load = load i9 %i" [bnn_top.cpp:82]   --->   Operation 28 'load' 'i_load' <Predicate = (!icmp_ln80)> <Delay = 0.00>
ST_1 : Operation 29 [1/1] (1.82ns)   --->   "%icmp_ln82 = icmp_eq  i9 %i_load, i9 256" [bnn_top.cpp:82]   --->   Operation 29 'icmp' 'icmp_ln82' <Predicate = (!icmp_ln80)> <Delay = 1.82> <CoreInst = "Cmp">   --->   Core 9 'Cmp' <Latency = 0> <II = 1> <Delay = 1.73> <FuncUnit> <Opcode : 'seteq' 'setne' 'setle' 'setge' 'setlt' 'setgt'> <InPorts = 2> <OutPorts = 1>
ST_1 : Operation 30 [1/1] (0.96ns)   --->   "%select_ln80 = select i1 %icmp_ln82, i9 0, i9 %i_load" [bnn_top.cpp:80]   --->   Operation 30 'select' 'select_ln80' <Predicate = (!icmp_ln80)> <Delay = 0.96> <CoreInst = "Sel">   --->   Core 73 'Sel' <Latency = 0> <II = 1> <Delay = 0.96> <FuncUnit> <Opcode : 'select'> <InPorts = 3> <OutPorts = 1>
ST_1 : Operation 31 [1/1] (0.00ns)   --->   "%zext_ln82 = zext i9 %select_ln80" [bnn_top.cpp:82]   --->   Operation 31 'zext' 'zext_ln82' <Predicate = (!icmp_ln80)> <Delay = 0.00>
ST_1 : Operation 32 [1/1] (0.00ns)   --->   "%act3_addr = getelementptr i16 %act3, i64 0, i64 %zext_ln82" [bnn_top.cpp:85]   --->   Operation 32 'getelementptr' 'act3_addr' <Predicate = (!icmp_ln80)> <Delay = 0.00>
ST_1 : Operation 33 [2/2] (3.25ns)   --->   "%act3_load = load i8 %act3_addr" [bnn_top.cpp:85]   --->   Operation 33 'load' 'act3_load' <Predicate = (!icmp_ln80)> <Delay = 3.25> <CoreInst = "RAM">   --->   Core 81 'RAM' <Latency = 1> <II = 1> <Delay = 3.25> <Storage> <Opcode : 'load' 'store'> <Ports = 2> <Width = 16> <Depth = 256> <RAM>
ST_1 : Operation 34 [1/1] (1.82ns)   --->   "%add_ln82 = add i9 %select_ln80, i9 1" [bnn_top.cpp:82]   --->   Operation 34 'add' 'add_ln82' <Predicate = (!icmp_ln80)> <Delay = 1.82> <CoreInst = "Adder">   --->   Core 1 'Adder' <Latency = 0> <II = 1> <Delay = 1.82> <FuncUnit> <Opcode : 'add' 'sub'> <InPorts = 2> <OutPorts = 1>
ST_1 : Operation 35 [1/1] (1.58ns)   --->   "%store_ln80 = store i10 %add_ln80, i10 %indvar_flatten20" [bnn_top.cpp:80]   --->   Operation 35 'store' 'store_ln80' <Predicate = (!icmp_ln80)> <Delay = 1.58>
ST_1 : Operation 36 [1/1] (1.58ns)   --->   "%store_ln82 = store i9 %add_ln82, i9 %i" [bnn_top.cpp:82]   --->   Operation 36 'store' 'store_ln82' <Predicate = (!icmp_ln80)> <Delay = 1.58>

State 2 <SV = 1> <Delay = 10.1>
ST_2 : Operation 37 [1/1] (0.00ns)   --->   "%o_load = load i2 %o" [bnn_top.cpp:80]   --->   Operation 37 'load' 'o_load' <Predicate = true> <Delay = 0.00>
ST_2 : Operation 38 [1/1] (1.56ns)   --->   "%add_ln80_1 = add i2 %o_load, i2 1" [bnn_top.cpp:80]   --->   Operation 38 'add' 'add_ln80_1' <Predicate = (icmp_ln82)> <Delay = 1.56> <CoreInst = "Adder">   --->   Core 1 'Adder' <Latency = 0> <II = 1> <Delay = 1.56> <FuncUnit> <Opcode : 'add' 'sub'> <InPorts = 2> <OutPorts = 1>
ST_2 : Operation 39 [1/1] (0.99ns)   --->   "%select_ln80_1 = select i1 %icmp_ln82, i2 %add_ln80_1, i2 %o_load" [bnn_top.cpp:80]   --->   Operation 39 'select' 'select_ln80_1' <Predicate = true> <Delay = 0.99> <CoreInst = "Sel">   --->   Core 73 'Sel' <Latency = 0> <II = 1> <Delay = 0.99> <FuncUnit> <Opcode : 'select'> <InPorts = 3> <OutPorts = 1>
ST_2 : Operation 40 [1/1] (0.51ns)   --->   "%empty = read i44 @_ssdm_op_Read.axis.volatile.i32P0A.i4P0A.i4P0A.i1P0A.i1P0A.i1P0A.i1P0A, i32 %s_axis_input_V_data_V, i4 %s_axis_input_V_keep_V, i4 %s_axis_input_V_strb_V, i1 %s_axis_input_V_user_V, i1 %s_axis_input_V_last_V, i1 %s_axis_input_V_id_V, i1 %s_axis_input_V_dest_V" [bnn_top.cpp:84]   --->   Operation 40 'read' 'empty' <Predicate = true> <Delay = 0.51> <CoreInst = "regslice">   --->   Core 135 'regslice' <Latency = 0> <II = 1> <Delay = 1.86> <Adapter> <Opcode : 'read' 'write'>
ST_2 : Operation 41 [1/1] (0.00ns)   --->   "%p_s = extractvalue i44 %empty" [bnn_top.cpp:84]   --->   Operation 41 'extractvalue' 'p_s' <Predicate = true> <Delay = 0.00>
ST_2 : Operation 42 [1/1] (0.00ns)   --->   "%trunc_ln85 = trunc i32 %p_s" [bnn_top.cpp:85]   --->   Operation 42 'trunc' 'trunc_ln85' <Predicate = true> <Delay = 0.00>
ST_2 : Operation 43 [1/1] (0.00ns)   --->   "%shl_ln6 = bitconcatenate i26 @_ssdm_op_BitConcatenate.i26.i16.i10, i16 %trunc_ln85, i10 0" [bnn_top.cpp:85]   --->   Operation 43 'bitconcatenate' 'shl_ln6' <Predicate = true> <Delay = 0.00>
ST_2 : Operation 44 [1/2] ( I:3.25ns O:3.25ns )   --->   "%act3_load = load i8 %act3_addr" [bnn_top.cpp:85]   --->   Operation 44 'load' 'act3_load' <Predicate = true> <Delay = 3.25> <CoreInst = "RAM">   --->   Core 81 'RAM' <Latency = 1> <II = 1> <Delay = 3.25> <Storage> <Opcode : 'load' 'store'> <Ports = 2> <Width = 16> <Depth = 256> <RAM>
ST_2 : Operation 45 [1/1] (0.00ns)   --->   "%shl_ln85_1 = bitconcatenate i26 @_ssdm_op_BitConcatenate.i26.i16.i10, i16 %act3_load, i10 0" [bnn_top.cpp:85]   --->   Operation 45 'bitconcatenate' 'shl_ln85_1' <Predicate = true> <Delay = 0.00>
ST_2 : Operation 46 [1/1] (0.00ns)   --->   "%sext_ln85 = sext i26 %shl_ln6" [bnn_top.cpp:85]   --->   Operation 46 'sext' 'sext_ln85' <Predicate = true> <Delay = 0.00>
ST_2 : Operation 47 [1/1] (0.00ns)   --->   "%sext_ln85_1 = sext i26 %shl_ln85_1" [bnn_top.cpp:85]   --->   Operation 47 'sext' 'sext_ln85_1' <Predicate = true> <Delay = 0.00>
ST_2 : Operation 48 [1/1] (6.91ns)   --->   "%mul_ln85 = mul i52 %sext_ln85_1, i52 %sext_ln85" [bnn_top.cpp:85]   --->   Operation 48 'mul' 'mul_ln85' <Predicate = true> <Delay = 6.91> <CoreInst = "Multiplier">   --->   Core 3 'Multiplier' <Latency = 0> <II = 1> <Delay = 6.91> <FuncUnit> <Opcode : 'mul'> <InPorts = 2> <OutPorts = 1>
ST_2 : Operation 49 [1/1] (1.82ns)   --->   "%icmp_ln82_1 = icmp_eq  i9 %add_ln82, i9 256" [bnn_top.cpp:82]   --->   Operation 49 'icmp' 'icmp_ln82_1' <Predicate = true> <Delay = 1.82> <CoreInst = "Cmp">   --->   Core 9 'Cmp' <Latency = 0> <II = 1> <Delay = 1.73> <FuncUnit> <Opcode : 'seteq' 'setne' 'setle' 'setge' 'setlt' 'setgt'> <InPorts = 2> <OutPorts = 1>
ST_2 : Operation 50 [1/1] (1.56ns)   --->   "%icmp_ln87_4 = icmp_eq  i2 %select_ln80_1, i2 0" [bnn_top.cpp:87]   --->   Operation 50 'icmp' 'icmp_ln87_4' <Predicate = true> <Delay = 1.56> <CoreInst = "Cmp">   --->   Core 9 'Cmp' <Latency = 0> <II = 1> <Delay = 1.56> <FuncUnit> <Opcode : 'seteq' 'setne' 'setle' 'setge' 'setlt' 'setgt'> <InPorts = 2> <OutPorts = 1>
ST_2 : Operation 51 [1/1] (0.00ns)   --->   "%br_ln82 = br i1 %icmp_ln82_1, void %new.latch.for.body193.split, void %last.iter.for.body193.split" [bnn_top.cpp:82]   --->   Operation 51 'br' 'br_ln82' <Predicate = true> <Delay = 0.00>
ST_2 : Operation 52 [1/1] (0.00ns)   --->   "%br_ln87 = br i1 %icmp_ln87_4, void %arrayidx213.case.1, void %arrayidx213.case.0" [bnn_top.cpp:87]   --->   Operation 52 'br' 'br_ln87' <Predicate = (icmp_ln82_1)> <Delay = 0.00>
ST_2 : Operation 53 [1/1] (0.00ns)   --->   "%br_ln82 = br void %new.latch.for.body193.split" [bnn_top.cpp:82]   --->   Operation 53 'br' 'br_ln82' <Predicate = (icmp_ln82_1)> <Delay = 0.00>
ST_2 : Operation 54 [1/1] (1.58ns)   --->   "%store_ln80 = store i2 %select_ln80_1, i2 %o" [bnn_top.cpp:80]   --->   Operation 54 'store' 'store_ln80' <Predicate = true> <Delay = 1.58>

State 3 <SV = 2> <Delay = 10.7>
ST_3 : Operation 55 [1/1] (0.00ns)   --->   "%acc_load = load i32 %acc" [bnn_top.cpp:80]   --->   Operation 55 'load' 'acc_load' <Predicate = (!icmp_ln82)> <Delay = 0.00>
ST_3 : Operation 56 [1/1] (0.69ns)   --->   "%select_ln80_2 = select i1 %icmp_ln82, i32 0, i32 %acc_load" [bnn_top.cpp:80]   --->   Operation 56 'select' 'select_ln80_2' <Predicate = true> <Delay = 0.69> <CoreInst = "Sel">   --->   Core 73 'Sel' <Latency = 0> <II = 1> <Delay = 0.69> <FuncUnit> <Opcode : 'select'> <InPorts = 3> <OutPorts = 1>
ST_3 : Operation 57 [1/1] (0.00ns)   --->   "%shl_ln85_2 = bitconcatenate i52 @_ssdm_op_BitConcatenate.i52.i32.i20, i32 %select_ln80_2, i20 0" [bnn_top.cpp:85]   --->   Operation 57 'bitconcatenate' 'shl_ln85_2' <Predicate = true> <Delay = 0.00>
ST_3 : Operation 58 [1/1] (0.00ns)   --->   "%sext_ln85_2 = sext i52 %shl_ln85_2" [bnn_top.cpp:85]   --->   Operation 58 'sext' 'sext_ln85_2' <Predicate = true> <Delay = 0.00>
ST_3 : Operation 59 [1/1] (0.00ns)   --->   "%sext_ln85_3 = sext i52 %mul_ln85" [bnn_top.cpp:85]   --->   Operation 59 'sext' 'sext_ln85_3' <Predicate = true> <Delay = 0.00>
ST_3 : Operation 60 [1/1] (3.21ns)   --->   "%add_ln85_1 = add i52 %shl_ln85_2, i52 %mul_ln85" [bnn_top.cpp:85]   --->   Operation 60 'add' 'add_ln85_1' <Predicate = true> <Delay = 3.21> <CoreInst = "Adder">   --->   Core 1 'Adder' <Latency = 0> <II = 1> <Delay = 3.21> <FuncUnit> <Opcode : 'add' 'sub'> <InPorts = 2> <OutPorts = 1>
ST_3 : Operation 61 [1/1] (3.21ns)   --->   "%add_ln85 = add i53 %sext_ln85_2, i53 %sext_ln85_3" [bnn_top.cpp:85]   --->   Operation 61 'add' 'add_ln85' <Predicate = true> <Delay = 3.21> <CoreInst = "Adder">   --->   Core 1 'Adder' <Latency = 0> <II = 1> <Delay = 3.23> <FuncUnit> <Opcode : 'add' 'sub'> <InPorts = 2> <OutPorts = 1>
ST_3 : Operation 62 [1/1] (0.00ns)   --->   "%tmp = bitselect i1 @_ssdm_op_BitSelect.i1.i53.i32, i53 %add_ln85, i32 52" [bnn_top.cpp:85]   --->   Operation 62 'bitselect' 'tmp' <Predicate = true> <Delay = 0.00>
ST_3 : Operation 63 [1/1] (0.00ns) (grouped into LUT with out node acc_2)   --->   "%acc_1 = partselect i32 @_ssdm_op_PartSelect.i32.i52.i32.i32, i52 %add_ln85_1, i32 20, i32 51" [bnn_top.cpp:85]   --->   Operation 63 'partselect' 'acc_1' <Predicate = true> <Delay = 0.00>
ST_3 : Operation 64 [1/1] (0.00ns) (grouped into LUT with out node acc_2)   --->   "%tmp_1 = bitselect i1 @_ssdm_op_BitSelect.i1.i52.i32, i52 %mul_ln85, i32 19" [bnn_top.cpp:85]   --->   Operation 64 'bitselect' 'tmp_1' <Predicate = true> <Delay = 0.00>
ST_3 : Operation 65 [1/1] (0.00ns)   --->   "%tmp_2 = bitselect i1 @_ssdm_op_BitSelect.i1.i52.i32, i52 %add_ln85_1, i32 51" [bnn_top.cpp:85]   --->   Operation 65 'bitselect' 'tmp_2' <Predicate = true> <Delay = 0.00>
ST_3 : Operation 66 [1/1] (0.00ns) (grouped into LUT with out node acc_2)   --->   "%and_ln85 = and i1 %tmp, i1 %tmp_1" [bnn_top.cpp:85]   --->   Operation 66 'and' 'and_ln85' <Predicate = true> <Delay = 0.00> <CoreInst = "LogicGate">   --->   Core 74 'LogicGate' <Latency = 0> <II = 1> <Delay = 0.97> <FuncUnit> <Opcode : 'and' 'or' 'xor'> <InPorts = 2> <OutPorts = 1>
ST_3 : Operation 67 [1/1] (0.00ns) (grouped into LUT with out node acc_2)   --->   "%zext_ln85 = zext i1 %and_ln85" [bnn_top.cpp:85]   --->   Operation 67 'zext' 'zext_ln85' <Predicate = true> <Delay = 0.00>
ST_3 : Operation 68 [1/1] (2.55ns) (out node of the LUT)   --->   "%acc_2 = add i32 %acc_1, i32 %zext_ln85" [bnn_top.cpp:85]   --->   Operation 68 'add' 'acc_2' <Predicate = true> <Delay = 2.55> <CoreInst = "Adder">   --->   Core 1 'Adder' <Latency = 0> <II = 1> <Delay = 2.55> <FuncUnit> <Opcode : 'add' 'sub'> <InPorts = 2> <OutPorts = 1>
ST_3 : Operation 69 [1/1] (0.00ns)   --->   "%tmp_3 = bitselect i1 @_ssdm_op_BitSelect.i1.i32.i32, i32 %acc_2, i32 31" [bnn_top.cpp:85]   --->   Operation 69 'bitselect' 'tmp_3' <Predicate = true> <Delay = 0.00>
ST_3 : Operation 70 [1/1] (0.00ns) (grouped into LUT with out node or_ln85_2)   --->   "%xor_ln85 = xor i1 %tmp_3, i1 1" [bnn_top.cpp:85]   --->   Operation 70 'xor' 'xor_ln85' <Predicate = true> <Delay = 0.00> <CoreInst = "LogicGate">   --->   Core 74 'LogicGate' <Latency = 0> <II = 1> <Delay = 0.97> <FuncUnit> <Opcode : 'and' 'or' 'xor'> <InPorts = 2> <OutPorts = 1>
ST_3 : Operation 71 [1/1] (0.00ns) (grouped into LUT with out node or_ln85_2)   --->   "%and_ln85_1 = and i1 %tmp_2, i1 %xor_ln85" [bnn_top.cpp:85]   --->   Operation 71 'and' 'and_ln85_1' <Predicate = true> <Delay = 0.00> <CoreInst = "LogicGate">   --->   Core 74 'LogicGate' <Latency = 0> <II = 1> <Delay = 0.97> <FuncUnit> <Opcode : 'and' 'or' 'xor'> <InPorts = 2> <OutPorts = 1>
ST_3 : Operation 72 [1/1] (0.00ns) (grouped into LUT with out node and_ln85_2)   --->   "%xor_ln85_2 = xor i1 %tmp_2, i1 1" [bnn_top.cpp:85]   --->   Operation 72 'xor' 'xor_ln85_2' <Predicate = true> <Delay = 0.00> <CoreInst = "LogicGate">   --->   Core 74 'LogicGate' <Latency = 0> <II = 1> <Delay = 0.97> <FuncUnit> <Opcode : 'and' 'or' 'xor'> <InPorts = 2> <OutPorts = 1>
ST_3 : Operation 73 [1/1] (0.00ns) (grouped into LUT with out node and_ln85_2)   --->   "%or_ln85 = or i1 %tmp_3, i1 %xor_ln85_2" [bnn_top.cpp:85]   --->   Operation 73 'or' 'or_ln85' <Predicate = true> <Delay = 0.00> <CoreInst = "LogicGate">   --->   Core 74 'LogicGate' <Latency = 0> <II = 1> <Delay = 0.97> <FuncUnit> <Opcode : 'and' 'or' 'xor'> <InPorts = 2> <OutPorts = 1>
ST_3 : Operation 74 [1/1] (0.00ns) (grouped into LUT with out node and_ln85_2)   --->   "%xor_ln85_1 = xor i1 %tmp, i1 1" [bnn_top.cpp:85]   --->   Operation 74 'xor' 'xor_ln85_1' <Predicate = true> <Delay = 0.00> <CoreInst = "LogicGate">   --->   Core 74 'LogicGate' <Latency = 0> <II = 1> <Delay = 0.97> <FuncUnit> <Opcode : 'and' 'or' 'xor'> <InPorts = 2> <OutPorts = 1>
ST_3 : Operation 75 [1/1] (0.00ns) (grouped into LUT with out node and_ln85_2)   --->   "%xor_ln85_4 = xor i1 %or_ln85, i1 1" [bnn_top.cpp:85]   --->   Operation 75 'xor' 'xor_ln85_4' <Predicate = true> <Delay = 0.00> <CoreInst = "LogicGate">   --->   Core 74 'LogicGate' <Latency = 0> <II = 1> <Delay = 0.97> <FuncUnit> <Opcode : 'and' 'or' 'xor'> <InPorts = 2> <OutPorts = 1>
ST_3 : Operation 76 [1/1] (0.00ns) (grouped into LUT with out node and_ln85_2)   --->   "%xor_ln85_3 = xor i1 %xor_ln85_4, i1 %tmp" [bnn_top.cpp:85]   --->   Operation 76 'xor' 'xor_ln85_3' <Predicate = true> <Delay = 0.00> <CoreInst = "LogicGate">   --->   Core 74 'LogicGate' <Latency = 0> <II = 1> <Delay = 0.97> <FuncUnit> <Opcode : 'and' 'or' 'xor'> <InPorts = 2> <OutPorts = 1>
ST_3 : Operation 77 [1/1] (0.00ns) (grouped into LUT with out node and_ln85_2)   --->   "%or_ln85_1 = or i1 %tmp_3, i1 %xor_ln85_3" [bnn_top.cpp:85]   --->   Operation 77 'or' 'or_ln85_1' <Predicate = true> <Delay = 0.00> <CoreInst = "LogicGate">   --->   Core 74 'LogicGate' <Latency = 0> <II = 1> <Delay = 0.97> <FuncUnit> <Opcode : 'and' 'or' 'xor'> <InPorts = 2> <OutPorts = 1>
ST_3 : Operation 78 [1/1] (0.97ns) (out node of the LUT)   --->   "%and_ln85_2 = and i1 %or_ln85_1, i1 %xor_ln85_1" [bnn_top.cpp:85]   --->   Operation 78 'and' 'and_ln85_2' <Predicate = true> <Delay = 0.97> <CoreInst = "LogicGate">   --->   Core 74 'LogicGate' <Latency = 0> <II = 1> <Delay = 0.97> <FuncUnit> <Opcode : 'and' 'or' 'xor'> <InPorts = 2> <OutPorts = 1>
ST_3 : Operation 79 [1/1] (0.00ns) (grouped into LUT with out node or_ln85_2)   --->   "%or_ln85_3 = or i1 %and_ln85_1, i1 %tmp_3" [bnn_top.cpp:85]   --->   Operation 79 'or' 'or_ln85_3' <Predicate = true> <Delay = 0.00> <CoreInst = "LogicGate">   --->   Core 74 'LogicGate' <Latency = 0> <II = 1> <Delay = 0.97> <FuncUnit> <Opcode : 'and' 'or' 'xor'> <InPorts = 2> <OutPorts = 1>
ST_3 : Operation 80 [1/1] (0.00ns) (grouped into LUT with out node or_ln85_2)   --->   "%xor_ln85_5 = xor i1 %or_ln85_3, i1 1" [bnn_top.cpp:85]   --->   Operation 80 'xor' 'xor_ln85_5' <Predicate = true> <Delay = 0.00> <CoreInst = "LogicGate">   --->   Core 74 'LogicGate' <Latency = 0> <II = 1> <Delay = 0.97> <FuncUnit> <Opcode : 'and' 'or' 'xor'> <InPorts = 2> <OutPorts = 1>
ST_3 : Operation 81 [1/1] (0.00ns) (grouped into LUT with out node or_ln85_2)   --->   "%and_ln85_3 = and i1 %tmp, i1 %xor_ln85_5" [bnn_top.cpp:85]   --->   Operation 81 'and' 'and_ln85_3' <Predicate = true> <Delay = 0.00> <CoreInst = "LogicGate">   --->   Core 74 'LogicGate' <Latency = 0> <II = 1> <Delay = 0.97> <FuncUnit> <Opcode : 'and' 'or' 'xor'> <InPorts = 2> <OutPorts = 1>
ST_3 : Operation 82 [1/1] (0.00ns) (grouped into LUT with out node acc_3)   --->   "%select_ln85 = select i1 %and_ln85_2, i32 2147483647, i32 2147483648" [bnn_top.cpp:85]   --->   Operation 82 'select' 'select_ln85' <Predicate = true> <Delay = 0.00> <CoreInst = "Sel">   --->   Core 73 'Sel' <Latency = 0> <II = 1> <Delay = 0.80> <FuncUnit> <Opcode : 'select'> <InPorts = 3> <OutPorts = 1>
ST_3 : Operation 83 [1/1] (0.97ns) (out node of the LUT)   --->   "%or_ln85_2 = or i1 %and_ln85_2, i1 %and_ln85_3" [bnn_top.cpp:85]   --->   Operation 83 'or' 'or_ln85_2' <Predicate = true> <Delay = 0.97> <CoreInst = "LogicGate">   --->   Core 74 'LogicGate' <Latency = 0> <II = 1> <Delay = 0.97> <FuncUnit> <Opcode : 'and' 'or' 'xor'> <InPorts = 2> <OutPorts = 1>
ST_3 : Operation 84 [1/1] (0.69ns) (out node of the LUT)   --->   "%acc_3 = select i1 %or_ln85_2, i32 %select_ln85, i32 %acc_2" [bnn_top.cpp:85]   --->   Operation 84 'select' 'acc_3' <Predicate = true> <Delay = 0.69> <CoreInst = "Sel">   --->   Core 73 'Sel' <Latency = 0> <II = 1> <Delay = 0.69> <FuncUnit> <Opcode : 'select'> <InPorts = 3> <OutPorts = 1>
ST_3 : Operation 85 [1/1] (0.00ns)   --->   "%tmp_4 = bitselect i1 @_ssdm_op_BitSelect.i1.i32.i32, i32 %acc_3, i32 31" [bnn_top.cpp:87]   --->   Operation 85 'bitselect' 'tmp_4' <Predicate = true> <Delay = 0.00>
ST_3 : Operation 86 [1/1] (0.00ns)   --->   "%trunc_ln87 = trunc i32 %acc_3" [bnn_top.cpp:87]   --->   Operation 86 'trunc' 'trunc_ln87' <Predicate = true> <Delay = 0.00>
ST_3 : Operation 87 [1/1] (0.00ns)   --->   "%tmp_s = partselect i5 @_ssdm_op_PartSelect.i5.i32.i32, i32 %acc_3, i32 27" [bnn_top.cpp:87]   --->   Operation 87 'partselect' 'tmp_s' <Predicate = true> <Delay = 0.00>
ST_3 : Operation 88 [1/1] (0.00ns)   --->   "%tmp_9 = partselect i6 @_ssdm_op_PartSelect.i6.i32.i32, i32 %acc_3, i32 26" [bnn_top.cpp:87]   --->   Operation 88 'partselect' 'tmp_9' <Predicate = true> <Delay = 0.00>
ST_3 : Operation 89 [1/1] (1.58ns)   --->   "%store_ln81 = store i32 %acc_3, i32 %acc" [bnn_top.cpp:81]   --->   Operation 89 'store' 'store_ln81' <Predicate = true> <Delay = 1.58>
ST_3 : Operation 90 [1/1] (0.00ns)   --->   "%br_ln82 = br void %for.body193" [bnn_top.cpp:82]   --->   Operation 90 'br' 'br_ln82' <Predicate = true> <Delay = 0.00>
ST_3 : Operation 129 [1/1] (1.58ns)   --->   "%ret_ln0 = ret"   --->   Operation 129 'ret' 'ret_ln0' <Predicate = (icmp_ln80)> <Delay = 1.58>

State 4 <SV = 3> <Delay = 7.65>
ST_4 : Operation 91 [1/1] (0.00ns)   --->   "%specloopname_ln0 = specloopname void @_ssdm_op_SpecLoopName, void @L4_W_L4_IN_str"   --->   Operation 91 'specloopname' 'specloopname_ln0' <Predicate = true> <Delay = 0.00>
ST_4 : Operation 92 [1/1] (0.00ns)   --->   "%speclooptripcount_ln0 = speclooptripcount void @_ssdm_op_SpecLoopTripCount, i64 512, i64 512, i64 512"   --->   Operation 92 'speclooptripcount' 'speclooptripcount_ln0' <Predicate = true> <Delay = 0.00>
ST_4 : Operation 93 [1/1] (0.00ns)   --->   "%specpipeline_ln83 = specpipeline void @_ssdm_op_SpecPipeline, i32 1, i32 0, i32 0, i32 0, void @empty_1" [bnn_top.cpp:83]   --->   Operation 93 'specpipeline' 'specpipeline_ln83' <Predicate = true> <Delay = 0.00>
ST_4 : Operation 94 [1/1] (0.00ns) (grouped into LUT with out node add_ln87)   --->   "%trunc_ln3 = partselect i16 @_ssdm_op_PartSelect.i16.i32.i32.i32, i32 %acc_3, i32 10, i32 25" [bnn_top.cpp:87]   --->   Operation 94 'partselect' 'trunc_ln3' <Predicate = true> <Delay = 0.00>
ST_4 : Operation 95 [1/1] (0.00ns) (grouped into LUT with out node add_ln87)   --->   "%tmp_5 = bitselect i1 @_ssdm_op_BitSelect.i1.i32.i32, i32 %acc_3, i32 9" [bnn_top.cpp:87]   --->   Operation 95 'bitselect' 'tmp_5' <Predicate = true> <Delay = 0.00>
ST_4 : Operation 96 [1/1] (1.82ns)   --->   "%icmp_ln87 = icmp_ne  i9 %trunc_ln87, i9 0" [bnn_top.cpp:87]   --->   Operation 96 'icmp' 'icmp_ln87' <Predicate = true> <Delay = 1.82> <CoreInst = "Cmp">   --->   Core 9 'Cmp' <Latency = 0> <II = 1> <Delay = 1.82> <FuncUnit> <Opcode : 'seteq' 'setne' 'setle' 'setge' 'setlt' 'setgt'> <InPorts = 2> <OutPorts = 1>
ST_4 : Operation 97 [1/1] (0.00ns) (grouped into LUT with out node and_ln87_1)   --->   "%tmp_6 = bitselect i1 @_ssdm_op_BitSelect.i1.i32.i32, i32 %acc_3, i32 25" [bnn_top.cpp:87]   --->   Operation 97 'bitselect' 'tmp_6' <Predicate = true> <Delay = 0.00>
ST_4 : Operation 98 [1/1] (0.00ns) (grouped into LUT with out node add_ln87)   --->   "%or_ln87 = or i1 %tmp_4, i1 %icmp_ln87" [bnn_top.cpp:87]   --->   Operation 98 'or' 'or_ln87' <Predicate = true> <Delay = 0.00> <CoreInst = "LogicGate">   --->   Core 74 'LogicGate' <Latency = 0> <II = 1> <Delay = 0.97> <FuncUnit> <Opcode : 'and' 'or' 'xor'> <InPorts = 2> <OutPorts = 1>
ST_4 : Operation 99 [1/1] (0.00ns) (grouped into LUT with out node add_ln87)   --->   "%and_ln87 = and i1 %or_ln87, i1 %tmp_5" [bnn_top.cpp:87]   --->   Operation 99 'and' 'and_ln87' <Predicate = true> <Delay = 0.00> <CoreInst = "LogicGate">   --->   Core 74 'LogicGate' <Latency = 0> <II = 1> <Delay = 0.97> <FuncUnit> <Opcode : 'and' 'or' 'xor'> <InPorts = 2> <OutPorts = 1>
ST_4 : Operation 100 [1/1] (0.00ns) (grouped into LUT with out node add_ln87)   --->   "%zext_ln87 = zext i1 %and_ln87" [bnn_top.cpp:87]   --->   Operation 100 'zext' 'zext_ln87' <Predicate = true> <Delay = 0.00>
ST_4 : Operation 101 [1/1] (2.07ns) (out node of the LUT)   --->   "%add_ln87 = add i16 %trunc_ln3, i16 %zext_ln87" [bnn_top.cpp:87]   --->   Operation 101 'add' 'add_ln87' <Predicate = true> <Delay = 2.07> <CoreInst = "Adder">   --->   Core 1 'Adder' <Latency = 0> <II = 1> <Delay = 2.07> <FuncUnit> <Opcode : 'add' 'sub'> <InPorts = 2> <OutPorts = 1>
ST_4 : Operation 102 [1/1] (0.00ns)   --->   "%tmp_7 = bitselect i1 @_ssdm_op_BitSelect.i1.i16.i32, i16 %add_ln87, i32 15" [bnn_top.cpp:87]   --->   Operation 102 'bitselect' 'tmp_7' <Predicate = true> <Delay = 0.00>
ST_4 : Operation 103 [1/1] (0.00ns) (grouped into LUT with out node and_ln87_1)   --->   "%xor_ln87 = xor i1 %tmp_7, i1 1" [bnn_top.cpp:87]   --->   Operation 103 'xor' 'xor_ln87' <Predicate = true> <Delay = 0.00> <CoreInst = "LogicGate">   --->   Core 74 'LogicGate' <Latency = 0> <II = 1> <Delay = 0.97> <FuncUnit> <Opcode : 'and' 'or' 'xor'> <InPorts = 2> <OutPorts = 1>
ST_4 : Operation 104 [1/1] (0.97ns) (out node of the LUT)   --->   "%and_ln87_1 = and i1 %tmp_6, i1 %xor_ln87" [bnn_top.cpp:87]   --->   Operation 104 'and' 'and_ln87_1' <Predicate = true> <Delay = 0.97> <CoreInst = "LogicGate">   --->   Core 74 'LogicGate' <Latency = 0> <II = 1> <Delay = 0.97> <FuncUnit> <Opcode : 'and' 'or' 'xor'> <InPorts = 2> <OutPorts = 1>
ST_4 : Operation 105 [1/1] (0.00ns) (grouped into LUT with out node and_ln87_5)   --->   "%tmp_8 = bitselect i1 @_ssdm_op_BitSelect.i1.i32.i32, i32 %acc_3, i32 26" [bnn_top.cpp:87]   --->   Operation 105 'bitselect' 'tmp_8' <Predicate = true> <Delay = 0.00>
ST_4 : Operation 106 [1/1] (1.78ns)   --->   "%icmp_ln87_1 = icmp_eq  i5 %tmp_s, i5 31" [bnn_top.cpp:87]   --->   Operation 106 'icmp' 'icmp_ln87_1' <Predicate = true> <Delay = 1.78> <CoreInst = "Cmp">   --->   Core 9 'Cmp' <Latency = 0> <II = 1> <Delay = 1.78> <FuncUnit> <Opcode : 'seteq' 'setne' 'setle' 'setge' 'setlt' 'setgt'> <InPorts = 2> <OutPorts = 1>
ST_4 : Operation 107 [1/1] (1.82ns)   --->   "%icmp_ln87_2 = icmp_eq  i6 %tmp_9, i6 63" [bnn_top.cpp:87]   --->   Operation 107 'icmp' 'icmp_ln87_2' <Predicate = true> <Delay = 1.82> <CoreInst = "Cmp">   --->   Core 9 'Cmp' <Latency = 0> <II = 1> <Delay = 1.82> <FuncUnit> <Opcode : 'seteq' 'setne' 'setle' 'setge' 'setlt' 'setgt'> <InPorts = 2> <OutPorts = 1>
ST_4 : Operation 108 [1/1] (1.82ns)   --->   "%icmp_ln87_3 = icmp_eq  i6 %tmp_9, i6 0" [bnn_top.cpp:87]   --->   Operation 108 'icmp' 'icmp_ln87_3' <Predicate = true> <Delay = 1.82> <CoreInst = "Cmp">   --->   Core 9 'Cmp' <Latency = 0> <II = 1> <Delay = 1.82> <FuncUnit> <Opcode : 'seteq' 'setne' 'setle' 'setge' 'setlt' 'setgt'> <InPorts = 2> <OutPorts = 1>
ST_4 : Operation 109 [1/1] (0.00ns) (grouped into LUT with out node and_ln87_4)   --->   "%select_ln87 = select i1 %and_ln87_1, i1 %icmp_ln87_2, i1 %icmp_ln87_3" [bnn_top.cpp:87]   --->   Operation 109 'select' 'select_ln87' <Predicate = true> <Delay = 0.00> <CoreInst = "Sel">   --->   Core 73 'Sel' <Latency = 0> <II = 1> <Delay = 0.99> <FuncUnit> <Opcode : 'select'> <InPorts = 3> <OutPorts = 1>
ST_4 : Operation 110 [1/1] (0.00ns) (grouped into LUT with out node and_ln87_5)   --->   "%xor_ln87_1 = xor i1 %tmp_8, i1 1" [bnn_top.cpp:87]   --->   Operation 110 'xor' 'xor_ln87_1' <Predicate = true> <Delay = 0.00> <CoreInst = "LogicGate">   --->   Core 74 'LogicGate' <Latency = 0> <II = 1> <Delay = 0.97> <FuncUnit> <Opcode : 'and' 'or' 'xor'> <InPorts = 2> <OutPorts = 1>
ST_4 : Operation 111 [1/1] (0.00ns) (grouped into LUT with out node and_ln87_5)   --->   "%and_ln87_2 = and i1 %icmp_ln87_1, i1 %xor_ln87_1" [bnn_top.cpp:87]   --->   Operation 111 'and' 'and_ln87_2' <Predicate = true> <Delay = 0.00> <CoreInst = "LogicGate">   --->   Core 74 'LogicGate' <Latency = 0> <II = 1> <Delay = 0.97> <FuncUnit> <Opcode : 'and' 'or' 'xor'> <InPorts = 2> <OutPorts = 1>
ST_4 : Operation 112 [1/1] (0.00ns) (grouped into LUT with out node and_ln87_5)   --->   "%select_ln87_1 = select i1 %and_ln87_1, i1 %and_ln87_2, i1 %icmp_ln87_2" [bnn_top.cpp:87]   --->   Operation 112 'select' 'select_ln87_1' <Predicate = true> <Delay = 0.00> <CoreInst = "Sel">   --->   Core 73 'Sel' <Latency = 0> <II = 1> <Delay = 0.99> <FuncUnit> <Opcode : 'select'> <InPorts = 3> <OutPorts = 1>
ST_4 : Operation 113 [1/1] (0.00ns) (grouped into LUT with out node or_ln87_2)   --->   "%and_ln87_3 = and i1 %and_ln87_1, i1 %icmp_ln87_2" [bnn_top.cpp:87]   --->   Operation 113 'and' 'and_ln87_3' <Predicate = true> <Delay = 0.00> <CoreInst = "LogicGate">   --->   Core 74 'LogicGate' <Latency = 0> <II = 1> <Delay = 0.97> <FuncUnit> <Opcode : 'and' 'or' 'xor'> <InPorts = 2> <OutPorts = 1>
ST_4 : Operation 114 [1/1] (0.00ns) (grouped into LUT with out node and_ln87_4)   --->   "%xor_ln87_2 = xor i1 %select_ln87, i1 1" [bnn_top.cpp:87]   --->   Operation 114 'xor' 'xor_ln87_2' <Predicate = true> <Delay = 0.00> <CoreInst = "LogicGate">   --->   Core 74 'LogicGate' <Latency = 0> <II = 1> <Delay = 0.97> <FuncUnit> <Opcode : 'and' 'or' 'xor'> <InPorts = 2> <OutPorts = 1>
ST_4 : Operation 115 [1/1] (0.00ns) (grouped into LUT with out node and_ln87_4)   --->   "%or_ln87_1 = or i1 %tmp_7, i1 %xor_ln87_2" [bnn_top.cpp:87]   --->   Operation 115 'or' 'or_ln87_1' <Predicate = true> <Delay = 0.00> <CoreInst = "LogicGate">   --->   Core 74 'LogicGate' <Latency = 0> <II = 1> <Delay = 0.97> <FuncUnit> <Opcode : 'and' 'or' 'xor'> <InPorts = 2> <OutPorts = 1>
ST_4 : Operation 116 [1/1] (0.00ns) (grouped into LUT with out node and_ln87_4)   --->   "%xor_ln87_3 = xor i1 %tmp_4, i1 1" [bnn_top.cpp:87]   --->   Operation 116 'xor' 'xor_ln87_3' <Predicate = true> <Delay = 0.00> <CoreInst = "LogicGate">   --->   Core 74 'LogicGate' <Latency = 0> <II = 1> <Delay = 0.97> <FuncUnit> <Opcode : 'and' 'or' 'xor'> <InPorts = 2> <OutPorts = 1>
ST_4 : Operation 117 [1/1] (0.99ns) (out node of the LUT)   --->   "%and_ln87_4 = and i1 %or_ln87_1, i1 %xor_ln87_3" [bnn_top.cpp:87]   --->   Operation 117 'and' 'and_ln87_4' <Predicate = true> <Delay = 0.99> <CoreInst = "LogicGate">   --->   Core 74 'LogicGate' <Latency = 0> <II = 1> <Delay = 0.97> <FuncUnit> <Opcode : 'and' 'or' 'xor'> <InPorts = 2> <OutPorts = 1>
ST_4 : Operation 118 [1/1] (0.99ns) (out node of the LUT)   --->   "%and_ln87_5 = and i1 %tmp_7, i1 %select_ln87_1" [bnn_top.cpp:87]   --->   Operation 118 'and' 'and_ln87_5' <Predicate = true> <Delay = 0.99> <CoreInst = "LogicGate">   --->   Core 74 'LogicGate' <Latency = 0> <II = 1> <Delay = 0.97> <FuncUnit> <Opcode : 'and' 'or' 'xor'> <InPorts = 2> <OutPorts = 1>
ST_4 : Operation 119 [1/1] (0.00ns) (grouped into LUT with out node or_ln87_2)   --->   "%or_ln87_3 = or i1 %and_ln87_3, i1 %and_ln87_5" [bnn_top.cpp:87]   --->   Operation 119 'or' 'or_ln87_3' <Predicate = true> <Delay = 0.00> <CoreInst = "LogicGate">   --->   Core 74 'LogicGate' <Latency = 0> <II = 1> <Delay = 0.97> <FuncUnit> <Opcode : 'and' 'or' 'xor'> <InPorts = 2> <OutPorts = 1>
ST_4 : Operation 120 [1/1] (0.00ns) (grouped into LUT with out node or_ln87_2)   --->   "%xor_ln87_4 = xor i1 %or_ln87_3, i1 1" [bnn_top.cpp:87]   --->   Operation 120 'xor' 'xor_ln87_4' <Predicate = true> <Delay = 0.00> <CoreInst = "LogicGate">   --->   Core 74 'LogicGate' <Latency = 0> <II = 1> <Delay = 0.97> <FuncUnit> <Opcode : 'and' 'or' 'xor'> <InPorts = 2> <OutPorts = 1>
ST_4 : Operation 121 [1/1] (0.00ns) (grouped into LUT with out node or_ln87_2)   --->   "%and_ln87_6 = and i1 %tmp_4, i1 %xor_ln87_4" [bnn_top.cpp:87]   --->   Operation 121 'and' 'and_ln87_6' <Predicate = true> <Delay = 0.00> <CoreInst = "LogicGate">   --->   Core 74 'LogicGate' <Latency = 0> <II = 1> <Delay = 0.97> <FuncUnit> <Opcode : 'and' 'or' 'xor'> <InPorts = 2> <OutPorts = 1>
ST_4 : Operation 122 [1/1] (0.00ns) (grouped into LUT with out node act4_2)   --->   "%select_ln87_2 = select i1 %and_ln87_4, i16 32767, i16 32768" [bnn_top.cpp:87]   --->   Operation 122 'select' 'select_ln87_2' <Predicate = true> <Delay = 0.00> <CoreInst = "Sel">   --->   Core 73 'Sel' <Latency = 0> <II = 1> <Delay = 0.78> <FuncUnit> <Opcode : 'select'> <InPorts = 3> <OutPorts = 1>
ST_4 : Operation 123 [1/1] (0.97ns) (out node of the LUT)   --->   "%or_ln87_2 = or i1 %and_ln87_4, i1 %and_ln87_6" [bnn_top.cpp:87]   --->   Operation 123 'or' 'or_ln87_2' <Predicate = true> <Delay = 0.97> <CoreInst = "LogicGate">   --->   Core 74 'LogicGate' <Latency = 0> <II = 1> <Delay = 0.97> <FuncUnit> <Opcode : 'and' 'or' 'xor'> <InPorts = 2> <OutPorts = 1>
ST_4 : Operation 124 [1/1] (0.80ns) (out node of the LUT)   --->   "%act4_2 = select i1 %or_ln87_2, i16 %select_ln87_2, i16 %add_ln87" [bnn_top.cpp:87]   --->   Operation 124 'select' 'act4_2' <Predicate = true> <Delay = 0.80> <CoreInst = "Sel">   --->   Core 73 'Sel' <Latency = 0> <II = 1> <Delay = 0.80> <FuncUnit> <Opcode : 'select'> <InPorts = 3> <OutPorts = 1>
ST_4 : Operation 125 [1/1] (0.00ns)   --->   "%write_ln87 = write void @_ssdm_op_Write.ap_auto.i16P0A, i16 %act4_1, i16 %act4_2" [bnn_top.cpp:87]   --->   Operation 125 'write' 'write_ln87' <Predicate = (icmp_ln82_1 & !icmp_ln87_4)> <Delay = 0.00>
ST_4 : Operation 126 [1/1] (0.00ns)   --->   "%br_ln87 = br void %arrayidx213.exit" [bnn_top.cpp:87]   --->   Operation 126 'br' 'br_ln87' <Predicate = (icmp_ln82_1 & !icmp_ln87_4)> <Delay = 0.00>
ST_4 : Operation 127 [1/1] (0.00ns)   --->   "%write_ln87 = write void @_ssdm_op_Write.ap_auto.i16P0A, i16 %act4, i16 %act4_2" [bnn_top.cpp:87]   --->   Operation 127 'write' 'write_ln87' <Predicate = (icmp_ln82_1 & icmp_ln87_4)> <Delay = 0.00>
ST_4 : Operation 128 [1/1] (0.00ns)   --->   "%br_ln87 = br void %arrayidx213.exit" [bnn_top.cpp:87]   --->   Operation 128 'br' 'br_ln87' <Predicate = (icmp_ln82_1 & icmp_ln87_4)> <Delay = 0.00>


============================================================
+ Verbose Summary: Binding
============================================================
STG Binding: 
---------------- STG Properties BEGIN ----------------
- Is combinational: 0
- Is one-state seq: 0
- Is datapath-only: 0
- Is pipelined: 0
- Is top level: 0
Port [ Return ] is wired: 1; IO mode=ap_ctrl_hs:ce=0
Port [ act4]:  wired=1; compound=0; hidden=0; nouse=0; global=0; static=0; extern=0; dir=1; type=0; pingpong=0; private_global=0; IO mode=ap_vld:ce=0
Port [ s_axis_input_V_data_V]:  wired=1; compound=1; hidden=0; nouse=0; global=0; static=0; extern=0; dir=0; type=0; pingpong=0; private_global=0; IO mode=axis:ce=0
Port [ s_axis_input_V_keep_V]:  wired=1; compound=1; hidden=0; nouse=0; global=0; static=0; extern=0; dir=0; type=0; pingpong=0; private_global=0; IO mode=axis:ce=0
Port [ s_axis_input_V_strb_V]:  wired=1; compound=1; hidden=0; nouse=0; global=0; static=0; extern=0; dir=0; type=0; pingpong=0; private_global=0; IO mode=axis:ce=0
Port [ s_axis_input_V_user_V]:  wired=1; compound=1; hidden=0; nouse=0; global=0; static=0; extern=0; dir=0; type=0; pingpong=0; private_global=0; IO mode=axis:ce=0
Port [ s_axis_input_V_last_V]:  wired=1; compound=1; hidden=0; nouse=0; global=0; static=0; extern=0; dir=0; type=0; pingpong=0; private_global=0; IO mode=axis:ce=0
Port [ s_axis_input_V_id_V]:  wired=1; compound=1; hidden=0; nouse=0; global=0; static=0; extern=0; dir=0; type=0; pingpong=0; private_global=0; IO mode=axis:ce=0
Port [ s_axis_input_V_dest_V]:  wired=1; compound=1; hidden=0; nouse=0; global=0; static=0; extern=0; dir=0; type=0; pingpong=0; private_global=0; IO mode=axis:ce=0
Port [ act3]:  wired=1; compound=1; hidden=0; nouse=0; global=0; static=0; extern=0; dir=0; type=1; pingpong=0; private_global=0; MemPort=[13]; IO mode=ap_memory:ce=0
Port [ act4_1]:  wired=1; compound=0; hidden=0; nouse=0; global=0; static=0; extern=0; dir=1; type=0; pingpong=0; private_global=0; IO mode=ap_vld:ce=0
---------------- STG Properties END ------------------

---------------- Datapath Model BEGIN ----------------

<LifeTime>
<method=bitvector/>
acc                     (alloca             ) [ 01110]
i                       (alloca             ) [ 01000]
o                       (alloca             ) [ 01100]
indvar_flatten20        (alloca             ) [ 01000]
specaxissidechannel_ln0 (specaxissidechannel) [ 00000]
specinterface_ln0       (specinterface      ) [ 00000]
specinterface_ln0       (specinterface      ) [ 00000]
specinterface_ln0       (specinterface      ) [ 00000]
specinterface_ln0       (specinterface      ) [ 00000]
specinterface_ln0       (specinterface      ) [ 00000]
specinterface_ln0       (specinterface      ) [ 00000]
specinterface_ln0       (specinterface      ) [ 00000]
store_ln0               (store              ) [ 00000]
store_ln80              (store              ) [ 00000]
store_ln82              (store              ) [ 00000]
store_ln81              (store              ) [ 00000]
br_ln80                 (br                 ) [ 00000]
indvar_flatten20_load   (load               ) [ 00000]
icmp_ln80               (icmp               ) [ 01110]
add_ln80                (add                ) [ 00000]
br_ln80                 (br                 ) [ 00000]
i_load                  (load               ) [ 00000]
icmp_ln82               (icmp               ) [ 01110]
select_ln80             (select             ) [ 00000]
zext_ln82               (zext               ) [ 00000]
act3_addr               (getelementptr      ) [ 01100]
add_ln82                (add                ) [ 01100]
store_ln80              (store              ) [ 00000]
store_ln82              (store              ) [ 00000]
o_load                  (load               ) [ 00000]
add_ln80_1              (add                ) [ 00000]
select_ln80_1           (select             ) [ 00000]
empty                   (read               ) [ 00000]
p_s                     (extractvalue       ) [ 00000]
trunc_ln85              (trunc              ) [ 00000]
shl_ln6                 (bitconcatenate     ) [ 00000]
act3_load               (load               ) [ 00000]
shl_ln85_1              (bitconcatenate     ) [ 00000]
sext_ln85               (sext               ) [ 00000]
sext_ln85_1             (sext               ) [ 00000]
mul_ln85                (mul                ) [ 01010]
icmp_ln82_1             (icmp               ) [ 01111]
icmp_ln87_4             (icmp               ) [ 01011]
br_ln82                 (br                 ) [ 00000]
br_ln87                 (br                 ) [ 00000]
br_ln82                 (br                 ) [ 00000]
store_ln80              (store              ) [ 00000]
acc_load                (load               ) [ 00000]
select_ln80_2           (select             ) [ 00000]
shl_ln85_2              (bitconcatenate     ) [ 00000]
sext_ln85_2             (sext               ) [ 00000]
sext_ln85_3             (sext               ) [ 00000]
add_ln85_1              (add                ) [ 00000]
add_ln85                (add                ) [ 00000]
tmp                     (bitselect          ) [ 00000]
acc_1                   (partselect         ) [ 00000]
tmp_1                   (bitselect          ) [ 00000]
tmp_2                   (bitselect          ) [ 00000]
and_ln85                (and                ) [ 00000]
zext_ln85               (zext               ) [ 00000]
acc_2                   (add                ) [ 00000]
tmp_3                   (bitselect          ) [ 00000]
xor_ln85                (xor                ) [ 00000]
and_ln85_1              (and                ) [ 00000]
xor_ln85_2              (xor                ) [ 00000]
or_ln85                 (or                 ) [ 00000]
xor_ln85_1              (xor                ) [ 00000]
xor_ln85_4              (xor                ) [ 00000]
xor_ln85_3              (xor                ) [ 00000]
or_ln85_1               (or                 ) [ 00000]
and_ln85_2              (and                ) [ 00000]
or_ln85_3               (or                 ) [ 00000]
xor_ln85_5              (xor                ) [ 00000]
and_ln85_3              (and                ) [ 00000]
select_ln85             (select             ) [ 00000]
or_ln85_2               (or                 ) [ 00000]
acc_3                   (select             ) [ 01001]
tmp_4                   (bitselect          ) [ 01001]
trunc_ln87              (trunc              ) [ 01001]
tmp_s                   (partselect         ) [ 01001]
tmp_9                   (partselect         ) [ 01001]
store_ln81              (store              ) [ 00000]
br_ln82                 (br                 ) [ 00000]
specloopname_ln0        (specloopname       ) [ 00000]
speclooptripcount_ln0   (speclooptripcount  ) [ 00000]
specpipeline_ln83       (specpipeline       ) [ 00000]
trunc_ln3               (partselect         ) [ 00000]
tmp_5                   (bitselect          ) [ 00000]
icmp_ln87               (icmp               ) [ 00000]
tmp_6                   (bitselect          ) [ 00000]
or_ln87                 (or                 ) [ 00000]
and_ln87                (and                ) [ 00000]
zext_ln87               (zext               ) [ 00000]
add_ln87                (add                ) [ 00000]
tmp_7                   (bitselect          ) [ 00000]
xor_ln87                (xor                ) [ 00000]
and_ln87_1              (and                ) [ 00000]
tmp_8                   (bitselect          ) [ 00000]
icmp_ln87_1             (icmp               ) [ 00000]
icmp_ln87_2             (icmp               ) [ 00000]
icmp_ln87_3             (icmp               ) [ 00000]
select_ln87             (select             ) [ 00000]
xor_ln87_1              (xor                ) [ 00000]
and_ln87_2              (and                ) [ 00000]
select_ln87_1           (select             ) [ 00000]
and_ln87_3              (and                ) [ 00000]
xor_ln87_2              (xor                ) [ 00000]
or_ln87_1               (or                 ) [ 00000]
xor_ln87_3              (xor                ) [ 00000]
and_ln87_4              (and                ) [ 00000]
and_ln87_5              (and                ) [ 00000]
or_ln87_3               (or                 ) [ 00000]
xor_ln87_4              (xor                ) [ 00000]
and_ln87_6              (and                ) [ 00000]
select_ln87_2           (select             ) [ 00000]
or_ln87_2               (or                 ) [ 00000]
act4_2                  (select             ) [ 00000]
write_ln87              (write              ) [ 00000]
br_ln87                 (br                 ) [ 00000]
write_ln87              (write              ) [ 00000]
br_ln87                 (br                 ) [ 00000]
ret_ln0                 (ret                ) [ 00000]
</LifeTime>

<model>

<comp_list>
<comp id="0" class="1000" name="act4">
<pin_list>
<pin id="1" dir="1" index="0" bw="1" slack="0"/>
</pin_list>
<bind>
<StgValue><ssdm name="act4"/></StgValue>
</bind>
</comp>

<comp id="2" class="1000" name="s_axis_input_V_data_V">
<pin_list>
<pin id="3" dir="1" index="0" bw="1" slack="0"/>
</pin_list>
<bind>
<StgValue><ssdm name="s_axis_input_V_data_V"/></StgValue>
</bind>
</comp>

<comp id="4" class="1000" name="s_axis_input_V_keep_V">
<pin_list>
<pin id="5" dir="1" index="0" bw="1" slack="0"/>
</pin_list>
<bind>
<StgValue><ssdm name="s_axis_input_V_keep_V"/></StgValue>
</bind>
</comp>

<comp id="6" class="1000" name="s_axis_input_V_strb_V">
<pin_list>
<pin id="7" dir="1" index="0" bw="1" slack="0"/>
</pin_list>
<bind>
<StgValue><ssdm name="s_axis_input_V_strb_V"/></StgValue>
</bind>
</comp>

<comp id="8" class="1000" name="s_axis_input_V_user_V">
<pin_list>
<pin id="9" dir="1" index="0" bw="1" slack="0"/>
</pin_list>
<bind>
<StgValue><ssdm name="s_axis_input_V_user_V"/></StgValue>
</bind>
</comp>

<comp id="10" class="1000" name="s_axis_input_V_last_V">
<pin_list>
<pin id="11" dir="1" index="0" bw="1" slack="0"/>
</pin_list>
<bind>
<StgValue><ssdm name="s_axis_input_V_last_V"/></StgValue>
</bind>
</comp>

<comp id="12" class="1000" name="s_axis_input_V_id_V">
<pin_list>
<pin id="13" dir="1" index="0" bw="1" slack="0"/>
</pin_list>
<bind>
<StgValue><ssdm name="s_axis_input_V_id_V"/></StgValue>
</bind>
</comp>

<comp id="14" class="1000" name="s_axis_input_V_dest_V">
<pin_list>
<pin id="15" dir="1" index="0" bw="1" slack="0"/>
</pin_list>
<bind>
<StgValue><ssdm name="s_axis_input_V_dest_V"/></StgValue>
</bind>
</comp>

<comp id="16" class="1000" name="act3">
<pin_list>
<pin id="17" dir="1" index="0" bw="1" slack="0"/>
</pin_list>
<bind>
<StgValue><ssdm name="act3"/><MemPortTyVec>1 3 </MemPortTyVec>
</StgValue>
</bind>
</comp>

<comp id="18" class="1000" name="act4_1">
<pin_list>
<pin id="19" dir="1" index="0" bw="1" slack="0"/>
</pin_list>
<bind>
<StgValue><ssdm name="act4_1"/></StgValue>
</bind>
</comp>

<comp id="20" class="1001" name="const_20">
<pin_list>
<pin id="21" dir="1" index="0" bw="1" slack="0"/>
</pin_list>
<bind>
<StgValue><ssdm name=""/></StgValue>
</bind>
</comp>

<comp id="22" class="1001" name="const_22">
<pin_list>
<pin id="23" dir="1" index="0" bw="1" slack="2147483647"/>
</pin_list>
<bind>
<StgValue><ssdm name="_ssdm_op_SpecAXISSideChannel"/></StgValue>
</bind>
</comp>

<comp id="24" class="1001" name="const_24">
<pin_list>
<pin id="25" dir="1" index="0" bw="1" slack="2147483647"/>
</pin_list>
<bind>
<StgValue><ssdm name="empty_5"/></StgValue>
</bind>
</comp>

<comp id="26" class="1001" name="const_26">
<pin_list>
<pin id="27" dir="1" index="0" bw="1" slack="2147483647"/>
</pin_list>
<bind>
<StgValue><ssdm name="_ssdm_op_SpecInterface"/></StgValue>
</bind>
</comp>

<comp id="28" class="1001" name="const_28">
<pin_list>
<pin id="29" dir="1" index="0" bw="1" slack="2147483647"/>
</pin_list>
<bind>
<StgValue><ssdm name="empty"/></StgValue>
</bind>
</comp>

<comp id="30" class="1001" name="const_30">
<pin_list>
<pin id="31" dir="1" index="0" bw="1" slack="0"/>
</pin_list>
<bind>
<StgValue><ssdm name=""/></StgValue>
</bind>
</comp>

<comp id="32" class="1001" name="const_32">
<pin_list>
<pin id="33" dir="1" index="0" bw="1" slack="2147483647"/>
</pin_list>
<bind>
<StgValue><ssdm name="empty_0"/></StgValue>
</bind>
</comp>

<comp id="34" class="1001" name="const_34">
<pin_list>
<pin id="35" dir="1" index="0" bw="1" slack="2147483647"/>
</pin_list>
<bind>
<StgValue><ssdm name="empty_1"/></StgValue>
</bind>
</comp>

<comp id="36" class="1001" name="const_36">
<pin_list>
<pin id="37" dir="1" index="0" bw="1" slack="2147483647"/>
</pin_list>
<bind>
<StgValue><ssdm name=""/></StgValue>
</bind>
</comp>

<comp id="38" class="1001" name="const_38">
<pin_list>
<pin id="39" dir="1" index="0" bw="1" slack="0"/>
</pin_list>
<bind>
<StgValue><ssdm name=""/></StgValue>
</bind>
</comp>

<comp id="40" class="1001" name="const_40">
<pin_list>
<pin id="41" dir="1" index="0" bw="1" slack="0"/>
</pin_list>
<bind>
<StgValue><ssdm name=""/></StgValue>
</bind>
</comp>

<comp id="42" class="1001" name="const_42">
<pin_list>
<pin id="43" dir="1" index="0" bw="1" slack="0"/>
</pin_list>
<bind>
<StgValue><ssdm name=""/></StgValue>
</bind>
</comp>

<comp id="44" class="1001" name="const_44">
<pin_list>
<pin id="45" dir="1" index="0" bw="1" slack="0"/>
</pin_list>
<bind>
<StgValue><ssdm name=""/></StgValue>
</bind>
</comp>

<comp id="46" class="1001" name="const_46">
<pin_list>
<pin id="47" dir="1" index="0" bw="1" slack="0"/>
</pin_list>
<bind>
<StgValue><ssdm name=""/></StgValue>
</bind>
</comp>

<comp id="48" class="1001" name="const_48">
<pin_list>
<pin id="49" dir="1" index="0" bw="1" slack="0"/>
</pin_list>
<bind>
<StgValue><ssdm name=""/></StgValue>
</bind>
</comp>

<comp id="50" class="1001" name="const_50">
<pin_list>
<pin id="51" dir="1" index="0" bw="1" slack="0"/>
</pin_list>
<bind>
<StgValue><ssdm name=""/></StgValue>
</bind>
</comp>

<comp id="52" class="1001" name="const_52">
<pin_list>
<pin id="53" dir="1" index="0" bw="1" slack="0"/>
</pin_list>
<bind>
<StgValue><ssdm name=""/></StgValue>
</bind>
</comp>

<comp id="54" class="1001" name="const_54">
<pin_list>
<pin id="55" dir="1" index="0" bw="1" slack="0"/>
</pin_list>
<bind>
<StgValue><ssdm name=""/></StgValue>
</bind>
</comp>

<comp id="56" class="1001" name="const_56">
<pin_list>
<pin id="57" dir="1" index="0" bw="1" slack="0"/>
</pin_list>
<bind>
<StgValue><ssdm name="_ssdm_op_Read.axis.volatile.i32P0A.i4P0A.i4P0A.i1P0A.i1P0A.i1P0A.i1P0A"/></StgValue>
</bind>
</comp>

<comp id="58" class="1001" name="const_58">
<pin_list>
<pin id="59" dir="1" index="0" bw="1" slack="0"/>
</pin_list>
<bind>
<StgValue><ssdm name="_ssdm_op_BitConcatenate.i26.i16.i10"/></StgValue>
</bind>
</comp>

<comp id="60" class="1001" name="const_60">
<pin_list>
<pin id="61" dir="1" index="0" bw="1" slack="0"/>
</pin_list>
<bind>
<StgValue><ssdm name="_ssdm_op_BitConcatenate.i52.i32.i20"/></StgValue>
</bind>
</comp>

<comp id="62" class="1001" name="const_62">
<pin_list>
<pin id="63" dir="1" index="0" bw="1" slack="0"/>
</pin_list>
<bind>
<StgValue><ssdm name=""/></StgValue>
</bind>
</comp>

<comp id="64" class="1001" name="const_64">
<pin_list>
<pin id="65" dir="1" index="0" bw="1" slack="0"/>
</pin_list>
<bind>
<StgValue><ssdm name="_ssdm_op_BitSelect.i1.i53.i32"/></StgValue>
</bind>
</comp>

<comp id="66" class="1001" name="const_66">
<pin_list>
<pin id="67" dir="1" index="0" bw="1" slack="0"/>
</pin_list>
<bind>
<StgValue><ssdm name=""/></StgValue>
</bind>
</comp>

<comp id="68" class="1001" name="const_68">
<pin_list>
<pin id="69" dir="1" index="0" bw="1" slack="0"/>
</pin_list>
<bind>
<StgValue><ssdm name="_ssdm_op_PartSelect.i32.i52.i32.i32"/></StgValue>
</bind>
</comp>

<comp id="70" class="1001" name="const_70">
<pin_list>
<pin id="71" dir="1" index="0" bw="1" slack="0"/>
</pin_list>
<bind>
<StgValue><ssdm name=""/></StgValue>
</bind>
</comp>

<comp id="72" class="1001" name="const_72">
<pin_list>
<pin id="73" dir="1" index="0" bw="1" slack="0"/>
</pin_list>
<bind>
<StgValue><ssdm name=""/></StgValue>
</bind>
</comp>

<comp id="74" class="1001" name="const_74">
<pin_list>
<pin id="75" dir="1" index="0" bw="1" slack="0"/>
</pin_list>
<bind>
<StgValue><ssdm name="_ssdm_op_BitSelect.i1.i52.i32"/></StgValue>
</bind>
</comp>

<comp id="76" class="1001" name="const_76">
<pin_list>
<pin id="77" dir="1" index="0" bw="1" slack="0"/>
</pin_list>
<bind>
<StgValue><ssdm name=""/></StgValue>
</bind>
</comp>

<comp id="78" class="1001" name="const_78">
<pin_list>
<pin id="79" dir="1" index="0" bw="1" slack="0"/>
</pin_list>
<bind>
<StgValue><ssdm name="_ssdm_op_BitSelect.i1.i32.i32"/></StgValue>
</bind>
</comp>

<comp id="80" class="1001" name="const_80">
<pin_list>
<pin id="81" dir="1" index="0" bw="1" slack="0"/>
</pin_list>
<bind>
<StgValue><ssdm name=""/></StgValue>
</bind>
</comp>

<comp id="82" class="1001" name="const_82">
<pin_list>
<pin id="83" dir="1" index="0" bw="1" slack="0"/>
</pin_list>
<bind>
<StgValue><ssdm name=""/></StgValue>
</bind>
</comp>

<comp id="84" class="1001" name="const_84">
<pin_list>
<pin id="85" dir="1" index="0" bw="1" slack="0"/>
</pin_list>
<bind>
<StgValue><ssdm name=""/></StgValue>
</bind>
</comp>

<comp id="86" class="1001" name="const_86">
<pin_list>
<pin id="87" dir="1" index="0" bw="1" slack="0"/>
</pin_list>
<bind>
<StgValue><ssdm name=""/></StgValue>
</bind>
</comp>

<comp id="88" class="1001" name="const_88">
<pin_list>
<pin id="89" dir="1" index="0" bw="1" slack="0"/>
</pin_list>
<bind>
<StgValue><ssdm name="_ssdm_op_PartSelect.i5.i32.i32"/></StgValue>
</bind>
</comp>

<comp id="90" class="1001" name="const_90">
<pin_list>
<pin id="91" dir="1" index="0" bw="1" slack="0"/>
</pin_list>
<bind>
<StgValue><ssdm name=""/></StgValue>
</bind>
</comp>

<comp id="92" class="1001" name="const_92">
<pin_list>
<pin id="93" dir="1" index="0" bw="1" slack="0"/>
</pin_list>
<bind>
<StgValue><ssdm name="_ssdm_op_PartSelect.i6.i32.i32"/></StgValue>
</bind>
</comp>

<comp id="94" class="1001" name="const_94">
<pin_list>
<pin id="95" dir="1" index="0" bw="1" slack="0"/>
</pin_list>
<bind>
<StgValue><ssdm name=""/></StgValue>
</bind>
</comp>

<comp id="96" class="1001" name="const_96">
<pin_list>
<pin id="97" dir="1" index="0" bw="1" slack="2147483647"/>
</pin_list>
<bind>
<StgValue><ssdm name="_ssdm_op_SpecLoopName"/></StgValue>
</bind>
</comp>

<comp id="98" class="1001" name="const_98">
<pin_list>
<pin id="99" dir="1" index="0" bw="1" slack="2147483647"/>
</pin_list>
<bind>
<StgValue><ssdm name="L4_W_L4_IN_str"/></StgValue>
</bind>
</comp>

<comp id="100" class="1001" name="const_100">
<pin_list>
<pin id="101" dir="1" index="0" bw="1" slack="2147483647"/>
</pin_list>
<bind>
<StgValue><ssdm name="_ssdm_op_SpecLoopTripCount"/></StgValue>
</bind>
</comp>

<comp id="102" class="1001" name="const_102">
<pin_list>
<pin id="103" dir="1" index="0" bw="1" slack="2147483647"/>
</pin_list>
<bind>
<StgValue><ssdm name=""/></StgValue>
</bind>
</comp>

<comp id="104" class="1001" name="const_104">
<pin_list>
<pin id="105" dir="1" index="0" bw="1" slack="2147483647"/>
</pin_list>
<bind>
<StgValue><ssdm name="_ssdm_op_SpecPipeline"/></StgValue>
</bind>
</comp>

<comp id="106" class="1001" name="const_106">
<pin_list>
<pin id="107" dir="1" index="0" bw="1" slack="0"/>
</pin_list>
<bind>
<StgValue><ssdm name="_ssdm_op_PartSelect.i16.i32.i32.i32"/></StgValue>
</bind>
</comp>

<comp id="108" class="1001" name="const_108">
<pin_list>
<pin id="109" dir="1" index="0" bw="1" slack="0"/>
</pin_list>
<bind>
<StgValue><ssdm name=""/></StgValue>
</bind>
</comp>

<comp id="110" class="1001" name="const_110">
<pin_list>
<pin id="111" dir="1" index="0" bw="1" slack="0"/>
</pin_list>
<bind>
<StgValue><ssdm name=""/></StgValue>
</bind>
</comp>

<comp id="112" class="1001" name="const_112">
<pin_list>
<pin id="113" dir="1" index="0" bw="1" slack="0"/>
</pin_list>
<bind>
<StgValue><ssdm name=""/></StgValue>
</bind>
</comp>

<comp id="114" class="1001" name="const_114">
<pin_list>
<pin id="115" dir="1" index="0" bw="1" slack="0"/>
</pin_list>
<bind>
<StgValue><ssdm name="_ssdm_op_BitSelect.i1.i16.i32"/></StgValue>
</bind>
</comp>

<comp id="116" class="1001" name="const_116">
<pin_list>
<pin id="117" dir="1" index="0" bw="1" slack="0"/>
</pin_list>
<bind>
<StgValue><ssdm name=""/></StgValue>
</bind>
</comp>

<comp id="118" class="1001" name="const_118">
<pin_list>
<pin id="119" dir="1" index="0" bw="1" slack="0"/>
</pin_list>
<bind>
<StgValue><ssdm name=""/></StgValue>
</bind>
</comp>

<comp id="120" class="1001" name="const_120">
<pin_list>
<pin id="121" dir="1" index="0" bw="1" slack="0"/>
</pin_list>
<bind>
<StgValue><ssdm name=""/></StgValue>
</bind>
</comp>

<comp id="122" class="1001" name="const_122">
<pin_list>
<pin id="123" dir="1" index="0" bw="1" slack="0"/>
</pin_list>
<bind>
<StgValue><ssdm name=""/></StgValue>
</bind>
</comp>

<comp id="124" class="1001" name="const_124">
<pin_list>
<pin id="125" dir="1" index="0" bw="1" slack="0"/>
</pin_list>
<bind>
<StgValue><ssdm name=""/></StgValue>
</bind>
</comp>

<comp id="126" class="1001" name="const_126">
<pin_list>
<pin id="127" dir="1" index="0" bw="1" slack="0"/>
</pin_list>
<bind>
<StgValue><ssdm name=""/></StgValue>
</bind>
</comp>

<comp id="128" class="1001" name="const_128">
<pin_list>
<pin id="129" dir="1" index="0" bw="1" slack="0"/>
</pin_list>
<bind>
<StgValue><ssdm name="_ssdm_op_Write.ap_auto.i16P0A"/></StgValue>
</bind>
</comp>

<comp id="130" class="1004" name="acc_fu_130">
<pin_list>
<pin id="131" dir="0" index="0" bw="1" slack="0"/>
<pin id="132" dir="1" index="1" bw="32" slack="0"/>
</pin_list>
<bind>
<opcode="alloca(26) " fcode="alloca"/>
<opset="acc/1 "/>
</bind>
</comp>

<comp id="134" class="1004" name="i_fu_134">
<pin_list>
<pin id="135" dir="0" index="0" bw="1" slack="0"/>
<pin id="136" dir="1" index="1" bw="9" slack="0"/>
</pin_list>
<bind>
<opcode="alloca(26) " fcode="alloca"/>
<opset="i/1 "/>
</bind>
</comp>

<comp id="138" class="1004" name="o_fu_138">
<pin_list>
<pin id="139" dir="0" index="0" bw="1" slack="0"/>
<pin id="140" dir="1" index="1" bw="2" slack="0"/>
</pin_list>
<bind>
<opcode="alloca(26) " fcode="alloca"/>
<opset="o/1 "/>
</bind>
</comp>

<comp id="142" class="1004" name="indvar_flatten20_fu_142">
<pin_list>
<pin id="143" dir="0" index="0" bw="1" slack="0"/>
<pin id="144" dir="1" index="1" bw="10" slack="0"/>
</pin_list>
<bind>
<opcode="alloca(26) " fcode="alloca"/>
<opset="indvar_flatten20/1 "/>
</bind>
</comp>

<comp id="146" class="1004" name="empty_read_fu_146">
<pin_list>
<pin id="147" dir="0" index="0" bw="44" slack="0"/>
<pin id="148" dir="0" index="1" bw="32" slack="0"/>
<pin id="149" dir="0" index="2" bw="4" slack="0"/>
<pin id="150" dir="0" index="3" bw="4" slack="0"/>
<pin id="151" dir="0" index="4" bw="1" slack="0"/>
<pin id="152" dir="0" index="5" bw="1" slack="0"/>
<pin id="153" dir="0" index="6" bw="1" slack="0"/>
<pin id="154" dir="0" index="7" bw="1" slack="0"/>
<pin id="155" dir="1" index="8" bw="44" slack="0"/>
</pin_list>
<bind>
<opcode="read(1150) " fcode="read"/>
<opset="empty/2 "/>
</bind>
</comp>

<comp id="164" class="1004" name="write_ln87_write_fu_164">
<pin_list>
<pin id="165" dir="0" index="0" bw="0" slack="0"/>
<pin id="166" dir="0" index="1" bw="16" slack="0"/>
<pin id="167" dir="0" index="2" bw="16" slack="0"/>
<pin id="168" dir="1" index="3" bw="0" slack="2147483647"/>
</pin_list>
<bind>
<opcode="write(1151) " fcode="write"/>
<opset="write_ln87/4 "/>
</bind>
</comp>

<comp id="171" class="1004" name="write_ln87_write_fu_171">
<pin_list>
<pin id="172" dir="0" index="0" bw="0" slack="0"/>
<pin id="173" dir="0" index="1" bw="16" slack="0"/>
<pin id="174" dir="0" index="2" bw="16" slack="0"/>
<pin id="175" dir="1" index="3" bw="0" slack="2147483647"/>
</pin_list>
<bind>
<opcode="write(1151) " fcode="write"/>
<opset="write_ln87/4 "/>
</bind>
</comp>

<comp id="178" class="1004" name="act3_addr_gep_fu_178">
<pin_list>
<pin id="179" dir="0" index="0" bw="16" slack="0"/>
<pin id="180" dir="0" index="1" bw="1" slack="0"/>
<pin id="181" dir="0" index="2" bw="9" slack="0"/>
<pin id="182" dir="1" index="3" bw="8" slack="0"/>
</pin_list>
<bind>
<opcode="getelementptr(29) " fcode="getelementptr"/>
<opset="act3_addr/1 "/>
</bind>
</comp>

<comp id="185" class="1004" name="grp_access_fu_185">
<pin_list>
<pin id="186" dir="0" index="0" bw="8" slack="0"/>
<pin id="187" dir="0" index="1" bw="16" slack="2147483647"/>
<pin id="188" dir="0" index="2" bw="0" slack="2147483647"/>
<pin id="189" dir="1" index="3" bw="16" slack="0"/>
</pin_list>
<bind>
<opcode="load(27) " fcode="load"/>
<opset="act3_load/1 "/>
</bind>
</comp>

<comp id="191" class="1004" name="mul_ln85_fu_191">
<pin_list>
<pin id="192" dir="0" index="0" bw="26" slack="0"/>
<pin id="193" dir="0" index="1" bw="26" slack="0"/>
<pin id="194" dir="1" index="2" bw="52" slack="1"/>
</pin_list>
<bind>
<opcode="mul(12) " fcode="mul"/>
<opset="mul_ln85/2 "/>
</bind>
</comp>

<comp id="195" class="1004" name="store_ln0_store_fu_195">
<pin_list>
<pin id="196" dir="0" index="0" bw="1" slack="0"/>
<pin id="197" dir="0" index="1" bw="10" slack="0"/>
<pin id="198" dir="1" index="2" bw="0" slack="2147483647"/>
</pin_list>
<bind>
<opcode="store(28) " fcode="store"/>
<opset="store_ln0/1 "/>
</bind>
</comp>

<comp id="200" class="1004" name="store_ln80_store_fu_200">
<pin_list>
<pin id="201" dir="0" index="0" bw="1" slack="0"/>
<pin id="202" dir="0" index="1" bw="2" slack="0"/>
<pin id="203" dir="1" index="2" bw="0" slack="2147483647"/>
</pin_list>
<bind>
<opcode="store(28) " fcode="store"/>
<opset="store_ln80/1 "/>
</bind>
</comp>

<comp id="205" class="1004" name="store_ln82_store_fu_205">
<pin_list>
<pin id="206" dir="0" index="0" bw="1" slack="0"/>
<pin id="207" dir="0" index="1" bw="9" slack="0"/>
<pin id="208" dir="1" index="2" bw="0" slack="2147483647"/>
</pin_list>
<bind>
<opcode="store(28) " fcode="store"/>
<opset="store_ln82/1 "/>
</bind>
</comp>

<comp id="210" class="1004" name="store_ln81_store_fu_210">
<pin_list>
<pin id="211" dir="0" index="0" bw="1" slack="0"/>
<pin id="212" dir="0" index="1" bw="32" slack="0"/>
<pin id="213" dir="1" index="2" bw="0" slack="2147483647"/>
</pin_list>
<bind>
<opcode="store(28) " fcode="store"/>
<opset="store_ln81/1 "/>
</bind>
</comp>

<comp id="215" class="1004" name="indvar_flatten20_load_load_fu_215">
<pin_list>
<pin id="216" dir="0" index="0" bw="10" slack="0"/>
<pin id="217" dir="1" index="1" bw="10" slack="0"/>
</pin_list>
<bind>
<opcode="load(27) " fcode="load"/>
<opset="indvar_flatten20_load/1 "/>
</bind>
</comp>

<comp id="218" class="1004" name="icmp_ln80_fu_218">
<pin_list>
<pin id="219" dir="0" index="0" bw="10" slack="0"/>
<pin id="220" dir="0" index="1" bw="10" slack="0"/>
<pin id="221" dir="1" index="2" bw="1" slack="2"/>
</pin_list>
<bind>
<opcode="icmp(45) " fcode="icmp"/>
<opset="icmp_ln80/1 "/>
</bind>
</comp>

<comp id="224" class="1004" name="add_ln80_fu_224">
<pin_list>
<pin id="225" dir="0" index="0" bw="10" slack="0"/>
<pin id="226" dir="0" index="1" bw="1" slack="0"/>
<pin id="227" dir="1" index="2" bw="10" slack="0"/>
</pin_list>
<bind>
<opcode="add(8) " fcode="add"/>
<opset="add_ln80/1 "/>
</bind>
</comp>

<comp id="230" class="1004" name="i_load_load_fu_230">
<pin_list>
<pin id="231" dir="0" index="0" bw="9" slack="0"/>
<pin id="232" dir="1" index="1" bw="9" slack="0"/>
</pin_list>
<bind>
<opcode="load(27) " fcode="load"/>
<opset="i_load/1 "/>
</bind>
</comp>

<comp id="233" class="1004" name="icmp_ln82_fu_233">
<pin_list>
<pin id="234" dir="0" index="0" bw="9" slack="0"/>
<pin id="235" dir="0" index="1" bw="9" slack="0"/>
<pin id="236" dir="1" index="2" bw="1" slack="0"/>
</pin_list>
<bind>
<opcode="icmp(45) " fcode="icmp"/>
<opset="icmp_ln82/1 "/>
</bind>
</comp>

<comp id="239" class="1004" name="select_ln80_fu_239">
<pin_list>
<pin id="240" dir="0" index="0" bw="1" slack="0"/>
<pin id="241" dir="0" index="1" bw="9" slack="0"/>
<pin id="242" dir="0" index="2" bw="9" slack="0"/>
<pin id="243" dir="1" index="3" bw="9" slack="0"/>
</pin_list>
<bind>
<opcode="select(49) " fcode="select"/>
<opset="select_ln80/1 "/>
</bind>
</comp>

<comp id="247" class="1004" name="zext_ln82_fu_247">
<pin_list>
<pin id="248" dir="0" index="0" bw="9" slack="0"/>
<pin id="249" dir="1" index="1" bw="64" slack="0"/>
</pin_list>
<bind>
<opcode="zext(34) " fcode="zext"/>
<opset="zext_ln82/1 "/>
</bind>
</comp>

<comp id="252" class="1004" name="add_ln82_fu_252">
<pin_list>
<pin id="253" dir="0" index="0" bw="9" slack="0"/>
<pin id="254" dir="0" index="1" bw="1" slack="0"/>
<pin id="255" dir="1" index="2" bw="9" slack="0"/>
</pin_list>
<bind>
<opcode="add(8) " fcode="add"/>
<opset="add_ln82/1 "/>
</bind>
</comp>

<comp id="258" class="1004" name="store_ln80_store_fu_258">
<pin_list>
<pin id="259" dir="0" index="0" bw="10" slack="0"/>
<pin id="260" dir="0" index="1" bw="10" slack="0"/>
<pin id="261" dir="1" index="2" bw="0" slack="2147483647"/>
</pin_list>
<bind>
<opcode="store(28) " fcode="store"/>
<opset="store_ln80/1 "/>
</bind>
</comp>

<comp id="263" class="1004" name="store_ln82_store_fu_263">
<pin_list>
<pin id="264" dir="0" index="0" bw="9" slack="0"/>
<pin id="265" dir="0" index="1" bw="9" slack="0"/>
<pin id="266" dir="1" index="2" bw="0" slack="2147483647"/>
</pin_list>
<bind>
<opcode="store(28) " fcode="store"/>
<opset="store_ln82/1 "/>
</bind>
</comp>

<comp id="268" class="1004" name="o_load_load_fu_268">
<pin_list>
<pin id="269" dir="0" index="0" bw="2" slack="1"/>
<pin id="270" dir="1" index="1" bw="2" slack="0"/>
</pin_list>
<bind>
<opcode="load(27) " fcode="load"/>
<opset="o_load/2 "/>
</bind>
</comp>

<comp id="271" class="1004" name="add_ln80_1_fu_271">
<pin_list>
<pin id="272" dir="0" index="0" bw="2" slack="0"/>
<pin id="273" dir="0" index="1" bw="1" slack="0"/>
<pin id="274" dir="1" index="2" bw="2" slack="0"/>
</pin_list>
<bind>
<opcode="add(8) " fcode="add"/>
<opset="add_ln80_1/2 "/>
</bind>
</comp>

<comp id="277" class="1004" name="select_ln80_1_fu_277">
<pin_list>
<pin id="278" dir="0" index="0" bw="1" slack="1"/>
<pin id="279" dir="0" index="1" bw="2" slack="0"/>
<pin id="280" dir="0" index="2" bw="2" slack="0"/>
<pin id="281" dir="1" index="3" bw="2" slack="0"/>
</pin_list>
<bind>
<opcode="select(49) " fcode="select"/>
<opset="select_ln80_1/2 "/>
</bind>
</comp>

<comp id="284" class="1004" name="p_s_fu_284">
<pin_list>
<pin id="285" dir="0" index="0" bw="44" slack="0"/>
<pin id="286" dir="1" index="1" bw="32" slack="0"/>
</pin_list>
<bind>
<opcode="extractvalue(56) " fcode="extractvalue"/>
<opset="p_s/2 "/>
</bind>
</comp>

<comp id="288" class="1004" name="trunc_ln85_fu_288">
<pin_list>
<pin id="289" dir="0" index="0" bw="32" slack="0"/>
<pin id="290" dir="1" index="1" bw="16" slack="0"/>
</pin_list>
<bind>
<opcode="trunc(33) " fcode="trunc"/>
<opset="trunc_ln85/2 "/>
</bind>
</comp>

<comp id="292" class="1004" name="shl_ln6_fu_292">
<pin_list>
<pin id="293" dir="0" index="0" bw="26" slack="0"/>
<pin id="294" dir="0" index="1" bw="16" slack="0"/>
<pin id="295" dir="0" index="2" bw="1" slack="0"/>
<pin id="296" dir="1" index="3" bw="26" slack="0"/>
</pin_list>
<bind>
<opcode="bitconcatenate(1004) " fcode="bitconcatenate"/>
<opset="shl_ln6/2 "/>
</bind>
</comp>

<comp id="300" class="1004" name="shl_ln85_1_fu_300">
<pin_list>
<pin id="301" dir="0" index="0" bw="26" slack="0"/>
<pin id="302" dir="0" index="1" bw="16" slack="0"/>
<pin id="303" dir="0" index="2" bw="1" slack="0"/>
<pin id="304" dir="1" index="3" bw="26" slack="0"/>
</pin_list>
<bind>
<opcode="bitconcatenate(1004) " fcode="bitconcatenate"/>
<opset="shl_ln85_1/2 "/>
</bind>
</comp>

<comp id="308" class="1004" name="sext_ln85_fu_308">
<pin_list>
<pin id="309" dir="0" index="0" bw="26" slack="0"/>
<pin id="310" dir="1" index="1" bw="52" slack="0"/>
</pin_list>
<bind>
<opcode="sext(35) " fcode="sext"/>
<opset="sext_ln85/2 "/>
</bind>
</comp>

<comp id="313" class="1004" name="sext_ln85_1_fu_313">
<pin_list>
<pin id="314" dir="0" index="0" bw="26" slack="0"/>
<pin id="315" dir="1" index="1" bw="52" slack="0"/>
</pin_list>
<bind>
<opcode="sext(35) " fcode="sext"/>
<opset="sext_ln85_1/2 "/>
</bind>
</comp>

<comp id="318" class="1004" name="icmp_ln82_1_fu_318">
<pin_list>
<pin id="319" dir="0" index="0" bw="9" slack="1"/>
<pin id="320" dir="0" index="1" bw="9" slack="0"/>
<pin id="321" dir="1" index="2" bw="1" slack="2"/>
</pin_list>
<bind>
<opcode="icmp(45) " fcode="icmp"/>
<opset="icmp_ln82_1/2 "/>
</bind>
</comp>

<comp id="323" class="1004" name="icmp_ln87_4_fu_323">
<pin_list>
<pin id="324" dir="0" index="0" bw="2" slack="0"/>
<pin id="325" dir="0" index="1" bw="2" slack="0"/>
<pin id="326" dir="1" index="2" bw="1" slack="2"/>
</pin_list>
<bind>
<opcode="icmp(45) " fcode="icmp"/>
<opset="icmp_ln87_4/2 "/>
</bind>
</comp>

<comp id="329" class="1004" name="store_ln80_store_fu_329">
<pin_list>
<pin id="330" dir="0" index="0" bw="2" slack="0"/>
<pin id="331" dir="0" index="1" bw="2" slack="1"/>
<pin id="332" dir="1" index="2" bw="0" slack="2147483647"/>
</pin_list>
<bind>
<opcode="store(28) " fcode="store"/>
<opset="store_ln80/2 "/>
</bind>
</comp>

<comp id="334" class="1004" name="acc_load_load_fu_334">
<pin_list>
<pin id="335" dir="0" index="0" bw="32" slack="2"/>
<pin id="336" dir="1" index="1" bw="32" slack="0"/>
</pin_list>
<bind>
<opcode="load(27) " fcode="load"/>
<opset="acc_load/3 "/>
</bind>
</comp>

<comp id="337" class="1004" name="select_ln80_2_fu_337">
<pin_list>
<pin id="338" dir="0" index="0" bw="1" slack="2"/>
<pin id="339" dir="0" index="1" bw="32" slack="0"/>
<pin id="340" dir="0" index="2" bw="32" slack="0"/>
<pin id="341" dir="1" index="3" bw="32" slack="0"/>
</pin_list>
<bind>
<opcode="select(49) " fcode="select"/>
<opset="select_ln80_2/3 "/>
</bind>
</comp>

<comp id="344" class="1004" name="shl_ln85_2_fu_344">
<pin_list>
<pin id="345" dir="0" index="0" bw="52" slack="0"/>
<pin id="346" dir="0" index="1" bw="32" slack="0"/>
<pin id="347" dir="0" index="2" bw="1" slack="0"/>
<pin id="348" dir="1" index="3" bw="52" slack="0"/>
</pin_list>
<bind>
<opcode="bitconcatenate(1004) " fcode="bitconcatenate"/>
<opset="shl_ln85_2/3 "/>
</bind>
</comp>

<comp id="352" class="1004" name="sext_ln85_2_fu_352">
<pin_list>
<pin id="353" dir="0" index="0" bw="52" slack="0"/>
<pin id="354" dir="1" index="1" bw="53" slack="0"/>
</pin_list>
<bind>
<opcode="sext(35) " fcode="sext"/>
<opset="sext_ln85_2/3 "/>
</bind>
</comp>

<comp id="356" class="1004" name="sext_ln85_3_fu_356">
<pin_list>
<pin id="357" dir="0" index="0" bw="52" slack="1"/>
<pin id="358" dir="1" index="1" bw="53" slack="0"/>
</pin_list>
<bind>
<opcode="sext(35) " fcode="sext"/>
<opset="sext_ln85_3/3 "/>
</bind>
</comp>

<comp id="359" class="1004" name="add_ln85_1_fu_359">
<pin_list>
<pin id="360" dir="0" index="0" bw="52" slack="0"/>
<pin id="361" dir="0" index="1" bw="52" slack="1"/>
<pin id="362" dir="1" index="2" bw="52" slack="0"/>
</pin_list>
<bind>
<opcode="add(8) " fcode="add"/>
<opset="add_ln85_1/3 "/>
</bind>
</comp>

<comp id="364" class="1004" name="add_ln85_fu_364">
<pin_list>
<pin id="365" dir="0" index="0" bw="52" slack="0"/>
<pin id="366" dir="0" index="1" bw="52" slack="0"/>
<pin id="367" dir="1" index="2" bw="53" slack="0"/>
</pin_list>
<bind>
<opcode="add(8) " fcode="add"/>
<opset="add_ln85/3 "/>
</bind>
</comp>

<comp id="370" class="1004" name="tmp_fu_370">
<pin_list>
<pin id="371" dir="0" index="0" bw="1" slack="0"/>
<pin id="372" dir="0" index="1" bw="53" slack="0"/>
<pin id="373" dir="0" index="2" bw="7" slack="0"/>
<pin id="374" dir="1" index="3" bw="1" slack="0"/>
</pin_list>
<bind>
<opcode="bitselect(1000) " fcode="bitselect"/>
<opset="tmp/3 "/>
</bind>
</comp>

<comp id="378" class="1004" name="acc_1_fu_378">
<pin_list>
<pin id="379" dir="0" index="0" bw="32" slack="0"/>
<pin id="380" dir="0" index="1" bw="52" slack="0"/>
<pin id="381" dir="0" index="2" bw="6" slack="0"/>
<pin id="382" dir="0" index="3" bw="7" slack="0"/>
<pin id="383" dir="1" index="4" bw="32" slack="0"/>
</pin_list>
<bind>
<opcode="partselect(1002) " fcode="partselect"/>
<opset="acc_1/3 "/>
</bind>
</comp>

<comp id="388" class="1004" name="tmp_1_fu_388">
<pin_list>
<pin id="389" dir="0" index="0" bw="1" slack="0"/>
<pin id="390" dir="0" index="1" bw="52" slack="1"/>
<pin id="391" dir="0" index="2" bw="6" slack="0"/>
<pin id="392" dir="1" index="3" bw="1" slack="0"/>
</pin_list>
<bind>
<opcode="bitselect(1000) " fcode="bitselect"/>
<opset="tmp_1/3 "/>
</bind>
</comp>

<comp id="395" class="1004" name="tmp_2_fu_395">
<pin_list>
<pin id="396" dir="0" index="0" bw="1" slack="0"/>
<pin id="397" dir="0" index="1" bw="52" slack="0"/>
<pin id="398" dir="0" index="2" bw="7" slack="0"/>
<pin id="399" dir="1" index="3" bw="1" slack="0"/>
</pin_list>
<bind>
<opcode="bitselect(1000) " fcode="bitselect"/>
<opset="tmp_2/3 "/>
</bind>
</comp>

<comp id="403" class="1004" name="and_ln85_fu_403">
<pin_list>
<pin id="404" dir="0" index="0" bw="1" slack="0"/>
<pin id="405" dir="0" index="1" bw="1" slack="0"/>
<pin id="406" dir="1" index="2" bw="1" slack="0"/>
</pin_list>
<bind>
<opcode="and(23) " fcode="and"/>
<opset="and_ln85/3 "/>
</bind>
</comp>

<comp id="409" class="1004" name="zext_ln85_fu_409">
<pin_list>
<pin id="410" dir="0" index="0" bw="1" slack="0"/>
<pin id="411" dir="1" index="1" bw="32" slack="0"/>
</pin_list>
<bind>
<opcode="zext(34) " fcode="zext"/>
<opset="zext_ln85/3 "/>
</bind>
</comp>

<comp id="413" class="1004" name="acc_2_fu_413">
<pin_list>
<pin id="414" dir="0" index="0" bw="32" slack="0"/>
<pin id="415" dir="0" index="1" bw="1" slack="0"/>
<pin id="416" dir="1" index="2" bw="32" slack="0"/>
</pin_list>
<bind>
<opcode="add(8) " fcode="add"/>
<opset="acc_2/3 "/>
</bind>
</comp>

<comp id="419" class="1004" name="tmp_3_fu_419">
<pin_list>
<pin id="420" dir="0" index="0" bw="1" slack="0"/>
<pin id="421" dir="0" index="1" bw="32" slack="0"/>
<pin id="422" dir="0" index="2" bw="6" slack="0"/>
<pin id="423" dir="1" index="3" bw="1" slack="0"/>
</pin_list>
<bind>
<opcode="bitselect(1000) " fcode="bitselect"/>
<opset="tmp_3/3 "/>
</bind>
</comp>

<comp id="427" class="1004" name="xor_ln85_fu_427">
<pin_list>
<pin id="428" dir="0" index="0" bw="1" slack="0"/>
<pin id="429" dir="0" index="1" bw="1" slack="0"/>
<pin id="430" dir="1" index="2" bw="1" slack="0"/>
</pin_list>
<bind>
<opcode="xor(25) " fcode="xor"/>
<opset="xor_ln85/3 "/>
</bind>
</comp>

<comp id="433" class="1004" name="and_ln85_1_fu_433">
<pin_list>
<pin id="434" dir="0" index="0" bw="1" slack="0"/>
<pin id="435" dir="0" index="1" bw="1" slack="0"/>
<pin id="436" dir="1" index="2" bw="1" slack="0"/>
</pin_list>
<bind>
<opcode="and(23) " fcode="and"/>
<opset="and_ln85_1/3 "/>
</bind>
</comp>

<comp id="439" class="1004" name="xor_ln85_2_fu_439">
<pin_list>
<pin id="440" dir="0" index="0" bw="1" slack="0"/>
<pin id="441" dir="0" index="1" bw="1" slack="0"/>
<pin id="442" dir="1" index="2" bw="1" slack="0"/>
</pin_list>
<bind>
<opcode="xor(25) " fcode="xor"/>
<opset="xor_ln85_2/3 "/>
</bind>
</comp>

<comp id="445" class="1004" name="or_ln85_fu_445">
<pin_list>
<pin id="446" dir="0" index="0" bw="1" slack="0"/>
<pin id="447" dir="0" index="1" bw="1" slack="0"/>
<pin id="448" dir="1" index="2" bw="1" slack="0"/>
</pin_list>
<bind>
<opcode="or(24) " fcode="or"/>
<opset="or_ln85/3 "/>
</bind>
</comp>

<comp id="451" class="1004" name="xor_ln85_1_fu_451">
<pin_list>
<pin id="452" dir="0" index="0" bw="1" slack="0"/>
<pin id="453" dir="0" index="1" bw="1" slack="0"/>
<pin id="454" dir="1" index="2" bw="1" slack="0"/>
</pin_list>
<bind>
<opcode="xor(25) " fcode="xor"/>
<opset="xor_ln85_1/3 "/>
</bind>
</comp>

<comp id="457" class="1004" name="xor_ln85_4_fu_457">
<pin_list>
<pin id="458" dir="0" index="0" bw="1" slack="0"/>
<pin id="459" dir="0" index="1" bw="1" slack="0"/>
<pin id="460" dir="1" index="2" bw="1" slack="0"/>
</pin_list>
<bind>
<opcode="xor(25) " fcode="xor"/>
<opset="xor_ln85_4/3 "/>
</bind>
</comp>

<comp id="463" class="1004" name="xor_ln85_3_fu_463">
<pin_list>
<pin id="464" dir="0" index="0" bw="1" slack="0"/>
<pin id="465" dir="0" index="1" bw="1" slack="0"/>
<pin id="466" dir="1" index="2" bw="1" slack="0"/>
</pin_list>
<bind>
<opcode="xor(25) " fcode="xor"/>
<opset="xor_ln85_3/3 "/>
</bind>
</comp>

<comp id="469" class="1004" name="or_ln85_1_fu_469">
<pin_list>
<pin id="470" dir="0" index="0" bw="1" slack="0"/>
<pin id="471" dir="0" index="1" bw="1" slack="0"/>
<pin id="472" dir="1" index="2" bw="1" slack="0"/>
</pin_list>
<bind>
<opcode="or(24) " fcode="or"/>
<opset="or_ln85_1/3 "/>
</bind>
</comp>

<comp id="475" class="1004" name="and_ln85_2_fu_475">
<pin_list>
<pin id="476" dir="0" index="0" bw="1" slack="0"/>
<pin id="477" dir="0" index="1" bw="1" slack="0"/>
<pin id="478" dir="1" index="2" bw="1" slack="0"/>
</pin_list>
<bind>
<opcode="and(23) " fcode="and"/>
<opset="and_ln85_2/3 "/>
</bind>
</comp>

<comp id="481" class="1004" name="or_ln85_3_fu_481">
<pin_list>
<pin id="482" dir="0" index="0" bw="1" slack="0"/>
<pin id="483" dir="0" index="1" bw="1" slack="0"/>
<pin id="484" dir="1" index="2" bw="1" slack="0"/>
</pin_list>
<bind>
<opcode="or(24) " fcode="or"/>
<opset="or_ln85_3/3 "/>
</bind>
</comp>

<comp id="487" class="1004" name="xor_ln85_5_fu_487">
<pin_list>
<pin id="488" dir="0" index="0" bw="1" slack="0"/>
<pin id="489" dir="0" index="1" bw="1" slack="0"/>
<pin id="490" dir="1" index="2" bw="1" slack="0"/>
</pin_list>
<bind>
<opcode="xor(25) " fcode="xor"/>
<opset="xor_ln85_5/3 "/>
</bind>
</comp>

<comp id="493" class="1004" name="and_ln85_3_fu_493">
<pin_list>
<pin id="494" dir="0" index="0" bw="1" slack="0"/>
<pin id="495" dir="0" index="1" bw="1" slack="0"/>
<pin id="496" dir="1" index="2" bw="1" slack="0"/>
</pin_list>
<bind>
<opcode="and(23) " fcode="and"/>
<opset="and_ln85_3/3 "/>
</bind>
</comp>

<comp id="499" class="1004" name="select_ln85_fu_499">
<pin_list>
<pin id="500" dir="0" index="0" bw="1" slack="0"/>
<pin id="501" dir="0" index="1" bw="32" slack="0"/>
<pin id="502" dir="0" index="2" bw="32" slack="0"/>
<pin id="503" dir="1" index="3" bw="32" slack="0"/>
</pin_list>
<bind>
<opcode="select(49) " fcode="select"/>
<opset="select_ln85/3 "/>
</bind>
</comp>

<comp id="507" class="1004" name="or_ln85_2_fu_507">
<pin_list>
<pin id="508" dir="0" index="0" bw="1" slack="0"/>
<pin id="509" dir="0" index="1" bw="1" slack="0"/>
<pin id="510" dir="1" index="2" bw="1" slack="0"/>
</pin_list>
<bind>
<opcode="or(24) " fcode="or"/>
<opset="or_ln85_2/3 "/>
</bind>
</comp>

<comp id="513" class="1004" name="acc_3_fu_513">
<pin_list>
<pin id="514" dir="0" index="0" bw="1" slack="0"/>
<pin id="515" dir="0" index="1" bw="32" slack="0"/>
<pin id="516" dir="0" index="2" bw="32" slack="0"/>
<pin id="517" dir="1" index="3" bw="32" slack="0"/>
</pin_list>
<bind>
<opcode="select(49) " fcode="select"/>
<opset="acc_3/3 "/>
</bind>
</comp>

<comp id="521" class="1004" name="tmp_4_fu_521">
<pin_list>
<pin id="522" dir="0" index="0" bw="1" slack="0"/>
<pin id="523" dir="0" index="1" bw="32" slack="0"/>
<pin id="524" dir="0" index="2" bw="6" slack="0"/>
<pin id="525" dir="1" index="3" bw="1" slack="1"/>
</pin_list>
<bind>
<opcode="bitselect(1000) " fcode="bitselect"/>
<opset="tmp_4/3 "/>
</bind>
</comp>

<comp id="529" class="1004" name="trunc_ln87_fu_529">
<pin_list>
<pin id="530" dir="0" index="0" bw="32" slack="0"/>
<pin id="531" dir="1" index="1" bw="9" slack="1"/>
</pin_list>
<bind>
<opcode="trunc(33) " fcode="trunc"/>
<opset="trunc_ln87/3 "/>
</bind>
</comp>

<comp id="533" class="1004" name="tmp_s_fu_533">
<pin_list>
<pin id="534" dir="0" index="0" bw="5" slack="0"/>
<pin id="535" dir="0" index="1" bw="32" slack="0"/>
<pin id="536" dir="0" index="2" bw="6" slack="0"/>
<pin id="537" dir="1" index="3" bw="5" slack="1"/>
</pin_list>
<bind>
<opcode="partselect(1002) " fcode="partselect"/>
<opset="tmp_s/3 "/>
</bind>
</comp>

<comp id="541" class="1004" name="tmp_9_fu_541">
<pin_list>
<pin id="542" dir="0" index="0" bw="6" slack="0"/>
<pin id="543" dir="0" index="1" bw="32" slack="0"/>
<pin id="544" dir="0" index="2" bw="6" slack="0"/>
<pin id="545" dir="1" index="3" bw="6" slack="1"/>
</pin_list>
<bind>
<opcode="partselect(1002) " fcode="partselect"/>
<opset="tmp_9/3 "/>
</bind>
</comp>

<comp id="549" class="1004" name="store_ln81_store_fu_549">
<pin_list>
<pin id="550" dir="0" index="0" bw="32" slack="0"/>
<pin id="551" dir="0" index="1" bw="32" slack="2"/>
<pin id="552" dir="1" index="2" bw="0" slack="2147483647"/>
</pin_list>
<bind>
<opcode="store(28) " fcode="store"/>
<opset="store_ln81/3 "/>
</bind>
</comp>

<comp id="554" class="1004" name="trunc_ln3_fu_554">
<pin_list>
<pin id="555" dir="0" index="0" bw="16" slack="0"/>
<pin id="556" dir="0" index="1" bw="32" slack="1"/>
<pin id="557" dir="0" index="2" bw="5" slack="0"/>
<pin id="558" dir="0" index="3" bw="6" slack="0"/>
<pin id="559" dir="1" index="4" bw="16" slack="0"/>
</pin_list>
<bind>
<opcode="partselect(1002) " fcode="partselect"/>
<opset="trunc_ln3/4 "/>
</bind>
</comp>

<comp id="563" class="1004" name="tmp_5_fu_563">
<pin_list>
<pin id="564" dir="0" index="0" bw="1" slack="0"/>
<pin id="565" dir="0" index="1" bw="32" slack="1"/>
<pin id="566" dir="0" index="2" bw="5" slack="0"/>
<pin id="567" dir="1" index="3" bw="1" slack="0"/>
</pin_list>
<bind>
<opcode="bitselect(1000) " fcode="bitselect"/>
<opset="tmp_5/4 "/>
</bind>
</comp>

<comp id="570" class="1004" name="icmp_ln87_fu_570">
<pin_list>
<pin id="571" dir="0" index="0" bw="9" slack="1"/>
<pin id="572" dir="0" index="1" bw="9" slack="0"/>
<pin id="573" dir="1" index="2" bw="1" slack="0"/>
</pin_list>
<bind>
<opcode="icmp(45) " fcode="icmp"/>
<opset="icmp_ln87/4 "/>
</bind>
</comp>

<comp id="575" class="1004" name="tmp_6_fu_575">
<pin_list>
<pin id="576" dir="0" index="0" bw="1" slack="0"/>
<pin id="577" dir="0" index="1" bw="32" slack="1"/>
<pin id="578" dir="0" index="2" bw="6" slack="0"/>
<pin id="579" dir="1" index="3" bw="1" slack="0"/>
</pin_list>
<bind>
<opcode="bitselect(1000) " fcode="bitselect"/>
<opset="tmp_6/4 "/>
</bind>
</comp>

<comp id="582" class="1004" name="or_ln87_fu_582">
<pin_list>
<pin id="583" dir="0" index="0" bw="1" slack="1"/>
<pin id="584" dir="0" index="1" bw="1" slack="0"/>
<pin id="585" dir="1" index="2" bw="1" slack="0"/>
</pin_list>
<bind>
<opcode="or(24) " fcode="or"/>
<opset="or_ln87/4 "/>
</bind>
</comp>

<comp id="587" class="1004" name="and_ln87_fu_587">
<pin_list>
<pin id="588" dir="0" index="0" bw="1" slack="0"/>
<pin id="589" dir="0" index="1" bw="1" slack="0"/>
<pin id="590" dir="1" index="2" bw="1" slack="0"/>
</pin_list>
<bind>
<opcode="and(23) " fcode="and"/>
<opset="and_ln87/4 "/>
</bind>
</comp>

<comp id="593" class="1004" name="zext_ln87_fu_593">
<pin_list>
<pin id="594" dir="0" index="0" bw="1" slack="0"/>
<pin id="595" dir="1" index="1" bw="16" slack="0"/>
</pin_list>
<bind>
<opcode="zext(34) " fcode="zext"/>
<opset="zext_ln87/4 "/>
</bind>
</comp>

<comp id="597" class="1004" name="add_ln87_fu_597">
<pin_list>
<pin id="598" dir="0" index="0" bw="16" slack="0"/>
<pin id="599" dir="0" index="1" bw="1" slack="0"/>
<pin id="600" dir="1" index="2" bw="16" slack="0"/>
</pin_list>
<bind>
<opcode="add(8) " fcode="add"/>
<opset="add_ln87/4 "/>
</bind>
</comp>

<comp id="603" class="1004" name="tmp_7_fu_603">
<pin_list>
<pin id="604" dir="0" index="0" bw="1" slack="0"/>
<pin id="605" dir="0" index="1" bw="16" slack="0"/>
<pin id="606" dir="0" index="2" bw="5" slack="0"/>
<pin id="607" dir="1" index="3" bw="1" slack="0"/>
</pin_list>
<bind>
<opcode="bitselect(1000) " fcode="bitselect"/>
<opset="tmp_7/4 "/>
</bind>
</comp>

<comp id="611" class="1004" name="xor_ln87_fu_611">
<pin_list>
<pin id="612" dir="0" index="0" bw="1" slack="0"/>
<pin id="613" dir="0" index="1" bw="1" slack="0"/>
<pin id="614" dir="1" index="2" bw="1" slack="0"/>
</pin_list>
<bind>
<opcode="xor(25) " fcode="xor"/>
<opset="xor_ln87/4 "/>
</bind>
</comp>

<comp id="617" class="1004" name="and_ln87_1_fu_617">
<pin_list>
<pin id="618" dir="0" index="0" bw="1" slack="0"/>
<pin id="619" dir="0" index="1" bw="1" slack="0"/>
<pin id="620" dir="1" index="2" bw="1" slack="0"/>
</pin_list>
<bind>
<opcode="and(23) " fcode="and"/>
<opset="and_ln87_1/4 "/>
</bind>
</comp>

<comp id="623" class="1004" name="tmp_8_fu_623">
<pin_list>
<pin id="624" dir="0" index="0" bw="1" slack="0"/>
<pin id="625" dir="0" index="1" bw="32" slack="1"/>
<pin id="626" dir="0" index="2" bw="6" slack="0"/>
<pin id="627" dir="1" index="3" bw="1" slack="0"/>
</pin_list>
<bind>
<opcode="bitselect(1000) " fcode="bitselect"/>
<opset="tmp_8/4 "/>
</bind>
</comp>

<comp id="630" class="1004" name="icmp_ln87_1_fu_630">
<pin_list>
<pin id="631" dir="0" index="0" bw="5" slack="1"/>
<pin id="632" dir="0" index="1" bw="5" slack="0"/>
<pin id="633" dir="1" index="2" bw="1" slack="0"/>
</pin_list>
<bind>
<opcode="icmp(45) " fcode="icmp"/>
<opset="icmp_ln87_1/4 "/>
</bind>
</comp>

<comp id="635" class="1004" name="icmp_ln87_2_fu_635">
<pin_list>
<pin id="636" dir="0" index="0" bw="6" slack="1"/>
<pin id="637" dir="0" index="1" bw="6" slack="0"/>
<pin id="638" dir="1" index="2" bw="1" slack="0"/>
</pin_list>
<bind>
<opcode="icmp(45) " fcode="icmp"/>
<opset="icmp_ln87_2/4 "/>
</bind>
</comp>

<comp id="640" class="1004" name="icmp_ln87_3_fu_640">
<pin_list>
<pin id="641" dir="0" index="0" bw="6" slack="1"/>
<pin id="642" dir="0" index="1" bw="6" slack="0"/>
<pin id="643" dir="1" index="2" bw="1" slack="0"/>
</pin_list>
<bind>
<opcode="icmp(45) " fcode="icmp"/>
<opset="icmp_ln87_3/4 "/>
</bind>
</comp>

<comp id="645" class="1004" name="select_ln87_fu_645">
<pin_list>
<pin id="646" dir="0" index="0" bw="1" slack="0"/>
<pin id="647" dir="0" index="1" bw="1" slack="0"/>
<pin id="648" dir="0" index="2" bw="1" slack="0"/>
<pin id="649" dir="1" index="3" bw="1" slack="0"/>
</pin_list>
<bind>
<opcode="select(49) " fcode="select"/>
<opset="select_ln87/4 "/>
</bind>
</comp>

<comp id="653" class="1004" name="xor_ln87_1_fu_653">
<pin_list>
<pin id="654" dir="0" index="0" bw="1" slack="0"/>
<pin id="655" dir="0" index="1" bw="1" slack="0"/>
<pin id="656" dir="1" index="2" bw="1" slack="0"/>
</pin_list>
<bind>
<opcode="xor(25) " fcode="xor"/>
<opset="xor_ln87_1/4 "/>
</bind>
</comp>

<comp id="659" class="1004" name="and_ln87_2_fu_659">
<pin_list>
<pin id="660" dir="0" index="0" bw="1" slack="0"/>
<pin id="661" dir="0" index="1" bw="1" slack="0"/>
<pin id="662" dir="1" index="2" bw="1" slack="0"/>
</pin_list>
<bind>
<opcode="and(23) " fcode="and"/>
<opset="and_ln87_2/4 "/>
</bind>
</comp>

<comp id="665" class="1004" name="select_ln87_1_fu_665">
<pin_list>
<pin id="666" dir="0" index="0" bw="1" slack="0"/>
<pin id="667" dir="0" index="1" bw="1" slack="0"/>
<pin id="668" dir="0" index="2" bw="1" slack="0"/>
<pin id="669" dir="1" index="3" bw="1" slack="0"/>
</pin_list>
<bind>
<opcode="select(49) " fcode="select"/>
<opset="select_ln87_1/4 "/>
</bind>
</comp>

<comp id="673" class="1004" name="and_ln87_3_fu_673">
<pin_list>
<pin id="674" dir="0" index="0" bw="1" slack="0"/>
<pin id="675" dir="0" index="1" bw="1" slack="0"/>
<pin id="676" dir="1" index="2" bw="1" slack="0"/>
</pin_list>
<bind>
<opcode="and(23) " fcode="and"/>
<opset="and_ln87_3/4 "/>
</bind>
</comp>

<comp id="679" class="1004" name="xor_ln87_2_fu_679">
<pin_list>
<pin id="680" dir="0" index="0" bw="1" slack="0"/>
<pin id="681" dir="0" index="1" bw="1" slack="0"/>
<pin id="682" dir="1" index="2" bw="1" slack="0"/>
</pin_list>
<bind>
<opcode="xor(25) " fcode="xor"/>
<opset="xor_ln87_2/4 "/>
</bind>
</comp>

<comp id="685" class="1004" name="or_ln87_1_fu_685">
<pin_list>
<pin id="686" dir="0" index="0" bw="1" slack="0"/>
<pin id="687" dir="0" index="1" bw="1" slack="0"/>
<pin id="688" dir="1" index="2" bw="1" slack="0"/>
</pin_list>
<bind>
<opcode="or(24) " fcode="or"/>
<opset="or_ln87_1/4 "/>
</bind>
</comp>

<comp id="691" class="1004" name="xor_ln87_3_fu_691">
<pin_list>
<pin id="692" dir="0" index="0" bw="1" slack="1"/>
<pin id="693" dir="0" index="1" bw="1" slack="0"/>
<pin id="694" dir="1" index="2" bw="1" slack="0"/>
</pin_list>
<bind>
<opcode="xor(25) " fcode="xor"/>
<opset="xor_ln87_3/4 "/>
</bind>
</comp>

<comp id="696" class="1004" name="and_ln87_4_fu_696">
<pin_list>
<pin id="697" dir="0" index="0" bw="1" slack="0"/>
<pin id="698" dir="0" index="1" bw="1" slack="0"/>
<pin id="699" dir="1" index="2" bw="1" slack="0"/>
</pin_list>
<bind>
<opcode="and(23) " fcode="and"/>
<opset="and_ln87_4/4 "/>
</bind>
</comp>

<comp id="702" class="1004" name="and_ln87_5_fu_702">
<pin_list>
<pin id="703" dir="0" index="0" bw="1" slack="0"/>
<pin id="704" dir="0" index="1" bw="1" slack="0"/>
<pin id="705" dir="1" index="2" bw="1" slack="0"/>
</pin_list>
<bind>
<opcode="and(23) " fcode="and"/>
<opset="and_ln87_5/4 "/>
</bind>
</comp>

<comp id="708" class="1004" name="or_ln87_3_fu_708">
<pin_list>
<pin id="709" dir="0" index="0" bw="1" slack="0"/>
<pin id="710" dir="0" index="1" bw="1" slack="0"/>
<pin id="711" dir="1" index="2" bw="1" slack="0"/>
</pin_list>
<bind>
<opcode="or(24) " fcode="or"/>
<opset="or_ln87_3/4 "/>
</bind>
</comp>

<comp id="714" class="1004" name="xor_ln87_4_fu_714">
<pin_list>
<pin id="715" dir="0" index="0" bw="1" slack="0"/>
<pin id="716" dir="0" index="1" bw="1" slack="0"/>
<pin id="717" dir="1" index="2" bw="1" slack="0"/>
</pin_list>
<bind>
<opcode="xor(25) " fcode="xor"/>
<opset="xor_ln87_4/4 "/>
</bind>
</comp>

<comp id="720" class="1004" name="and_ln87_6_fu_720">
<pin_list>
<pin id="721" dir="0" index="0" bw="1" slack="1"/>
<pin id="722" dir="0" index="1" bw="1" slack="0"/>
<pin id="723" dir="1" index="2" bw="1" slack="0"/>
</pin_list>
<bind>
<opcode="and(23) " fcode="and"/>
<opset="and_ln87_6/4 "/>
</bind>
</comp>

<comp id="725" class="1004" name="select_ln87_2_fu_725">
<pin_list>
<pin id="726" dir="0" index="0" bw="1" slack="0"/>
<pin id="727" dir="0" index="1" bw="16" slack="0"/>
<pin id="728" dir="0" index="2" bw="16" slack="0"/>
<pin id="729" dir="1" index="3" bw="16" slack="0"/>
</pin_list>
<bind>
<opcode="select(49) " fcode="select"/>
<opset="select_ln87_2/4 "/>
</bind>
</comp>

<comp id="733" class="1004" name="or_ln87_2_fu_733">
<pin_list>
<pin id="734" dir="0" index="0" bw="1" slack="0"/>
<pin id="735" dir="0" index="1" bw="1" slack="0"/>
<pin id="736" dir="1" index="2" bw="1" slack="0"/>
</pin_list>
<bind>
<opcode="or(24) " fcode="or"/>
<opset="or_ln87_2/4 "/>
</bind>
</comp>

<comp id="739" class="1004" name="act4_2_fu_739">
<pin_list>
<pin id="740" dir="0" index="0" bw="1" slack="0"/>
<pin id="741" dir="0" index="1" bw="16" slack="0"/>
<pin id="742" dir="0" index="2" bw="16" slack="0"/>
<pin id="743" dir="1" index="3" bw="16" slack="0"/>
</pin_list>
<bind>
<opcode="select(49) " fcode="select"/>
<opset="act4_2/4 "/>
</bind>
</comp>

<comp id="749" class="1005" name="acc_reg_749">
<pin_list>
<pin id="750" dir="0" index="0" bw="32" slack="0"/>
<pin id="751" dir="1" index="1" bw="32" slack="0"/>
</pin_list>
<bind>
<opset="acc "/>
</bind>
</comp>

<comp id="756" class="1005" name="i_reg_756">
<pin_list>
<pin id="757" dir="0" index="0" bw="9" slack="0"/>
<pin id="758" dir="1" index="1" bw="9" slack="0"/>
</pin_list>
<bind>
<opset="i "/>
</bind>
</comp>

<comp id="763" class="1005" name="o_reg_763">
<pin_list>
<pin id="764" dir="0" index="0" bw="2" slack="0"/>
<pin id="765" dir="1" index="1" bw="2" slack="0"/>
</pin_list>
<bind>
<opset="o "/>
</bind>
</comp>

<comp id="770" class="1005" name="indvar_flatten20_reg_770">
<pin_list>
<pin id="771" dir="0" index="0" bw="10" slack="0"/>
<pin id="772" dir="1" index="1" bw="10" slack="0"/>
</pin_list>
<bind>
<opset="indvar_flatten20 "/>
</bind>
</comp>

<comp id="777" class="1005" name="icmp_ln80_reg_777">
<pin_list>
<pin id="778" dir="0" index="0" bw="1" slack="2"/>
<pin id="779" dir="1" index="1" bw="1" slack="2147483647"/>
</pin_list>
<bind>
<opset="icmp_ln80 "/>
</bind>
</comp>

<comp id="781" class="1005" name="icmp_ln82_reg_781">
<pin_list>
<pin id="782" dir="0" index="0" bw="1" slack="1"/>
<pin id="783" dir="1" index="1" bw="1" slack="1"/>
</pin_list>
<bind>
<opset="icmp_ln82 "/>
</bind>
</comp>

<comp id="787" class="1005" name="act3_addr_reg_787">
<pin_list>
<pin id="788" dir="0" index="0" bw="8" slack="1"/>
<pin id="789" dir="1" index="1" bw="8" slack="1"/>
</pin_list>
<bind>
<opset="act3_addr "/>
</bind>
</comp>

<comp id="792" class="1005" name="add_ln82_reg_792">
<pin_list>
<pin id="793" dir="0" index="0" bw="9" slack="1"/>
<pin id="794" dir="1" index="1" bw="9" slack="1"/>
</pin_list>
<bind>
<opset="add_ln82 "/>
</bind>
</comp>

<comp id="797" class="1005" name="mul_ln85_reg_797">
<pin_list>
<pin id="798" dir="0" index="0" bw="52" slack="1"/>
<pin id="799" dir="1" index="1" bw="52" slack="1"/>
</pin_list>
<bind>
<opset="mul_ln85 "/>
</bind>
</comp>

<comp id="804" class="1005" name="icmp_ln82_1_reg_804">
<pin_list>
<pin id="805" dir="0" index="0" bw="1" slack="2"/>
<pin id="806" dir="1" index="1" bw="1" slack="2147483647"/>
</pin_list>
<bind>
<opset="icmp_ln82_1 "/>
</bind>
</comp>

<comp id="808" class="1005" name="icmp_ln87_4_reg_808">
<pin_list>
<pin id="809" dir="0" index="0" bw="1" slack="2"/>
<pin id="810" dir="1" index="1" bw="1" slack="2147483647"/>
</pin_list>
<bind>
<opset="icmp_ln87_4 "/>
</bind>
</comp>

<comp id="812" class="1005" name="acc_3_reg_812">
<pin_list>
<pin id="813" dir="0" index="0" bw="32" slack="1"/>
<pin id="814" dir="1" index="1" bw="32" slack="1"/>
</pin_list>
<bind>
<opset="acc_3 "/>
</bind>
</comp>

<comp id="820" class="1005" name="tmp_4_reg_820">
<pin_list>
<pin id="821" dir="0" index="0" bw="1" slack="1"/>
<pin id="822" dir="1" index="1" bw="1" slack="1"/>
</pin_list>
<bind>
<opset="tmp_4 "/>
</bind>
</comp>

<comp id="827" class="1005" name="trunc_ln87_reg_827">
<pin_list>
<pin id="828" dir="0" index="0" bw="9" slack="1"/>
<pin id="829" dir="1" index="1" bw="9" slack="1"/>
</pin_list>
<bind>
<opset="trunc_ln87 "/>
</bind>
</comp>

<comp id="832" class="1005" name="tmp_s_reg_832">
<pin_list>
<pin id="833" dir="0" index="0" bw="5" slack="1"/>
<pin id="834" dir="1" index="1" bw="5" slack="1"/>
</pin_list>
<bind>
<opset="tmp_s "/>
</bind>
</comp>

<comp id="837" class="1005" name="tmp_9_reg_837">
<pin_list>
<pin id="838" dir="0" index="0" bw="6" slack="1"/>
<pin id="839" dir="1" index="1" bw="6" slack="1"/>
</pin_list>
<bind>
<opset="tmp_9 "/>
</bind>
</comp>

</comp_list>

<net_list>
<net id="133"><net_src comp="20" pin="0"/><net_sink comp="130" pin=0"/></net>

<net id="137"><net_src comp="20" pin="0"/><net_sink comp="134" pin=0"/></net>

<net id="141"><net_src comp="20" pin="0"/><net_sink comp="138" pin=0"/></net>

<net id="145"><net_src comp="20" pin="0"/><net_sink comp="142" pin=0"/></net>

<net id="156"><net_src comp="56" pin="0"/><net_sink comp="146" pin=0"/></net>

<net id="157"><net_src comp="2" pin="0"/><net_sink comp="146" pin=1"/></net>

<net id="158"><net_src comp="4" pin="0"/><net_sink comp="146" pin=2"/></net>

<net id="159"><net_src comp="6" pin="0"/><net_sink comp="146" pin=3"/></net>

<net id="160"><net_src comp="8" pin="0"/><net_sink comp="146" pin=4"/></net>

<net id="161"><net_src comp="10" pin="0"/><net_sink comp="146" pin=5"/></net>

<net id="162"><net_src comp="12" pin="0"/><net_sink comp="146" pin=6"/></net>

<net id="163"><net_src comp="14" pin="0"/><net_sink comp="146" pin=7"/></net>

<net id="169"><net_src comp="128" pin="0"/><net_sink comp="164" pin=0"/></net>

<net id="170"><net_src comp="18" pin="0"/><net_sink comp="164" pin=1"/></net>

<net id="176"><net_src comp="128" pin="0"/><net_sink comp="171" pin=0"/></net>

<net id="177"><net_src comp="0" pin="0"/><net_sink comp="171" pin=1"/></net>

<net id="183"><net_src comp="16" pin="0"/><net_sink comp="178" pin=0"/></net>

<net id="184"><net_src comp="50" pin="0"/><net_sink comp="178" pin=1"/></net>

<net id="190"><net_src comp="178" pin="3"/><net_sink comp="185" pin=0"/></net>

<net id="199"><net_src comp="38" pin="0"/><net_sink comp="195" pin=0"/></net>

<net id="204"><net_src comp="40" pin="0"/><net_sink comp="200" pin=0"/></net>

<net id="209"><net_src comp="42" pin="0"/><net_sink comp="205" pin=0"/></net>

<net id="214"><net_src comp="30" pin="0"/><net_sink comp="210" pin=0"/></net>

<net id="222"><net_src comp="215" pin="1"/><net_sink comp="218" pin=0"/></net>

<net id="223"><net_src comp="44" pin="0"/><net_sink comp="218" pin=1"/></net>

<net id="228"><net_src comp="215" pin="1"/><net_sink comp="224" pin=0"/></net>

<net id="229"><net_src comp="46" pin="0"/><net_sink comp="224" pin=1"/></net>

<net id="237"><net_src comp="230" pin="1"/><net_sink comp="233" pin=0"/></net>

<net id="238"><net_src comp="48" pin="0"/><net_sink comp="233" pin=1"/></net>

<net id="244"><net_src comp="233" pin="2"/><net_sink comp="239" pin=0"/></net>

<net id="245"><net_src comp="42" pin="0"/><net_sink comp="239" pin=1"/></net>

<net id="246"><net_src comp="230" pin="1"/><net_sink comp="239" pin=2"/></net>

<net id="250"><net_src comp="239" pin="3"/><net_sink comp="247" pin=0"/></net>

<net id="251"><net_src comp="247" pin="1"/><net_sink comp="178" pin=2"/></net>

<net id="256"><net_src comp="239" pin="3"/><net_sink comp="252" pin=0"/></net>

<net id="257"><net_src comp="52" pin="0"/><net_sink comp="252" pin=1"/></net>

<net id="262"><net_src comp="224" pin="2"/><net_sink comp="258" pin=0"/></net>

<net id="267"><net_src comp="252" pin="2"/><net_sink comp="263" pin=0"/></net>

<net id="275"><net_src comp="268" pin="1"/><net_sink comp="271" pin=0"/></net>

<net id="276"><net_src comp="54" pin="0"/><net_sink comp="271" pin=1"/></net>

<net id="282"><net_src comp="271" pin="2"/><net_sink comp="277" pin=1"/></net>

<net id="283"><net_src comp="268" pin="1"/><net_sink comp="277" pin=2"/></net>

<net id="287"><net_src comp="146" pin="8"/><net_sink comp="284" pin=0"/></net>

<net id="291"><net_src comp="284" pin="1"/><net_sink comp="288" pin=0"/></net>

<net id="297"><net_src comp="58" pin="0"/><net_sink comp="292" pin=0"/></net>

<net id="298"><net_src comp="288" pin="1"/><net_sink comp="292" pin=1"/></net>

<net id="299"><net_src comp="38" pin="0"/><net_sink comp="292" pin=2"/></net>

<net id="305"><net_src comp="58" pin="0"/><net_sink comp="300" pin=0"/></net>

<net id="306"><net_src comp="185" pin="3"/><net_sink comp="300" pin=1"/></net>

<net id="307"><net_src comp="38" pin="0"/><net_sink comp="300" pin=2"/></net>

<net id="311"><net_src comp="292" pin="3"/><net_sink comp="308" pin=0"/></net>

<net id="312"><net_src comp="308" pin="1"/><net_sink comp="191" pin=1"/></net>

<net id="316"><net_src comp="300" pin="3"/><net_sink comp="313" pin=0"/></net>

<net id="317"><net_src comp="313" pin="1"/><net_sink comp="191" pin=0"/></net>

<net id="322"><net_src comp="48" pin="0"/><net_sink comp="318" pin=1"/></net>

<net id="327"><net_src comp="277" pin="3"/><net_sink comp="323" pin=0"/></net>

<net id="328"><net_src comp="40" pin="0"/><net_sink comp="323" pin=1"/></net>

<net id="333"><net_src comp="277" pin="3"/><net_sink comp="329" pin=0"/></net>

<net id="342"><net_src comp="30" pin="0"/><net_sink comp="337" pin=1"/></net>

<net id="343"><net_src comp="334" pin="1"/><net_sink comp="337" pin=2"/></net>

<net id="349"><net_src comp="60" pin="0"/><net_sink comp="344" pin=0"/></net>

<net id="350"><net_src comp="337" pin="3"/><net_sink comp="344" pin=1"/></net>

<net id="351"><net_src comp="62" pin="0"/><net_sink comp="344" pin=2"/></net>

<net id="355"><net_src comp="344" pin="3"/><net_sink comp="352" pin=0"/></net>

<net id="363"><net_src comp="344" pin="3"/><net_sink comp="359" pin=0"/></net>

<net id="368"><net_src comp="352" pin="1"/><net_sink comp="364" pin=0"/></net>

<net id="369"><net_src comp="356" pin="1"/><net_sink comp="364" pin=1"/></net>

<net id="375"><net_src comp="64" pin="0"/><net_sink comp="370" pin=0"/></net>

<net id="376"><net_src comp="364" pin="2"/><net_sink comp="370" pin=1"/></net>

<net id="377"><net_src comp="66" pin="0"/><net_sink comp="370" pin=2"/></net>

<net id="384"><net_src comp="68" pin="0"/><net_sink comp="378" pin=0"/></net>

<net id="385"><net_src comp="359" pin="2"/><net_sink comp="378" pin=1"/></net>

<net id="386"><net_src comp="70" pin="0"/><net_sink comp="378" pin=2"/></net>

<net id="387"><net_src comp="72" pin="0"/><net_sink comp="378" pin=3"/></net>

<net id="393"><net_src comp="74" pin="0"/><net_sink comp="388" pin=0"/></net>

<net id="394"><net_src comp="76" pin="0"/><net_sink comp="388" pin=2"/></net>

<net id="400"><net_src comp="74" pin="0"/><net_sink comp="395" pin=0"/></net>

<net id="401"><net_src comp="359" pin="2"/><net_sink comp="395" pin=1"/></net>

<net id="402"><net_src comp="72" pin="0"/><net_sink comp="395" pin=2"/></net>

<net id="407"><net_src comp="370" pin="3"/><net_sink comp="403" pin=0"/></net>

<net id="408"><net_src comp="388" pin="3"/><net_sink comp="403" pin=1"/></net>

<net id="412"><net_src comp="403" pin="2"/><net_sink comp="409" pin=0"/></net>

<net id="417"><net_src comp="378" pin="4"/><net_sink comp="413" pin=0"/></net>

<net id="418"><net_src comp="409" pin="1"/><net_sink comp="413" pin=1"/></net>

<net id="424"><net_src comp="78" pin="0"/><net_sink comp="419" pin=0"/></net>

<net id="425"><net_src comp="413" pin="2"/><net_sink comp="419" pin=1"/></net>

<net id="426"><net_src comp="80" pin="0"/><net_sink comp="419" pin=2"/></net>

<net id="431"><net_src comp="419" pin="3"/><net_sink comp="427" pin=0"/></net>

<net id="432"><net_src comp="82" pin="0"/><net_sink comp="427" pin=1"/></net>

<net id="437"><net_src comp="395" pin="3"/><net_sink comp="433" pin=0"/></net>

<net id="438"><net_src comp="427" pin="2"/><net_sink comp="433" pin=1"/></net>

<net id="443"><net_src comp="395" pin="3"/><net_sink comp="439" pin=0"/></net>

<net id="444"><net_src comp="82" pin="0"/><net_sink comp="439" pin=1"/></net>

<net id="449"><net_src comp="419" pin="3"/><net_sink comp="445" pin=0"/></net>

<net id="450"><net_src comp="439" pin="2"/><net_sink comp="445" pin=1"/></net>

<net id="455"><net_src comp="370" pin="3"/><net_sink comp="451" pin=0"/></net>

<net id="456"><net_src comp="82" pin="0"/><net_sink comp="451" pin=1"/></net>

<net id="461"><net_src comp="445" pin="2"/><net_sink comp="457" pin=0"/></net>

<net id="462"><net_src comp="82" pin="0"/><net_sink comp="457" pin=1"/></net>

<net id="467"><net_src comp="457" pin="2"/><net_sink comp="463" pin=0"/></net>

<net id="468"><net_src comp="370" pin="3"/><net_sink comp="463" pin=1"/></net>

<net id="473"><net_src comp="419" pin="3"/><net_sink comp="469" pin=0"/></net>

<net id="474"><net_src comp="463" pin="2"/><net_sink comp="469" pin=1"/></net>

<net id="479"><net_src comp="469" pin="2"/><net_sink comp="475" pin=0"/></net>

<net id="480"><net_src comp="451" pin="2"/><net_sink comp="475" pin=1"/></net>

<net id="485"><net_src comp="433" pin="2"/><net_sink comp="481" pin=0"/></net>

<net id="486"><net_src comp="419" pin="3"/><net_sink comp="481" pin=1"/></net>

<net id="491"><net_src comp="481" pin="2"/><net_sink comp="487" pin=0"/></net>

<net id="492"><net_src comp="82" pin="0"/><net_sink comp="487" pin=1"/></net>

<net id="497"><net_src comp="370" pin="3"/><net_sink comp="493" pin=0"/></net>

<net id="498"><net_src comp="487" pin="2"/><net_sink comp="493" pin=1"/></net>

<net id="504"><net_src comp="475" pin="2"/><net_sink comp="499" pin=0"/></net>

<net id="505"><net_src comp="84" pin="0"/><net_sink comp="499" pin=1"/></net>

<net id="506"><net_src comp="86" pin="0"/><net_sink comp="499" pin=2"/></net>

<net id="511"><net_src comp="475" pin="2"/><net_sink comp="507" pin=0"/></net>

<net id="512"><net_src comp="493" pin="2"/><net_sink comp="507" pin=1"/></net>

<net id="518"><net_src comp="507" pin="2"/><net_sink comp="513" pin=0"/></net>

<net id="519"><net_src comp="499" pin="3"/><net_sink comp="513" pin=1"/></net>

<net id="520"><net_src comp="413" pin="2"/><net_sink comp="513" pin=2"/></net>

<net id="526"><net_src comp="78" pin="0"/><net_sink comp="521" pin=0"/></net>

<net id="527"><net_src comp="513" pin="3"/><net_sink comp="521" pin=1"/></net>

<net id="528"><net_src comp="80" pin="0"/><net_sink comp="521" pin=2"/></net>

<net id="532"><net_src comp="513" pin="3"/><net_sink comp="529" pin=0"/></net>

<net id="538"><net_src comp="88" pin="0"/><net_sink comp="533" pin=0"/></net>

<net id="539"><net_src comp="513" pin="3"/><net_sink comp="533" pin=1"/></net>

<net id="540"><net_src comp="90" pin="0"/><net_sink comp="533" pin=2"/></net>

<net id="546"><net_src comp="92" pin="0"/><net_sink comp="541" pin=0"/></net>

<net id="547"><net_src comp="513" pin="3"/><net_sink comp="541" pin=1"/></net>

<net id="548"><net_src comp="94" pin="0"/><net_sink comp="541" pin=2"/></net>

<net id="553"><net_src comp="513" pin="3"/><net_sink comp="549" pin=0"/></net>

<net id="560"><net_src comp="106" pin="0"/><net_sink comp="554" pin=0"/></net>

<net id="561"><net_src comp="108" pin="0"/><net_sink comp="554" pin=2"/></net>

<net id="562"><net_src comp="110" pin="0"/><net_sink comp="554" pin=3"/></net>

<net id="568"><net_src comp="78" pin="0"/><net_sink comp="563" pin=0"/></net>

<net id="569"><net_src comp="112" pin="0"/><net_sink comp="563" pin=2"/></net>

<net id="574"><net_src comp="42" pin="0"/><net_sink comp="570" pin=1"/></net>

<net id="580"><net_src comp="78" pin="0"/><net_sink comp="575" pin=0"/></net>

<net id="581"><net_src comp="110" pin="0"/><net_sink comp="575" pin=2"/></net>

<net id="586"><net_src comp="570" pin="2"/><net_sink comp="582" pin=1"/></net>

<net id="591"><net_src comp="582" pin="2"/><net_sink comp="587" pin=0"/></net>

<net id="592"><net_src comp="563" pin="3"/><net_sink comp="587" pin=1"/></net>

<net id="596"><net_src comp="587" pin="2"/><net_sink comp="593" pin=0"/></net>

<net id="601"><net_src comp="554" pin="4"/><net_sink comp="597" pin=0"/></net>

<net id="602"><net_src comp="593" pin="1"/><net_sink comp="597" pin=1"/></net>

<net id="608"><net_src comp="114" pin="0"/><net_sink comp="603" pin=0"/></net>

<net id="609"><net_src comp="597" pin="2"/><net_sink comp="603" pin=1"/></net>

<net id="610"><net_src comp="116" pin="0"/><net_sink comp="603" pin=2"/></net>

<net id="615"><net_src comp="603" pin="3"/><net_sink comp="611" pin=0"/></net>

<net id="616"><net_src comp="82" pin="0"/><net_sink comp="611" pin=1"/></net>

<net id="621"><net_src comp="575" pin="3"/><net_sink comp="617" pin=0"/></net>

<net id="622"><net_src comp="611" pin="2"/><net_sink comp="617" pin=1"/></net>

<net id="628"><net_src comp="78" pin="0"/><net_sink comp="623" pin=0"/></net>

<net id="629"><net_src comp="94" pin="0"/><net_sink comp="623" pin=2"/></net>

<net id="634"><net_src comp="118" pin="0"/><net_sink comp="630" pin=1"/></net>

<net id="639"><net_src comp="120" pin="0"/><net_sink comp="635" pin=1"/></net>

<net id="644"><net_src comp="122" pin="0"/><net_sink comp="640" pin=1"/></net>

<net id="650"><net_src comp="617" pin="2"/><net_sink comp="645" pin=0"/></net>

<net id="651"><net_src comp="635" pin="2"/><net_sink comp="645" pin=1"/></net>

<net id="652"><net_src comp="640" pin="2"/><net_sink comp="645" pin=2"/></net>

<net id="657"><net_src comp="623" pin="3"/><net_sink comp="653" pin=0"/></net>

<net id="658"><net_src comp="82" pin="0"/><net_sink comp="653" pin=1"/></net>

<net id="663"><net_src comp="630" pin="2"/><net_sink comp="659" pin=0"/></net>

<net id="664"><net_src comp="653" pin="2"/><net_sink comp="659" pin=1"/></net>

<net id="670"><net_src comp="617" pin="2"/><net_sink comp="665" pin=0"/></net>

<net id="671"><net_src comp="659" pin="2"/><net_sink comp="665" pin=1"/></net>

<net id="672"><net_src comp="635" pin="2"/><net_sink comp="665" pin=2"/></net>

<net id="677"><net_src comp="617" pin="2"/><net_sink comp="673" pin=0"/></net>

<net id="678"><net_src comp="635" pin="2"/><net_sink comp="673" pin=1"/></net>

<net id="683"><net_src comp="645" pin="3"/><net_sink comp="679" pin=0"/></net>

<net id="684"><net_src comp="82" pin="0"/><net_sink comp="679" pin=1"/></net>

<net id="689"><net_src comp="603" pin="3"/><net_sink comp="685" pin=0"/></net>

<net id="690"><net_src comp="679" pin="2"/><net_sink comp="685" pin=1"/></net>

<net id="695"><net_src comp="82" pin="0"/><net_sink comp="691" pin=1"/></net>

<net id="700"><net_src comp="685" pin="2"/><net_sink comp="696" pin=0"/></net>

<net id="701"><net_src comp="691" pin="2"/><net_sink comp="696" pin=1"/></net>

<net id="706"><net_src comp="603" pin="3"/><net_sink comp="702" pin=0"/></net>

<net id="707"><net_src comp="665" pin="3"/><net_sink comp="702" pin=1"/></net>

<net id="712"><net_src comp="673" pin="2"/><net_sink comp="708" pin=0"/></net>

<net id="713"><net_src comp="702" pin="2"/><net_sink comp="708" pin=1"/></net>

<net id="718"><net_src comp="708" pin="2"/><net_sink comp="714" pin=0"/></net>

<net id="719"><net_src comp="82" pin="0"/><net_sink comp="714" pin=1"/></net>

<net id="724"><net_src comp="714" pin="2"/><net_sink comp="720" pin=1"/></net>

<net id="730"><net_src comp="696" pin="2"/><net_sink comp="725" pin=0"/></net>

<net id="731"><net_src comp="124" pin="0"/><net_sink comp="725" pin=1"/></net>

<net id="732"><net_src comp="126" pin="0"/><net_sink comp="725" pin=2"/></net>

<net id="737"><net_src comp="696" pin="2"/><net_sink comp="733" pin=0"/></net>

<net id="738"><net_src comp="720" pin="2"/><net_sink comp="733" pin=1"/></net>

<net id="744"><net_src comp="733" pin="2"/><net_sink comp="739" pin=0"/></net>

<net id="745"><net_src comp="725" pin="3"/><net_sink comp="739" pin=1"/></net>

<net id="746"><net_src comp="597" pin="2"/><net_sink comp="739" pin=2"/></net>

<net id="747"><net_src comp="739" pin="3"/><net_sink comp="164" pin=2"/></net>

<net id="748"><net_src comp="739" pin="3"/><net_sink comp="171" pin=2"/></net>

<net id="752"><net_src comp="130" pin="1"/><net_sink comp="749" pin=0"/></net>

<net id="753"><net_src comp="749" pin="1"/><net_sink comp="210" pin=1"/></net>

<net id="754"><net_src comp="749" pin="1"/><net_sink comp="334" pin=0"/></net>

<net id="755"><net_src comp="749" pin="1"/><net_sink comp="549" pin=1"/></net>

<net id="759"><net_src comp="134" pin="1"/><net_sink comp="756" pin=0"/></net>

<net id="760"><net_src comp="756" pin="1"/><net_sink comp="205" pin=1"/></net>

<net id="761"><net_src comp="756" pin="1"/><net_sink comp="230" pin=0"/></net>

<net id="762"><net_src comp="756" pin="1"/><net_sink comp="263" pin=1"/></net>

<net id="766"><net_src comp="138" pin="1"/><net_sink comp="763" pin=0"/></net>

<net id="767"><net_src comp="763" pin="1"/><net_sink comp="200" pin=1"/></net>

<net id="768"><net_src comp="763" pin="1"/><net_sink comp="268" pin=0"/></net>

<net id="769"><net_src comp="763" pin="1"/><net_sink comp="329" pin=1"/></net>

<net id="773"><net_src comp="142" pin="1"/><net_sink comp="770" pin=0"/></net>

<net id="774"><net_src comp="770" pin="1"/><net_sink comp="195" pin=1"/></net>

<net id="775"><net_src comp="770" pin="1"/><net_sink comp="215" pin=0"/></net>

<net id="776"><net_src comp="770" pin="1"/><net_sink comp="258" pin=1"/></net>

<net id="780"><net_src comp="218" pin="2"/><net_sink comp="777" pin=0"/></net>

<net id="784"><net_src comp="233" pin="2"/><net_sink comp="781" pin=0"/></net>

<net id="785"><net_src comp="781" pin="1"/><net_sink comp="277" pin=0"/></net>

<net id="786"><net_src comp="781" pin="1"/><net_sink comp="337" pin=0"/></net>

<net id="790"><net_src comp="178" pin="3"/><net_sink comp="787" pin=0"/></net>

<net id="791"><net_src comp="787" pin="1"/><net_sink comp="185" pin=0"/></net>

<net id="795"><net_src comp="252" pin="2"/><net_sink comp="792" pin=0"/></net>

<net id="796"><net_src comp="792" pin="1"/><net_sink comp="318" pin=0"/></net>

<net id="800"><net_src comp="191" pin="2"/><net_sink comp="797" pin=0"/></net>

<net id="801"><net_src comp="797" pin="1"/><net_sink comp="356" pin=0"/></net>

<net id="802"><net_src comp="797" pin="1"/><net_sink comp="359" pin=1"/></net>

<net id="803"><net_src comp="797" pin="1"/><net_sink comp="388" pin=1"/></net>

<net id="807"><net_src comp="318" pin="2"/><net_sink comp="804" pin=0"/></net>

<net id="811"><net_src comp="323" pin="2"/><net_sink comp="808" pin=0"/></net>

<net id="815"><net_src comp="513" pin="3"/><net_sink comp="812" pin=0"/></net>

<net id="816"><net_src comp="812" pin="1"/><net_sink comp="554" pin=1"/></net>

<net id="817"><net_src comp="812" pin="1"/><net_sink comp="563" pin=1"/></net>

<net id="818"><net_src comp="812" pin="1"/><net_sink comp="575" pin=1"/></net>

<net id="819"><net_src comp="812" pin="1"/><net_sink comp="623" pin=1"/></net>

<net id="823"><net_src comp="521" pin="3"/><net_sink comp="820" pin=0"/></net>

<net id="824"><net_src comp="820" pin="1"/><net_sink comp="582" pin=0"/></net>

<net id="825"><net_src comp="820" pin="1"/><net_sink comp="691" pin=0"/></net>

<net id="826"><net_src comp="820" pin="1"/><net_sink comp="720" pin=0"/></net>

<net id="830"><net_src comp="529" pin="1"/><net_sink comp="827" pin=0"/></net>

<net id="831"><net_src comp="827" pin="1"/><net_sink comp="570" pin=0"/></net>

<net id="835"><net_src comp="533" pin="3"/><net_sink comp="832" pin=0"/></net>

<net id="836"><net_src comp="832" pin="1"/><net_sink comp="630" pin=0"/></net>

<net id="840"><net_src comp="541" pin="3"/><net_sink comp="837" pin=0"/></net>

<net id="841"><net_src comp="837" pin="1"/><net_sink comp="635" pin=0"/></net>

<net id="842"><net_src comp="837" pin="1"/><net_sink comp="640" pin=0"/></net>

</net_list>

</model> 
---------------- Datapath Model END ------------------

* FSMD analyzer results:
  - Output states:
	Port: act4 | {4 }
	Port: s_axis_input_V_data_V | {}
	Port: s_axis_input_V_keep_V | {}
	Port: s_axis_input_V_strb_V | {}
	Port: s_axis_input_V_user_V | {}
	Port: s_axis_input_V_last_V | {}
	Port: s_axis_input_V_id_V | {}
	Port: s_axis_input_V_dest_V | {}
	Port: act4_1 | {4 }
 - Input state : 
	Port: bnn_top_Pipeline_L4_W_L4_IN : s_axis_input_V_data_V | {2 }
	Port: bnn_top_Pipeline_L4_W_L4_IN : s_axis_input_V_keep_V | {2 }
	Port: bnn_top_Pipeline_L4_W_L4_IN : s_axis_input_V_strb_V | {2 }
	Port: bnn_top_Pipeline_L4_W_L4_IN : s_axis_input_V_user_V | {2 }
	Port: bnn_top_Pipeline_L4_W_L4_IN : s_axis_input_V_last_V | {2 }
	Port: bnn_top_Pipeline_L4_W_L4_IN : s_axis_input_V_id_V | {2 }
	Port: bnn_top_Pipeline_L4_W_L4_IN : s_axis_input_V_dest_V | {2 }
	Port: bnn_top_Pipeline_L4_W_L4_IN : act3 | {1 2 }
  - Chain level:
	State 1
		store_ln0 : 1
		store_ln80 : 1
		store_ln82 : 1
		store_ln81 : 1
		indvar_flatten20_load : 1
		icmp_ln80 : 2
		add_ln80 : 2
		br_ln80 : 3
		i_load : 1
		icmp_ln82 : 2
		select_ln80 : 3
		zext_ln82 : 4
		act3_addr : 5
		act3_load : 6
		add_ln82 : 4
		store_ln80 : 3
		store_ln82 : 5
	State 2
		add_ln80_1 : 1
		select_ln80_1 : 2
		trunc_ln85 : 1
		shl_ln6 : 2
		shl_ln85_1 : 1
		sext_ln85 : 3
		sext_ln85_1 : 2
		mul_ln85 : 4
		icmp_ln87_4 : 3
		br_ln82 : 1
		br_ln87 : 4
		store_ln80 : 3
	State 3
		select_ln80_2 : 1
		shl_ln85_2 : 2
		sext_ln85_2 : 3
		add_ln85_1 : 3
		add_ln85 : 4
		tmp : 5
		acc_1 : 4
		tmp_2 : 4
		and_ln85 : 6
		zext_ln85 : 6
		acc_2 : 7
		tmp_3 : 8
		xor_ln85 : 9
		and_ln85_1 : 9
		xor_ln85_2 : 5
		or_ln85 : 9
		xor_ln85_1 : 6
		xor_ln85_4 : 9
		xor_ln85_3 : 9
		or_ln85_1 : 9
		and_ln85_2 : 9
		or_ln85_3 : 9
		xor_ln85_5 : 9
		and_ln85_3 : 9
		select_ln85 : 9
		or_ln85_2 : 9
		acc_3 : 9
		tmp_4 : 10
		trunc_ln87 : 10
		tmp_s : 10
		tmp_9 : 10
		store_ln81 : 10
	State 4
		or_ln87 : 1
		and_ln87 : 1
		zext_ln87 : 1
		add_ln87 : 2
		tmp_7 : 3
		xor_ln87 : 4
		and_ln87_1 : 4
		select_ln87 : 4
		xor_ln87_1 : 1
		and_ln87_2 : 1
		select_ln87_1 : 4
		and_ln87_3 : 4
		xor_ln87_2 : 5
		or_ln87_1 : 5
		and_ln87_4 : 5
		and_ln87_5 : 5
		or_ln87_3 : 5
		xor_ln87_4 : 5
		and_ln87_6 : 5
		select_ln87_2 : 5
		or_ln87_2 : 5
		act4_2 : 5
		write_ln87 : 6
		write_ln87 : 6


============================================================
+ Verbose Summary: Datapath Resource usage 
============================================================

* Functional unit list:
|----------|-------------------------|---------|---------|---------|
| Operation|     Functional Unit     |   DSP   |    FF   |   LUT   |
|----------|-------------------------|---------|---------|---------|
|          |     add_ln80_fu_224     |    0    |    0    |    13   |
|          |     add_ln82_fu_252     |    0    |    0    |    14   |
|          |    add_ln80_1_fu_271    |    0    |    0    |    10   |
|    add   |    add_ln85_1_fu_359    |    0    |    0    |    59   |
|          |     add_ln85_fu_364     |    0    |    0    |    59   |
|          |       acc_2_fu_413      |    0    |    0    |    39   |
|          |     add_ln87_fu_597     |    0    |    0    |    23   |
|----------|-------------------------|---------|---------|---------|
|          |    select_ln80_fu_239   |    0    |    0    |    9    |
|          |   select_ln80_1_fu_277  |    0    |    0    |    2    |
|          |   select_ln80_2_fu_337  |    0    |    0    |    32   |
|          |    select_ln85_fu_499   |    0    |    0    |    32   |
|  select  |       acc_3_fu_513      |    0    |    0    |    32   |
|          |    select_ln87_fu_645   |    0    |    0    |    2    |
|          |   select_ln87_1_fu_665  |    0    |    0    |    2    |
|          |   select_ln87_2_fu_725  |    0    |    0    |    16   |
|          |      act4_2_fu_739      |    0    |    0    |    16   |
|----------|-------------------------|---------|---------|---------|
|          |     icmp_ln80_fu_218    |    0    |    0    |    13   |
|          |     icmp_ln82_fu_233    |    0    |    0    |    14   |
|          |    icmp_ln82_1_fu_318   |    0    |    0    |    14   |
|   icmp   |    icmp_ln87_4_fu_323   |    0    |    0    |    10   |
|          |     icmp_ln87_fu_570    |    0    |    0    |    14   |
|          |    icmp_ln87_1_fu_630   |    0    |    0    |    13   |
|          |    icmp_ln87_2_fu_635   |    0    |    0    |    14   |
|          |    icmp_ln87_3_fu_640   |    0    |    0    |    14   |
|----------|-------------------------|---------|---------|---------|
|    mul   |     mul_ln85_fu_191     |    3    |    0    |    43   |
|----------|-------------------------|---------|---------|---------|
|          |     and_ln85_fu_403     |    0    |    0    |    2    |
|          |    and_ln85_1_fu_433    |    0    |    0    |    2    |
|          |    and_ln85_2_fu_475    |    0    |    0    |    2    |
|          |    and_ln85_3_fu_493    |    0    |    0    |    2    |
|          |     and_ln87_fu_587     |    0    |    0    |    2    |
|    and   |    and_ln87_1_fu_617    |    0    |    0    |    2    |
|          |    and_ln87_2_fu_659    |    0    |    0    |    2    |
|          |    and_ln87_3_fu_673    |    0    |    0    |    2    |
|          |    and_ln87_4_fu_696    |    0    |    0    |    2    |
|          |    and_ln87_5_fu_702    |    0    |    0    |    2    |
|          |    and_ln87_6_fu_720    |    0    |    0    |    2    |
|----------|-------------------------|---------|---------|---------|
|          |     xor_ln85_fu_427     |    0    |    0    |    2    |
|          |    xor_ln85_2_fu_439    |    0    |    0    |    2    |
|          |    xor_ln85_1_fu_451    |    0    |    0    |    2    |
|          |    xor_ln85_4_fu_457    |    0    |    0    |    2    |
|          |    xor_ln85_3_fu_463    |    0    |    0    |    2    |
|    xor   |    xor_ln85_5_fu_487    |    0    |    0    |    2    |
|          |     xor_ln87_fu_611     |    0    |    0    |    2    |
|          |    xor_ln87_1_fu_653    |    0    |    0    |    2    |
|          |    xor_ln87_2_fu_679    |    0    |    0    |    2    |
|          |    xor_ln87_3_fu_691    |    0    |    0    |    2    |
|          |    xor_ln87_4_fu_714    |    0    |    0    |    2    |
|----------|-------------------------|---------|---------|---------|
|          |      or_ln85_fu_445     |    0    |    0    |    2    |
|          |     or_ln85_1_fu_469    |    0    |    0    |    2    |
|          |     or_ln85_3_fu_481    |    0    |    0    |    2    |
|    or    |     or_ln85_2_fu_507    |    0    |    0    |    2    |
|          |      or_ln87_fu_582     |    0    |    0    |    2    |
|          |     or_ln87_1_fu_685    |    0    |    0    |    2    |
|          |     or_ln87_3_fu_708    |    0    |    0    |    2    |
|          |     or_ln87_2_fu_733    |    0    |    0    |    2    |
|----------|-------------------------|---------|---------|---------|
|   read   |    empty_read_fu_146    |    0    |    0    |    0    |
|----------|-------------------------|---------|---------|---------|
|   write  | write_ln87_write_fu_164 |    0    |    0    |    0    |
|          | write_ln87_write_fu_171 |    0    |    0    |    0    |
|----------|-------------------------|---------|---------|---------|
|          |     zext_ln82_fu_247    |    0    |    0    |    0    |
|   zext   |     zext_ln85_fu_409    |    0    |    0    |    0    |
|          |     zext_ln87_fu_593    |    0    |    0    |    0    |
|----------|-------------------------|---------|---------|---------|
|extractvalue|        p_s_fu_284       |    0    |    0    |    0    |
|----------|-------------------------|---------|---------|---------|
|   trunc  |    trunc_ln85_fu_288    |    0    |    0    |    0    |
|          |    trunc_ln87_fu_529    |    0    |    0    |    0    |
|----------|-------------------------|---------|---------|---------|
|          |      shl_ln6_fu_292     |    0    |    0    |    0    |
|bitconcatenate|    shl_ln85_1_fu_300    |    0    |    0    |    0    |
|          |    shl_ln85_2_fu_344    |    0    |    0    |    0    |
|----------|-------------------------|---------|---------|---------|
|          |     sext_ln85_fu_308    |    0    |    0    |    0    |
|   sext   |    sext_ln85_1_fu_313   |    0    |    0    |    0    |
|          |    sext_ln85_2_fu_352   |    0    |    0    |    0    |
|          |    sext_ln85_3_fu_356   |    0    |    0    |    0    |
|----------|-------------------------|---------|---------|---------|
|          |        tmp_fu_370       |    0    |    0    |    0    |
|          |       tmp_1_fu_388      |    0    |    0    |    0    |
|          |       tmp_2_fu_395      |    0    |    0    |    0    |
|          |       tmp_3_fu_419      |    0    |    0    |    0    |
| bitselect|       tmp_4_fu_521      |    0    |    0    |    0    |
|          |       tmp_5_fu_563      |    0    |    0    |    0    |
|          |       tmp_6_fu_575      |    0    |    0    |    0    |
|          |       tmp_7_fu_603      |    0    |    0    |    0    |
|          |       tmp_8_fu_623      |    0    |    0    |    0    |
|----------|-------------------------|---------|---------|---------|
|          |       acc_1_fu_378      |    0    |    0    |    0    |
|partselect|       tmp_s_fu_533      |    0    |    0    |    0    |
|          |       tmp_9_fu_541      |    0    |    0    |    0    |
|          |     trunc_ln3_fu_554    |    0    |    0    |    0    |
|----------|-------------------------|---------|---------|---------|
|   Total  |                         |    3    |    0    |   569   |
|----------|-------------------------|---------|---------|---------|

Memories:
N/A

* Register list:
+------------------------+--------+
|                        |   FF   |
+------------------------+--------+
|      acc_3_reg_812     |   32   |
|       acc_reg_749      |   32   |
|    act3_addr_reg_787   |    8   |
|    add_ln82_reg_792    |    9   |
|        i_reg_756       |    9   |
|    icmp_ln80_reg_777   |    1   |
|   icmp_ln82_1_reg_804  |    1   |
|    icmp_ln82_reg_781   |    1   |
|   icmp_ln87_4_reg_808  |    1   |
|indvar_flatten20_reg_770|   10   |
|    mul_ln85_reg_797    |   52   |
|        o_reg_763       |    2   |
|      tmp_4_reg_820     |    1   |
|      tmp_9_reg_837     |    6   |
|      tmp_s_reg_832     |    5   |
|   trunc_ln87_reg_827   |    9   |
+------------------------+--------+
|          Total         |   179  |
+------------------------+--------+

* Multiplexer (MUX) list: 
|-------------------|------|------|------|--------||---------||---------||---------|
|        Comp       |  Pin | Size |  BW  | S x BW ||  Delay  ||    FF   ||   LUT   |
|-------------------|------|------|------|--------||---------||---------||---------|
| grp_access_fu_185 |  p0  |   2  |   8  |   16   ||    0    ||    9    |
|-------------------|------|------|------|--------||---------||---------||---------|
|       Total       |      |      |      |   16   ||  1.588  ||    0    ||    9    |
|-------------------|------|------|------|--------||---------||---------||---------|



* Summary:
+-----------+--------+--------+--------+--------+
|           |   DSP  |  Delay |   FF   |   LUT  |
+-----------+--------+--------+--------+--------+
|  Function |    3   |    -   |    0   |   569  |
|   Memory  |    -   |    -   |    -   |    -   |
|Multiplexer|    -   |    1   |    0   |    9   |
|  Register |    -   |    -   |   179  |    -   |
+-----------+--------+--------+--------+--------+
|   Total   |    3   |    1   |   179  |   578  |
+-----------+--------+--------+--------+--------+
