

================================================================
== Vitis HLS Report for 'bnn_top_Pipeline_L1_W_L1_IN'
================================================================
* Date:           Sat May  9 04:49:37 2026

* Version:        2025.1 (Build 6135595 on May 21 2025)
* Project:        bnn_top
* Solution:       solution (Vivado IP Flow Target)
* Product family: zynq
* Target device:  xc7z020-clg400-1


================================================================
== Performance Estimates
================================================================
+ Timing: 
    * Summary: 
    +--------+----------+-----------+------------+
    |  Clock |  Target  | Estimated | Uncertainty|
    +--------+----------+-----------+------------+
    |ap_clk  |  10.00 ns|  10.703 ns|     2.70 ns|
    +--------+----------+-----------+------------+

+ Latency: 
    * Summary: 
    +---------+---------+----------+----------+-------+-------+------------------------------------------------+
    |  Latency (cycles) |  Latency (absolute) |    Interval   |                    Pipeline                    |
    |   min   |   max   |    min   |    max   |  min  |  max  |                      Type                      |
    +---------+---------+----------+----------+-------+-------+------------------------------------------------+
    |    16389|    16389|  0.175 ms|  0.175 ms|  16385|  16385|  loop auto-rewind stp (delay=0 clock cycles(s))|
    +---------+---------+----------+----------+-------+-------+------------------------------------------------+

    + Detail: 
        * Instance: 
        N/A

        * Loop: 
        +--------------+---------+---------+----------+-----------+-----------+-------+----------+
        |              |  Latency (cycles) | Iteration|  Initiation Interval  |  Trip |          |
        |   Loop Name  |   min   |   max   |  Latency |  achieved |   target  | Count | Pipelined|
        +--------------+---------+---------+----------+-----------+-----------+-------+----------+
        |- L1_W_L1_IN  |    16387|    16387|         5|          1|          1|  16384|       yes|
        +--------------+---------+---------+----------+-----------+-----------+-------+----------+



================================================================
== Utilization Estimates
================================================================
* Summary: 
+-----------------+---------+-----+--------+-------+-----+
|       Name      | BRAM_18K| DSP |   FF   |  LUT  | URAM|
+-----------------+---------+-----+--------+-------+-----+
|DSP              |        -|    -|       -|      -|    -|
|Expression       |        -|    -|       0|    551|    -|
|FIFO             |        -|    -|       -|      -|    -|
|Instance         |        -|    3|       0|     43|    -|
|Memory           |        -|    -|       -|      -|    -|
|Multiplexer      |        -|    -|       0|     81|    -|
|Register         |        -|    -|     333|     64|    -|
+-----------------+---------+-----+--------+-------+-----+
|Total            |        0|    3|     333|    739|    0|
+-----------------+---------+-----+--------+-------+-----+
|Available        |      280|  220|  106400|  53200|    0|
+-----------------+---------+-----+--------+-------+-----+
|Utilization (%)  |        0|    1|      ~0|      1|    0|
+-----------------+---------+-----+--------+-------+-----+

+ Detail: 
    * Instance: 
    +-----------------------+--------------------+---------+----+---+----+-----+
    |        Instance       |       Module       | BRAM_18K| DSP| FF| LUT| URAM|
    +-----------------------+--------------------+---------+----+---+----+-----+
    |mul_26s_26s_52_1_1_U9  |mul_26s_26s_52_1_1  |        0|   3|  0|  43|    0|
    +-----------------------+--------------------+---------+----+---+----+-----+
    |Total                  |                    |        0|   3|  0|  43|    0|
    +-----------------------+--------------------+---------+----+---+----+-----+

    * DSP: 
    N/A

    * Memory: 
    N/A

    * FIFO: 
    N/A

    * Expression: 
    +---------------------------+----------+----+---+----+------------+------------+
    |       Variable Name       | Operation| DSP| FF| LUT| Bitwidth P0| Bitwidth P1|
    +---------------------------+----------+----+---+----+------------+------------+
    |acc_fu_383_p2              |         +|   0|  0|  39|          32|          32|
    |add_ln26_1_fu_704_p2       |         +|   0|  0|  14|           9|           1|
    |add_ln26_fu_221_p2         |         +|   0|  0|  20|          15|           1|
    |add_ln28_fu_249_p2         |         +|   0|  0|  14|           7|           1|
    |add_ln31_1_fu_329_p2       |         +|   0|  0|  59|          52|          52|
    |add_ln31_fu_334_p2         |         +|   0|  0|  60|          53|          53|
    |add_ln33_fu_567_p2         |         +|   0|  0|  23|          16|          16|
    |and_ln31_1_fu_403_p2       |       and|   0|  0|   2|           1|           1|
    |and_ln31_2_fu_445_p2       |       and|   0|  0|   2|           1|           1|
    |and_ln31_3_fu_463_p2       |       and|   0|  0|   2|           1|           1|
    |and_ln31_fu_373_p2         |       and|   0|  0|   2|           1|           1|
    |and_ln33_1_fu_587_p2       |       and|   0|  0|   2|           1|           1|
    |and_ln33_2_fu_629_p2       |       and|   0|  0|   2|           1|           1|
    |and_ln33_3_fu_643_p2       |       and|   0|  0|   2|           1|           1|
    |and_ln33_4_fu_666_p2       |       and|   0|  0|   2|           1|           1|
    |and_ln33_5_fu_672_p2       |       and|   0|  0|   2|           1|           1|
    |and_ln33_6_fu_690_p2       |       and|   0|  0|   2|           1|           1|
    |and_ln33_fu_557_p2         |       and|   0|  0|   2|           1|           1|
    |ap_block_pp0_stage0_11001  |       and|   0|  0|   2|           1|           1|
    |icmp_ln26_fu_215_p2        |      icmp|   0|  0|  23|          15|          16|
    |icmp_ln28_1_fu_299_p2      |      icmp|   0|  0|  15|           7|           8|
    |icmp_ln28_fu_230_p2        |      icmp|   0|  0|  15|           7|           8|
    |icmp_ln33_1_fu_600_p2      |      icmp|   0|  0|  13|           5|           2|
    |icmp_ln33_2_fu_605_p2      |      icmp|   0|  0|  14|           6|           2|
    |icmp_ln33_3_fu_610_p2      |      icmp|   0|  0|  14|           6|           1|
    |icmp_ln33_fu_540_p2        |      icmp|   0|  0|  14|           9|           1|
    |or_ln31_1_fu_439_p2        |        or|   0|  0|   2|           1|           1|
    |or_ln31_2_fu_477_p2        |        or|   0|  0|   2|           1|           1|
    |or_ln31_3_fu_451_p2        |        or|   0|  0|   2|           1|           1|
    |or_ln31_fu_415_p2          |        or|   0|  0|   2|           1|           1|
    |or_ln33_1_fu_655_p2        |        or|   0|  0|   2|           1|           1|
    |or_ln33_2_fu_695_p2        |        or|   0|  0|   2|           1|           1|
    |or_ln33_3_fu_678_p2        |        or|   0|  0|   2|           1|           1|
    |or_ln33_fu_552_p2          |        or|   0|  0|   2|           1|           1|
    |acc_9_fu_483_p3            |    select|   0|  0|  32|           1|          32|
    |select_ln26_1_fu_710_p3    |    select|   0|  0|   9|           1|           9|
    |select_ln26_2_fu_307_p3    |    select|   0|  0|  32|           1|           1|
    |select_ln26_fu_236_p3      |    select|   0|  0|   7|           1|           1|
    |select_ln31_fu_469_p3      |    select|   0|  0|  33|           1|          31|
    |select_ln33_1_fu_635_p3    |    select|   0|  0|   2|           1|           1|
    |select_ln33_2_fu_722_p3    |    select|   0|  0|  17|           1|          15|
    |select_ln33_3_fu_729_p3    |    select|   0|  0|  16|           1|          16|
    |select_ln33_fu_615_p3      |    select|   0|  0|   2|           1|           1|
    |ap_enable_pp0              |       xor|   0|  0|   2|           1|           2|
    |xor_ln31_1_fu_421_p2       |       xor|   0|  0|   2|           1|           2|
    |xor_ln31_2_fu_409_p2       |       xor|   0|  0|   2|           1|           2|
    |xor_ln31_3_fu_433_p2       |       xor|   0|  0|   2|           1|           1|
    |xor_ln31_4_fu_427_p2       |       xor|   0|  0|   2|           1|           2|
    |xor_ln31_5_fu_457_p2       |       xor|   0|  0|   2|           1|           2|
    |xor_ln31_fu_397_p2         |       xor|   0|  0|   2|           1|           2|
    |xor_ln33_1_fu_623_p2       |       xor|   0|  0|   2|           1|           2|
    |xor_ln33_2_fu_649_p2       |       xor|   0|  0|   2|           1|           2|
    |xor_ln33_3_fu_661_p2       |       xor|   0|  0|   2|           1|           2|
    |xor_ln33_4_fu_684_p2       |       xor|   0|  0|   2|           1|           2|
    |xor_ln33_fu_581_p2         |       xor|   0|  0|   2|           1|           2|
    +---------------------------+----------+----+---+----+------------+------------+
    |Total                      |          |   0|  0| 551|         280|         344|
    +---------------------------+----------+----+---+----+------------+------------+

    * Multiplexer: 
    +--------------------------------------+----+-----------+-----+-----------+
    |                 Name                 | LUT| Input Size| Bits| Total Bits|
    +--------------------------------------+----+-----------+-----+-----------+
    |acc_1_fu_128                          |   9|          2|   32|         64|
    |ap_done_int                           |   9|          2|    1|          2|
    |ap_enable_reg_pp0_iter1               |   9|          2|    1|          2|
    |ap_sig_allocacmp_i_1_load             |   9|          2|    7|         14|
    |ap_sig_allocacmp_indvar_flatten_load  |   9|          2|   15|         30|
    |i_1_fu_132                            |   9|          2|    7|         14|
    |indvar_flatten_fu_140                 |   9|          2|   15|         30|
    |o_fu_136                              |   9|          2|    9|         18|
    |s_axis_input_TDATA_blk_n              |   9|          2|    1|          2|
    +--------------------------------------+----+-----------+-----+-----------+
    |Total                                 |  81|         18|   88|        176|
    +--------------------------------------+----+-----------+-----+-----------+

    * Register: 
    +-------------------------------------------+----+----+-----+-----------+
    |                    Name                   | FF | LUT| Bits| Const Bits|
    +-------------------------------------------+----+----+-----+-----------+
    |acc_1_fu_128                               |  32|   0|   32|          0|
    |acc_9_reg_800                              |  32|   0|   32|          0|
    |add_ln28_reg_784                           |   7|   0|    7|          0|
    |add_ln33_reg_831                           |  16|   0|   16|          0|
    |and_ln33_4_reg_836                         |   1|   0|    1|          0|
    |ap_CS_fsm                                  |   1|   0|    1|          0|
    |ap_block_pp0_stage0_subdone_grp0_done_reg  |   1|   0|    1|          0|
    |ap_done_reg                                |   1|   0|    1|          0|
    |ap_enable_reg_pp0_iter1                    |   1|   0|    1|          0|
    |ap_enable_reg_pp0_iter2                    |   1|   0|    1|          0|
    |ap_enable_reg_pp0_iter3                    |   1|   0|    1|          0|
    |ap_enable_reg_pp0_iter4                    |   1|   0|    1|          0|
    |ap_loop_exit_ready_pp0_iter1_reg           |   1|   0|    1|          0|
    |ap_loop_exit_ready_pp0_iter2_reg           |   1|   0|    1|          0|
    |ap_loop_exit_ready_pp0_iter3_reg           |   1|   0|    1|          0|
    |i_1_fu_132                                 |   7|   0|    7|          0|
    |icmp_ln28_1_reg_796                        |   1|   0|    1|          0|
    |icmp_ln28_reg_773                          |   1|   0|    1|          0|
    |indvar_flatten_fu_140                      |  15|   0|   15|          0|
    |mul_ln31_reg_789                           |  52|   0|   52|          0|
    |o_fu_136                                   |   9|   0|    9|          0|
    |or_ln33_2_reg_841                          |   1|   0|    1|          0|
    |tmp_33_reg_808                             |   1|   0|    1|          0|
    |tmp_8_reg_820                              |   5|   0|    5|          0|
    |tmp_9_reg_825                              |   6|   0|    6|          0|
    |trunc_ln33_reg_815                         |   9|   0|    9|          0|
    |icmp_ln28_1_reg_796                        |  64|  32|    1|          0|
    |icmp_ln28_reg_773                          |  64|  32|    1|          0|
    +-------------------------------------------+----+----+-----+-----------+
    |Total                                      | 333|  64|  207|          0|
    +-------------------------------------------+----+----+-----+-----------+



================================================================
== Interface
================================================================
* Summary: 
+---------------------+-----+-----+------------+-----------------------------+--------------+
|      RTL Ports      | Dir | Bits|  Protocol  |        Source Object        |    C Type    |
+---------------------+-----+-----+------------+-----------------------------+--------------+
|ap_clk               |   in|    1|  ap_ctrl_hs|  bnn_top_Pipeline_L1_W_L1_IN|  return value|
|ap_rst               |   in|    1|  ap_ctrl_hs|  bnn_top_Pipeline_L1_W_L1_IN|  return value|
|ap_start             |   in|    1|  ap_ctrl_hs|  bnn_top_Pipeline_L1_W_L1_IN|  return value|
|ap_done              |  out|    1|  ap_ctrl_hs|  bnn_top_Pipeline_L1_W_L1_IN|  return value|
|ap_idle              |  out|    1|  ap_ctrl_hs|  bnn_top_Pipeline_L1_W_L1_IN|  return value|
|ap_ready             |  out|    1|  ap_ctrl_hs|  bnn_top_Pipeline_L1_W_L1_IN|  return value|
|s_axis_input_TVALID  |   in|    1|        axis|        s_axis_input_V_data_V|       pointer|
|s_axis_input_TDATA   |   in|   32|        axis|        s_axis_input_V_data_V|       pointer|
|s_axis_input_TREADY  |  out|    1|        axis|        s_axis_input_V_dest_V|       pointer|
|s_axis_input_TDEST   |   in|    1|        axis|        s_axis_input_V_dest_V|       pointer|
|s_axis_input_TKEEP   |   in|    4|        axis|        s_axis_input_V_keep_V|       pointer|
|s_axis_input_TSTRB   |   in|    4|        axis|        s_axis_input_V_strb_V|       pointer|
|s_axis_input_TUSER   |   in|    1|        axis|        s_axis_input_V_user_V|       pointer|
|s_axis_input_TLAST   |   in|    1|        axis|        s_axis_input_V_last_V|       pointer|
|s_axis_input_TID     |   in|    1|        axis|          s_axis_input_V_id_V|       pointer|
|input_r_address0     |  out|    6|   ap_memory|                      input_r|         array|
|input_r_ce0          |  out|    1|   ap_memory|                      input_r|         array|
|input_r_q0           |   in|   16|   ap_memory|                      input_r|         array|
|act1_address0        |  out|    8|   ap_memory|                         act1|         array|
|act1_ce0             |  out|    1|   ap_memory|                         act1|         array|
|act1_we0             |  out|    1|   ap_memory|                         act1|         array|
|act1_d0              |  out|   16|   ap_memory|                         act1|         array|
+---------------------+-----+-----+------------+-----------------------------+--------------+

============================================================
+ Verbose Summary: Synthesis Manager
============================================================
InlineROM: 1
ExposeGlobal: 0
============================================================
+ Verbose Summary: CDFG Model
============================================================
IsTopModel: 0
ResetActiveHigh: 1
IsCombinational: 2
IsDatapathOnly: 2
HasWiredReturn: 1
HasMFsm: 2
HasVarLatency: 1
IsPipeline: 0
IsRtlPipelined: 0
IsInstanceOverlapped: 0
IsDontTouch: 0
HasImplIP: 0
IsGatedGlobalClock: 0

+ Individual pipeline summary: 
  * Pipeline-0: initiation interval (II) = 1, depth = 5


============================================================
+ Verbose Summary: Schedule
============================================================
* Number of FSM states : 5
* Pipeline : 1
  Pipeline-0 : II = 1, D = 5, States = { 1 2 3 4 5 }
* Dataflow Pipeline: 0

* FSM state transitions: 
1 --> 2 
2 --> 3 
3 --> 4 
4 --> 5 
5 --> 

* FSM state operations: 

State 1 <SV = 0> <Delay = 7.90>
ST_1 : Operation 8 [1/1] (0.00ns)   --->   "%acc_1 = alloca i32 1" [bnn_top.cpp:27]   --->   Operation 8 'alloca' 'acc_1' <Predicate = true> <Delay = 0.00>
ST_1 : Operation 9 [1/1] (0.00ns)   --->   "%i_1 = alloca i32 1" [bnn_top.cpp:28]   --->   Operation 9 'alloca' 'i_1' <Predicate = true> <Delay = 0.00>
ST_1 : Operation 10 [1/1] (0.00ns)   --->   "%o = alloca i32 1" [bnn_top.cpp:26]   --->   Operation 10 'alloca' 'o' <Predicate = true> <Delay = 0.00>
ST_1 : Operation 11 [1/1] (0.00ns)   --->   "%indvar_flatten = alloca i32 1"   --->   Operation 11 'alloca' 'indvar_flatten' <Predicate = true> <Delay = 0.00>
ST_1 : Operation 12 [1/1] (0.00ns)   --->   "%specaxissidechannel_ln0 = specaxissidechannel void @_ssdm_op_SpecAXISSideChannel, i32 %s_axis_input_V_data_V, i4 %s_axis_input_V_keep_V, i4 %s_axis_input_V_strb_V, i1 %s_axis_input_V_user_V, i1 %s_axis_input_V_last_V, i1 %s_axis_input_V_id_V, i1 %s_axis_input_V_dest_V, void @empty_5"   --->   Operation 12 'specaxissidechannel' 'specaxissidechannel_ln0' <Predicate = true> <Delay = 0.00>
ST_1 : Operation 13 [1/1] (0.00ns)   --->   "%specinterface_ln0 = specinterface void @_ssdm_op_SpecInterface, i1 %s_axis_input_V_dest_V, void @empty, i32 0, i32 0, void @empty_0, i32 0, i32 0, void @empty_1, void @empty_1, void @empty_1, i32 0, i32 0, i32 0, i32 0, void @empty_1, void @empty_1, i32 4294967295, i32 0, i32 0"   --->   Operation 13 'specinterface' 'specinterface_ln0' <Predicate = true> <Delay = 0.00>
ST_1 : Operation 14 [1/1] (0.00ns)   --->   "%specinterface_ln0 = specinterface void @_ssdm_op_SpecInterface, i1 %s_axis_input_V_id_V, void @empty, i32 0, i32 0, void @empty_0, i32 0, i32 0, void @empty_1, void @empty_1, void @empty_1, i32 0, i32 0, i32 0, i32 0, void @empty_1, void @empty_1, i32 4294967295, i32 0, i32 0"   --->   Operation 14 'specinterface' 'specinterface_ln0' <Predicate = true> <Delay = 0.00>
ST_1 : Operation 15 [1/1] (0.00ns)   --->   "%specinterface_ln0 = specinterface void @_ssdm_op_SpecInterface, i1 %s_axis_input_V_last_V, void @empty, i32 0, i32 0, void @empty_0, i32 0, i32 0, void @empty_1, void @empty_1, void @empty_1, i32 0, i32 0, i32 0, i32 0, void @empty_1, void @empty_1, i32 4294967295, i32 0, i32 0"   --->   Operation 15 'specinterface' 'specinterface_ln0' <Predicate = true> <Delay = 0.00>
ST_1 : Operation 16 [1/1] (0.00ns)   --->   "%specinterface_ln0 = specinterface void @_ssdm_op_SpecInterface, i1 %s_axis_input_V_user_V, void @empty, i32 0, i32 0, void @empty_0, i32 0, i32 0, void @empty_1, void @empty_1, void @empty_1, i32 0, i32 0, i32 0, i32 0, void @empty_1, void @empty_1, i32 4294967295, i32 0, i32 0"   --->   Operation 16 'specinterface' 'specinterface_ln0' <Predicate = true> <Delay = 0.00>
ST_1 : Operation 17 [1/1] (0.00ns)   --->   "%specinterface_ln0 = specinterface void @_ssdm_op_SpecInterface, i4 %s_axis_input_V_strb_V, void @empty, i32 0, i32 0, void @empty_0, i32 0, i32 0, void @empty_1, void @empty_1, void @empty_1, i32 0, i32 0, i32 0, i32 0, void @empty_1, void @empty_1, i32 4294967295, i32 0, i32 0"   --->   Operation 17 'specinterface' 'specinterface_ln0' <Predicate = true> <Delay = 0.00>
ST_1 : Operation 18 [1/1] (0.00ns)   --->   "%specinterface_ln0 = specinterface void @_ssdm_op_SpecInterface, i4 %s_axis_input_V_keep_V, void @empty, i32 0, i32 0, void @empty_0, i32 0, i32 0, void @empty_1, void @empty_1, void @empty_1, i32 0, i32 0, i32 0, i32 0, void @empty_1, void @empty_1, i32 4294967295, i32 0, i32 0"   --->   Operation 18 'specinterface' 'specinterface_ln0' <Predicate = true> <Delay = 0.00>
ST_1 : Operation 19 [1/1] (0.00ns)   --->   "%specinterface_ln0 = specinterface void @_ssdm_op_SpecInterface, i32 %s_axis_input_V_data_V, void @empty, i32 0, i32 0, void @empty_0, i32 0, i32 0, void @empty_1, void @empty_1, void @empty_1, i32 0, i32 0, i32 0, i32 0, void @empty_1, void @empty_1, i32 4294967295, i32 0, i32 0"   --->   Operation 19 'specinterface' 'specinterface_ln0' <Predicate = true> <Delay = 0.00>
ST_1 : Operation 20 [1/1] (1.58ns)   --->   "%store_ln0 = store i15 0, i15 %indvar_flatten"   --->   Operation 20 'store' 'store_ln0' <Predicate = true> <Delay = 1.58>
ST_1 : Operation 21 [1/1] (1.58ns)   --->   "%store_ln26 = store i9 0, i9 %o" [bnn_top.cpp:26]   --->   Operation 21 'store' 'store_ln26' <Predicate = true> <Delay = 1.58>
ST_1 : Operation 22 [1/1] (1.58ns)   --->   "%store_ln28 = store i7 0, i7 %i_1" [bnn_top.cpp:28]   --->   Operation 22 'store' 'store_ln28' <Predicate = true> <Delay = 1.58>
ST_1 : Operation 23 [1/1] (1.58ns)   --->   "%store_ln27 = store i32 0, i32 %acc_1" [bnn_top.cpp:27]   --->   Operation 23 'store' 'store_ln27' <Predicate = true> <Delay = 1.58>
ST_1 : Operation 24 [1/1] (0.00ns)   --->   "%br_ln26 = br void %for.body10" [bnn_top.cpp:26]   --->   Operation 24 'br' 'br_ln26' <Predicate = true> <Delay = 0.00>
ST_1 : Operation 25 [1/1] (0.00ns)   --->   "%indvar_flatten_load = load i15 %indvar_flatten" [bnn_top.cpp:26]   --->   Operation 25 'load' 'indvar_flatten_load' <Predicate = true> <Delay = 0.00>
ST_1 : Operation 26 [1/1] (1.94ns)   --->   "%icmp_ln26 = icmp_eq  i15 %indvar_flatten_load, i15 16384" [bnn_top.cpp:26]   --->   Operation 26 'icmp' 'icmp_ln26' <Predicate = true> <Delay = 1.94> <CoreInst = "Cmp">   --->   Core 9 'Cmp' <Latency = 0> <II = 1> <Delay = 2.07> <FuncUnit> <Opcode : 'seteq' 'setne' 'setle' 'setge' 'setlt' 'setgt'> <InPorts = 2> <OutPorts = 1>
ST_1 : Operation 27 [1/1] (1.94ns)   --->   "%add_ln26 = add i15 %indvar_flatten_load, i15 1" [bnn_top.cpp:26]   --->   Operation 27 'add' 'add_ln26' <Predicate = true> <Delay = 1.94> <CoreInst = "Adder">   --->   Core 1 'Adder' <Latency = 0> <II = 1> <Delay = 1.94> <FuncUnit> <Opcode : 'add' 'sub'> <InPorts = 2> <OutPorts = 1>
ST_1 : Operation 28 [1/1] (0.00ns)   --->   "%br_ln26 = br i1 %icmp_ln26, void %for.end25, void %for.body36.preheader.exitStub" [bnn_top.cpp:26]   --->   Operation 28 'br' 'br_ln26' <Predicate = true> <Delay = 0.00>
ST_1 : Operation 29 [1/1] (0.00ns)   --->   "%i_1_load = load i7 %i_1" [bnn_top.cpp:28]   --->   Operation 29 'load' 'i_1_load' <Predicate = (!icmp_ln26)> <Delay = 0.00>
ST_1 : Operation 30 [1/1] (1.87ns)   --->   "%icmp_ln28 = icmp_eq  i7 %i_1_load, i7 64" [bnn_top.cpp:28]   --->   Operation 30 'icmp' 'icmp_ln28' <Predicate = (!icmp_ln26)> <Delay = 1.87> <CoreInst = "Cmp">   --->   Core 9 'Cmp' <Latency = 0> <II = 1> <Delay = 1.91> <FuncUnit> <Opcode : 'seteq' 'setne' 'setle' 'setge' 'setlt' 'setgt'> <InPorts = 2> <OutPorts = 1>
ST_1 : Operation 31 [1/1] (0.99ns)   --->   "%select_ln26 = select i1 %icmp_ln28, i7 0, i7 %i_1_load" [bnn_top.cpp:26]   --->   Operation 31 'select' 'select_ln26' <Predicate = (!icmp_ln26)> <Delay = 0.99> <CoreInst = "Sel">   --->   Core 73 'Sel' <Latency = 0> <II = 1> <Delay = 0.99> <FuncUnit> <Opcode : 'select'> <InPorts = 3> <OutPorts = 1>
ST_1 : Operation 32 [1/1] (0.00ns)   --->   "%zext_ln28 = zext i7 %select_ln26" [bnn_top.cpp:28]   --->   Operation 32 'zext' 'zext_ln28' <Predicate = (!icmp_ln26)> <Delay = 0.00>
ST_1 : Operation 33 [1/1] (0.00ns)   --->   "%input_addr = getelementptr i16 %input_r, i64 0, i64 %zext_ln28" [bnn_top.cpp:31]   --->   Operation 33 'getelementptr' 'input_addr' <Predicate = (!icmp_ln26)> <Delay = 0.00>
ST_1 : Operation 34 [2/2] (3.25ns)   --->   "%input_load = load i6 %input_addr" [bnn_top.cpp:31]   --->   Operation 34 'load' 'input_load' <Predicate = (!icmp_ln26)> <Delay = 3.25> <CoreInst = "RAM">   --->   Core 81 'RAM' <Latency = 1> <II = 1> <Delay = 3.25> <Storage> <Opcode : 'load' 'store'> <Ports = 2> <Width = 16> <Depth = 64> <RAM>
ST_1 : Operation 35 [1/1] (1.87ns)   --->   "%add_ln28 = add i7 %select_ln26, i7 1" [bnn_top.cpp:28]   --->   Operation 35 'add' 'add_ln28' <Predicate = (!icmp_ln26)> <Delay = 1.87> <CoreInst = "Adder">   --->   Core 1 'Adder' <Latency = 0> <II = 1> <Delay = 1.87> <FuncUnit> <Opcode : 'add' 'sub'> <InPorts = 2> <OutPorts = 1>
ST_1 : Operation 36 [1/1] (1.58ns)   --->   "%store_ln26 = store i15 %add_ln26, i15 %indvar_flatten" [bnn_top.cpp:26]   --->   Operation 36 'store' 'store_ln26' <Predicate = (!icmp_ln26)> <Delay = 1.58>
ST_1 : Operation 37 [1/1] (1.58ns)   --->   "%store_ln28 = store i7 %add_ln28, i7 %i_1" [bnn_top.cpp:28]   --->   Operation 37 'store' 'store_ln28' <Predicate = (!icmp_ln26)> <Delay = 1.58>

State 2 <SV = 1> <Delay = 10.1>
ST_2 : Operation 38 [1/1] (0.51ns)   --->   "%empty = read i44 @_ssdm_op_Read.axis.volatile.i32P0A.i4P0A.i4P0A.i1P0A.i1P0A.i1P0A.i1P0A, i32 %s_axis_input_V_data_V, i4 %s_axis_input_V_keep_V, i4 %s_axis_input_V_strb_V, i1 %s_axis_input_V_user_V, i1 %s_axis_input_V_last_V, i1 %s_axis_input_V_id_V, i1 %s_axis_input_V_dest_V" [bnn_top.cpp:30]   --->   Operation 38 'read' 'empty' <Predicate = true> <Delay = 0.51> <CoreInst = "regslice">   --->   Core 135 'regslice' <Latency = 0> <II = 1> <Delay = 1.86> <Adapter> <Opcode : 'read' 'write'>
ST_2 : Operation 39 [1/1] (0.00ns)   --->   "%p_s = extractvalue i44 %empty" [bnn_top.cpp:30]   --->   Operation 39 'extractvalue' 'p_s' <Predicate = true> <Delay = 0.00>
ST_2 : Operation 40 [1/1] (0.00ns)   --->   "%trunc_ln31 = trunc i32 %p_s" [bnn_top.cpp:31]   --->   Operation 40 'trunc' 'trunc_ln31' <Predicate = true> <Delay = 0.00>
ST_2 : Operation 41 [1/1] (0.00ns)   --->   "%shl_ln = bitconcatenate i26 @_ssdm_op_BitConcatenate.i26.i16.i10, i16 %trunc_ln31, i10 0" [bnn_top.cpp:31]   --->   Operation 41 'bitconcatenate' 'shl_ln' <Predicate = true> <Delay = 0.00>
ST_2 : Operation 42 [1/2] ( I:3.25ns O:3.25ns )   --->   "%input_load = load i6 %input_addr" [bnn_top.cpp:31]   --->   Operation 42 'load' 'input_load' <Predicate = true> <Delay = 3.25> <CoreInst = "RAM">   --->   Core 81 'RAM' <Latency = 1> <II = 1> <Delay = 3.25> <Storage> <Opcode : 'load' 'store'> <Ports = 2> <Width = 16> <Depth = 64> <RAM>
ST_2 : Operation 43 [1/1] (0.00ns)   --->   "%shl_ln31_1 = bitconcatenate i26 @_ssdm_op_BitConcatenate.i26.i16.i10, i16 %input_load, i10 0" [bnn_top.cpp:31]   --->   Operation 43 'bitconcatenate' 'shl_ln31_1' <Predicate = true> <Delay = 0.00>
ST_2 : Operation 44 [1/1] (0.00ns)   --->   "%sext_ln31 = sext i26 %shl_ln" [bnn_top.cpp:31]   --->   Operation 44 'sext' 'sext_ln31' <Predicate = true> <Delay = 0.00>
ST_2 : Operation 45 [1/1] (0.00ns)   --->   "%sext_ln31_1 = sext i26 %shl_ln31_1" [bnn_top.cpp:31]   --->   Operation 45 'sext' 'sext_ln31_1' <Predicate = true> <Delay = 0.00>
ST_2 : Operation 46 [1/1] (6.91ns)   --->   "%mul_ln31 = mul i52 %sext_ln31_1, i52 %sext_ln31" [bnn_top.cpp:31]   --->   Operation 46 'mul' 'mul_ln31' <Predicate = true> <Delay = 6.91> <CoreInst = "Multiplier">   --->   Core 3 'Multiplier' <Latency = 0> <II = 1> <Delay = 6.91> <FuncUnit> <Opcode : 'mul'> <InPorts = 2> <OutPorts = 1>
ST_2 : Operation 47 [1/1] (1.87ns)   --->   "%icmp_ln28_1 = icmp_eq  i7 %add_ln28, i7 64" [bnn_top.cpp:28]   --->   Operation 47 'icmp' 'icmp_ln28_1' <Predicate = true> <Delay = 1.87> <CoreInst = "Cmp">   --->   Core 9 'Cmp' <Latency = 0> <II = 1> <Delay = 1.91> <FuncUnit> <Opcode : 'seteq' 'setne' 'setle' 'setge' 'setlt' 'setgt'> <InPorts = 2> <OutPorts = 1>
ST_2 : Operation 48 [1/1] (0.00ns)   --->   "%br_ln28 = br i1 %icmp_ln28_1, void %new.latch.for.body10.split, void %last.iter.for.body10.split" [bnn_top.cpp:28]   --->   Operation 48 'br' 'br_ln28' <Predicate = true> <Delay = 0.00>

State 3 <SV = 2> <Delay = 10.7>
ST_3 : Operation 49 [1/1] (0.00ns)   --->   "%acc_1_load = load i32 %acc_1" [bnn_top.cpp:26]   --->   Operation 49 'load' 'acc_1_load' <Predicate = (!icmp_ln28)> <Delay = 0.00>
ST_3 : Operation 50 [1/1] (0.69ns)   --->   "%select_ln26_2 = select i1 %icmp_ln28, i32 0, i32 %acc_1_load" [bnn_top.cpp:26]   --->   Operation 50 'select' 'select_ln26_2' <Predicate = true> <Delay = 0.69> <CoreInst = "Sel">   --->   Core 73 'Sel' <Latency = 0> <II = 1> <Delay = 0.69> <FuncUnit> <Opcode : 'select'> <InPorts = 3> <OutPorts = 1>
ST_3 : Operation 51 [1/1] (0.00ns)   --->   "%shl_ln31_2 = bitconcatenate i52 @_ssdm_op_BitConcatenate.i52.i32.i20, i32 %select_ln26_2, i20 0" [bnn_top.cpp:31]   --->   Operation 51 'bitconcatenate' 'shl_ln31_2' <Predicate = true> <Delay = 0.00>
ST_3 : Operation 52 [1/1] (0.00ns)   --->   "%sext_ln31_2 = sext i52 %shl_ln31_2" [bnn_top.cpp:31]   --->   Operation 52 'sext' 'sext_ln31_2' <Predicate = true> <Delay = 0.00>
ST_3 : Operation 53 [1/1] (0.00ns)   --->   "%sext_ln31_3 = sext i52 %mul_ln31" [bnn_top.cpp:31]   --->   Operation 53 'sext' 'sext_ln31_3' <Predicate = true> <Delay = 0.00>
ST_3 : Operation 54 [1/1] (3.21ns)   --->   "%add_ln31_1 = add i52 %shl_ln31_2, i52 %mul_ln31" [bnn_top.cpp:31]   --->   Operation 54 'add' 'add_ln31_1' <Predicate = true> <Delay = 3.21> <CoreInst = "Adder">   --->   Core 1 'Adder' <Latency = 0> <II = 1> <Delay = 3.21> <FuncUnit> <Opcode : 'add' 'sub'> <InPorts = 2> <OutPorts = 1>
ST_3 : Operation 55 [1/1] (3.21ns)   --->   "%add_ln31 = add i53 %sext_ln31_2, i53 %sext_ln31_3" [bnn_top.cpp:31]   --->   Operation 55 'add' 'add_ln31' <Predicate = true> <Delay = 3.21> <CoreInst = "Adder">   --->   Core 1 'Adder' <Latency = 0> <II = 1> <Delay = 3.23> <FuncUnit> <Opcode : 'add' 'sub'> <InPorts = 2> <OutPorts = 1>
ST_3 : Operation 56 [1/1] (0.00ns)   --->   "%tmp = bitselect i1 @_ssdm_op_BitSelect.i1.i53.i32, i53 %add_ln31, i32 52" [bnn_top.cpp:31]   --->   Operation 56 'bitselect' 'tmp' <Predicate = true> <Delay = 0.00>
ST_3 : Operation 57 [1/1] (0.00ns) (grouped into LUT with out node acc)   --->   "%acc_2 = partselect i32 @_ssdm_op_PartSelect.i32.i52.i32.i32, i52 %add_ln31_1, i32 20, i32 51" [bnn_top.cpp:31]   --->   Operation 57 'partselect' 'acc_2' <Predicate = true> <Delay = 0.00>
ST_3 : Operation 58 [1/1] (0.00ns) (grouped into LUT with out node acc)   --->   "%tmp_30 = bitselect i1 @_ssdm_op_BitSelect.i1.i52.i32, i52 %mul_ln31, i32 19" [bnn_top.cpp:31]   --->   Operation 58 'bitselect' 'tmp_30' <Predicate = true> <Delay = 0.00>
ST_3 : Operation 59 [1/1] (0.00ns)   --->   "%tmp_31 = bitselect i1 @_ssdm_op_BitSelect.i1.i52.i32, i52 %add_ln31_1, i32 51" [bnn_top.cpp:31]   --->   Operation 59 'bitselect' 'tmp_31' <Predicate = true> <Delay = 0.00>
ST_3 : Operation 60 [1/1] (0.00ns) (grouped into LUT with out node acc)   --->   "%and_ln31 = and i1 %tmp, i1 %tmp_30" [bnn_top.cpp:31]   --->   Operation 60 'and' 'and_ln31' <Predicate = true> <Delay = 0.00> <CoreInst = "LogicGate">   --->   Core 74 'LogicGate' <Latency = 0> <II = 1> <Delay = 0.97> <FuncUnit> <Opcode : 'and' 'or' 'xor'> <InPorts = 2> <OutPorts = 1>
ST_3 : Operation 61 [1/1] (0.00ns) (grouped into LUT with out node acc)   --->   "%zext_ln31 = zext i1 %and_ln31" [bnn_top.cpp:31]   --->   Operation 61 'zext' 'zext_ln31' <Predicate = true> <Delay = 0.00>
ST_3 : Operation 62 [1/1] (2.55ns) (out node of the LUT)   --->   "%acc = add i32 %acc_2, i32 %zext_ln31" [bnn_top.cpp:31]   --->   Operation 62 'add' 'acc' <Predicate = true> <Delay = 2.55> <CoreInst = "Adder">   --->   Core 1 'Adder' <Latency = 0> <II = 1> <Delay = 2.55> <FuncUnit> <Opcode : 'add' 'sub'> <InPorts = 2> <OutPorts = 1>
ST_3 : Operation 63 [1/1] (0.00ns)   --->   "%tmp_32 = bitselect i1 @_ssdm_op_BitSelect.i1.i32.i32, i32 %acc, i32 31" [bnn_top.cpp:31]   --->   Operation 63 'bitselect' 'tmp_32' <Predicate = true> <Delay = 0.00>
ST_3 : Operation 64 [1/1] (0.00ns) (grouped into LUT with out node or_ln31_2)   --->   "%xor_ln31 = xor i1 %tmp_32, i1 1" [bnn_top.cpp:31]   --->   Operation 64 'xor' 'xor_ln31' <Predicate = true> <Delay = 0.00> <CoreInst = "LogicGate">   --->   Core 74 'LogicGate' <Latency = 0> <II = 1> <Delay = 0.97> <FuncUnit> <Opcode : 'and' 'or' 'xor'> <InPorts = 2> <OutPorts = 1>
ST_3 : Operation 65 [1/1] (0.00ns) (grouped into LUT with out node or_ln31_2)   --->   "%and_ln31_1 = and i1 %tmp_31, i1 %xor_ln31" [bnn_top.cpp:31]   --->   Operation 65 'and' 'and_ln31_1' <Predicate = true> <Delay = 0.00> <CoreInst = "LogicGate">   --->   Core 74 'LogicGate' <Latency = 0> <II = 1> <Delay = 0.97> <FuncUnit> <Opcode : 'and' 'or' 'xor'> <InPorts = 2> <OutPorts = 1>
ST_3 : Operation 66 [1/1] (0.00ns) (grouped into LUT with out node and_ln31_2)   --->   "%xor_ln31_2 = xor i1 %tmp_31, i1 1" [bnn_top.cpp:31]   --->   Operation 66 'xor' 'xor_ln31_2' <Predicate = true> <Delay = 0.00> <CoreInst = "LogicGate">   --->   Core 74 'LogicGate' <Latency = 0> <II = 1> <Delay = 0.97> <FuncUnit> <Opcode : 'and' 'or' 'xor'> <InPorts = 2> <OutPorts = 1>
ST_3 : Operation 67 [1/1] (0.00ns) (grouped into LUT with out node and_ln31_2)   --->   "%or_ln31 = or i1 %tmp_32, i1 %xor_ln31_2" [bnn_top.cpp:31]   --->   Operation 67 'or' 'or_ln31' <Predicate = true> <Delay = 0.00> <CoreInst = "LogicGate">   --->   Core 74 'LogicGate' <Latency = 0> <II = 1> <Delay = 0.97> <FuncUnit> <Opcode : 'and' 'or' 'xor'> <InPorts = 2> <OutPorts = 1>
ST_3 : Operation 68 [1/1] (0.00ns) (grouped into LUT with out node and_ln31_2)   --->   "%xor_ln31_1 = xor i1 %tmp, i1 1" [bnn_top.cpp:31]   --->   Operation 68 'xor' 'xor_ln31_1' <Predicate = true> <Delay = 0.00> <CoreInst = "LogicGate">   --->   Core 74 'LogicGate' <Latency = 0> <II = 1> <Delay = 0.97> <FuncUnit> <Opcode : 'and' 'or' 'xor'> <InPorts = 2> <OutPorts = 1>
ST_3 : Operation 69 [1/1] (0.00ns) (grouped into LUT with out node and_ln31_2)   --->   "%xor_ln31_4 = xor i1 %or_ln31, i1 1" [bnn_top.cpp:31]   --->   Operation 69 'xor' 'xor_ln31_4' <Predicate = true> <Delay = 0.00> <CoreInst = "LogicGate">   --->   Core 74 'LogicGate' <Latency = 0> <II = 1> <Delay = 0.97> <FuncUnit> <Opcode : 'and' 'or' 'xor'> <InPorts = 2> <OutPorts = 1>
ST_3 : Operation 70 [1/1] (0.00ns) (grouped into LUT with out node and_ln31_2)   --->   "%xor_ln31_3 = xor i1 %xor_ln31_4, i1 %tmp" [bnn_top.cpp:31]   --->   Operation 70 'xor' 'xor_ln31_3' <Predicate = true> <Delay = 0.00> <CoreInst = "LogicGate">   --->   Core 74 'LogicGate' <Latency = 0> <II = 1> <Delay = 0.97> <FuncUnit> <Opcode : 'and' 'or' 'xor'> <InPorts = 2> <OutPorts = 1>
ST_3 : Operation 71 [1/1] (0.00ns) (grouped into LUT with out node and_ln31_2)   --->   "%or_ln31_1 = or i1 %tmp_32, i1 %xor_ln31_3" [bnn_top.cpp:31]   --->   Operation 71 'or' 'or_ln31_1' <Predicate = true> <Delay = 0.00> <CoreInst = "LogicGate">   --->   Core 74 'LogicGate' <Latency = 0> <II = 1> <Delay = 0.97> <FuncUnit> <Opcode : 'and' 'or' 'xor'> <InPorts = 2> <OutPorts = 1>
ST_3 : Operation 72 [1/1] (0.97ns) (out node of the LUT)   --->   "%and_ln31_2 = and i1 %or_ln31_1, i1 %xor_ln31_1" [bnn_top.cpp:31]   --->   Operation 72 'and' 'and_ln31_2' <Predicate = true> <Delay = 0.97> <CoreInst = "LogicGate">   --->   Core 74 'LogicGate' <Latency = 0> <II = 1> <Delay = 0.97> <FuncUnit> <Opcode : 'and' 'or' 'xor'> <InPorts = 2> <OutPorts = 1>
ST_3 : Operation 73 [1/1] (0.00ns) (grouped into LUT with out node or_ln31_2)   --->   "%or_ln31_3 = or i1 %and_ln31_1, i1 %tmp_32" [bnn_top.cpp:31]   --->   Operation 73 'or' 'or_ln31_3' <Predicate = true> <Delay = 0.00> <CoreInst = "LogicGate">   --->   Core 74 'LogicGate' <Latency = 0> <II = 1> <Delay = 0.97> <FuncUnit> <Opcode : 'and' 'or' 'xor'> <InPorts = 2> <OutPorts = 1>
ST_3 : Operation 74 [1/1] (0.00ns) (grouped into LUT with out node or_ln31_2)   --->   "%xor_ln31_5 = xor i1 %or_ln31_3, i1 1" [bnn_top.cpp:31]   --->   Operation 74 'xor' 'xor_ln31_5' <Predicate = true> <Delay = 0.00> <CoreInst = "LogicGate">   --->   Core 74 'LogicGate' <Latency = 0> <II = 1> <Delay = 0.97> <FuncUnit> <Opcode : 'and' 'or' 'xor'> <InPorts = 2> <OutPorts = 1>
ST_3 : Operation 75 [1/1] (0.00ns) (grouped into LUT with out node or_ln31_2)   --->   "%and_ln31_3 = and i1 %tmp, i1 %xor_ln31_5" [bnn_top.cpp:31]   --->   Operation 75 'and' 'and_ln31_3' <Predicate = true> <Delay = 0.00> <CoreInst = "LogicGate">   --->   Core 74 'LogicGate' <Latency = 0> <II = 1> <Delay = 0.97> <FuncUnit> <Opcode : 'and' 'or' 'xor'> <InPorts = 2> <OutPorts = 1>
ST_3 : Operation 76 [1/1] (0.00ns) (grouped into LUT with out node acc_9)   --->   "%select_ln31 = select i1 %and_ln31_2, i32 2147483647, i32 2147483648" [bnn_top.cpp:31]   --->   Operation 76 'select' 'select_ln31' <Predicate = true> <Delay = 0.00> <CoreInst = "Sel">   --->   Core 73 'Sel' <Latency = 0> <II = 1> <Delay = 0.80> <FuncUnit> <Opcode : 'select'> <InPorts = 3> <OutPorts = 1>
ST_3 : Operation 77 [1/1] (0.97ns) (out node of the LUT)   --->   "%or_ln31_2 = or i1 %and_ln31_2, i1 %and_ln31_3" [bnn_top.cpp:31]   --->   Operation 77 'or' 'or_ln31_2' <Predicate = true> <Delay = 0.97> <CoreInst = "LogicGate">   --->   Core 74 'LogicGate' <Latency = 0> <II = 1> <Delay = 0.97> <FuncUnit> <Opcode : 'and' 'or' 'xor'> <InPorts = 2> <OutPorts = 1>
ST_3 : Operation 78 [1/1] (0.69ns) (out node of the LUT)   --->   "%acc_9 = select i1 %or_ln31_2, i32 %select_ln31, i32 %acc" [bnn_top.cpp:31]   --->   Operation 78 'select' 'acc_9' <Predicate = true> <Delay = 0.69> <CoreInst = "Sel">   --->   Core 73 'Sel' <Latency = 0> <II = 1> <Delay = 0.69> <FuncUnit> <Opcode : 'select'> <InPorts = 3> <OutPorts = 1>
ST_3 : Operation 79 [1/1] (0.00ns)   --->   "%tmp_33 = bitselect i1 @_ssdm_op_BitSelect.i1.i32.i32, i32 %acc_9, i32 31" [bnn_top.cpp:33]   --->   Operation 79 'bitselect' 'tmp_33' <Predicate = true> <Delay = 0.00>
ST_3 : Operation 80 [1/1] (0.00ns)   --->   "%trunc_ln33 = trunc i32 %acc_9" [bnn_top.cpp:33]   --->   Operation 80 'trunc' 'trunc_ln33' <Predicate = true> <Delay = 0.00>
ST_3 : Operation 81 [1/1] (0.00ns)   --->   "%tmp_8 = partselect i5 @_ssdm_op_PartSelect.i5.i32.i32, i32 %acc_9, i32 27" [bnn_top.cpp:33]   --->   Operation 81 'partselect' 'tmp_8' <Predicate = true> <Delay = 0.00>
ST_3 : Operation 82 [1/1] (0.00ns)   --->   "%tmp_9 = partselect i6 @_ssdm_op_PartSelect.i6.i32.i32, i32 %acc_9, i32 26" [bnn_top.cpp:33]   --->   Operation 82 'partselect' 'tmp_9' <Predicate = true> <Delay = 0.00>
ST_3 : Operation 83 [1/1] (1.58ns)   --->   "%store_ln27 = store i32 %acc_9, i32 %acc_1" [bnn_top.cpp:27]   --->   Operation 83 'store' 'store_ln27' <Predicate = true> <Delay = 1.58>

State 4 <SV = 3> <Delay = 6.84>
ST_4 : Operation 84 [1/1] (0.00ns) (grouped into LUT with out node add_ln33)   --->   "%trunc_ln = partselect i16 @_ssdm_op_PartSelect.i16.i32.i32.i32, i32 %acc_9, i32 10, i32 25" [bnn_top.cpp:33]   --->   Operation 84 'partselect' 'trunc_ln' <Predicate = true> <Delay = 0.00>
ST_4 : Operation 85 [1/1] (0.00ns) (grouped into LUT with out node add_ln33)   --->   "%tmp_34 = bitselect i1 @_ssdm_op_BitSelect.i1.i32.i32, i32 %acc_9, i32 9" [bnn_top.cpp:33]   --->   Operation 85 'bitselect' 'tmp_34' <Predicate = true> <Delay = 0.00>
ST_4 : Operation 86 [1/1] (1.82ns)   --->   "%icmp_ln33 = icmp_ne  i9 %trunc_ln33, i9 0" [bnn_top.cpp:33]   --->   Operation 86 'icmp' 'icmp_ln33' <Predicate = true> <Delay = 1.82> <CoreInst = "Cmp">   --->   Core 9 'Cmp' <Latency = 0> <II = 1> <Delay = 1.82> <FuncUnit> <Opcode : 'seteq' 'setne' 'setle' 'setge' 'setlt' 'setgt'> <InPorts = 2> <OutPorts = 1>
ST_4 : Operation 87 [1/1] (0.00ns) (grouped into LUT with out node and_ln33_1)   --->   "%tmp_35 = bitselect i1 @_ssdm_op_BitSelect.i1.i32.i32, i32 %acc_9, i32 25" [bnn_top.cpp:33]   --->   Operation 87 'bitselect' 'tmp_35' <Predicate = true> <Delay = 0.00>
ST_4 : Operation 88 [1/1] (0.00ns) (grouped into LUT with out node add_ln33)   --->   "%or_ln33 = or i1 %tmp_33, i1 %icmp_ln33" [bnn_top.cpp:33]   --->   Operation 88 'or' 'or_ln33' <Predicate = true> <Delay = 0.00> <CoreInst = "LogicGate">   --->   Core 74 'LogicGate' <Latency = 0> <II = 1> <Delay = 0.97> <FuncUnit> <Opcode : 'and' 'or' 'xor'> <InPorts = 2> <OutPorts = 1>
ST_4 : Operation 89 [1/1] (0.00ns) (grouped into LUT with out node add_ln33)   --->   "%and_ln33 = and i1 %or_ln33, i1 %tmp_34" [bnn_top.cpp:33]   --->   Operation 89 'and' 'and_ln33' <Predicate = true> <Delay = 0.00> <CoreInst = "LogicGate">   --->   Core 74 'LogicGate' <Latency = 0> <II = 1> <Delay = 0.97> <FuncUnit> <Opcode : 'and' 'or' 'xor'> <InPorts = 2> <OutPorts = 1>
ST_4 : Operation 90 [1/1] (0.00ns) (grouped into LUT with out node add_ln33)   --->   "%zext_ln33 = zext i1 %and_ln33" [bnn_top.cpp:33]   --->   Operation 90 'zext' 'zext_ln33' <Predicate = true> <Delay = 0.00>
ST_4 : Operation 91 [1/1] (2.07ns) (out node of the LUT)   --->   "%add_ln33 = add i16 %trunc_ln, i16 %zext_ln33" [bnn_top.cpp:33]   --->   Operation 91 'add' 'add_ln33' <Predicate = true> <Delay = 2.07> <CoreInst = "Adder">   --->   Core 1 'Adder' <Latency = 0> <II = 1> <Delay = 2.07> <FuncUnit> <Opcode : 'add' 'sub'> <InPorts = 2> <OutPorts = 1>
ST_4 : Operation 92 [1/1] (0.00ns)   --->   "%tmp_36 = bitselect i1 @_ssdm_op_BitSelect.i1.i16.i32, i16 %add_ln33, i32 15" [bnn_top.cpp:33]   --->   Operation 92 'bitselect' 'tmp_36' <Predicate = true> <Delay = 0.00>
ST_4 : Operation 93 [1/1] (0.00ns) (grouped into LUT with out node and_ln33_1)   --->   "%xor_ln33 = xor i1 %tmp_36, i1 1" [bnn_top.cpp:33]   --->   Operation 93 'xor' 'xor_ln33' <Predicate = true> <Delay = 0.00> <CoreInst = "LogicGate">   --->   Core 74 'LogicGate' <Latency = 0> <II = 1> <Delay = 0.97> <FuncUnit> <Opcode : 'and' 'or' 'xor'> <InPorts = 2> <OutPorts = 1>
ST_4 : Operation 94 [1/1] (0.97ns) (out node of the LUT)   --->   "%and_ln33_1 = and i1 %tmp_35, i1 %xor_ln33" [bnn_top.cpp:33]   --->   Operation 94 'and' 'and_ln33_1' <Predicate = true> <Delay = 0.97> <CoreInst = "LogicGate">   --->   Core 74 'LogicGate' <Latency = 0> <II = 1> <Delay = 0.97> <FuncUnit> <Opcode : 'and' 'or' 'xor'> <InPorts = 2> <OutPorts = 1>
ST_4 : Operation 95 [1/1] (0.00ns) (grouped into LUT with out node and_ln33_5)   --->   "%tmp_37 = bitselect i1 @_ssdm_op_BitSelect.i1.i32.i32, i32 %acc_9, i32 26" [bnn_top.cpp:33]   --->   Operation 95 'bitselect' 'tmp_37' <Predicate = true> <Delay = 0.00>
ST_4 : Operation 96 [1/1] (1.78ns)   --->   "%icmp_ln33_1 = icmp_eq  i5 %tmp_8, i5 31" [bnn_top.cpp:33]   --->   Operation 96 'icmp' 'icmp_ln33_1' <Predicate = true> <Delay = 1.78> <CoreInst = "Cmp">   --->   Core 9 'Cmp' <Latency = 0> <II = 1> <Delay = 1.78> <FuncUnit> <Opcode : 'seteq' 'setne' 'setle' 'setge' 'setlt' 'setgt'> <InPorts = 2> <OutPorts = 1>
ST_4 : Operation 97 [1/1] (1.82ns)   --->   "%icmp_ln33_2 = icmp_eq  i6 %tmp_9, i6 63" [bnn_top.cpp:33]   --->   Operation 97 'icmp' 'icmp_ln33_2' <Predicate = true> <Delay = 1.82> <CoreInst = "Cmp">   --->   Core 9 'Cmp' <Latency = 0> <II = 1> <Delay = 1.82> <FuncUnit> <Opcode : 'seteq' 'setne' 'setle' 'setge' 'setlt' 'setgt'> <InPorts = 2> <OutPorts = 1>
ST_4 : Operation 98 [1/1] (1.82ns)   --->   "%icmp_ln33_3 = icmp_eq  i6 %tmp_9, i6 0" [bnn_top.cpp:33]   --->   Operation 98 'icmp' 'icmp_ln33_3' <Predicate = true> <Delay = 1.82> <CoreInst = "Cmp">   --->   Core 9 'Cmp' <Latency = 0> <II = 1> <Delay = 1.82> <FuncUnit> <Opcode : 'seteq' 'setne' 'setle' 'setge' 'setlt' 'setgt'> <InPorts = 2> <OutPorts = 1>
ST_4 : Operation 99 [1/1] (0.00ns) (grouped into LUT with out node and_ln33_4)   --->   "%select_ln33 = select i1 %and_ln33_1, i1 %icmp_ln33_2, i1 %icmp_ln33_3" [bnn_top.cpp:33]   --->   Operation 99 'select' 'select_ln33' <Predicate = true> <Delay = 0.00> <CoreInst = "Sel">   --->   Core 73 'Sel' <Latency = 0> <II = 1> <Delay = 0.99> <FuncUnit> <Opcode : 'select'> <InPorts = 3> <OutPorts = 1>
ST_4 : Operation 100 [1/1] (0.00ns) (grouped into LUT with out node and_ln33_5)   --->   "%xor_ln33_1 = xor i1 %tmp_37, i1 1" [bnn_top.cpp:33]   --->   Operation 100 'xor' 'xor_ln33_1' <Predicate = true> <Delay = 0.00> <CoreInst = "LogicGate">   --->   Core 74 'LogicGate' <Latency = 0> <II = 1> <Delay = 0.97> <FuncUnit> <Opcode : 'and' 'or' 'xor'> <InPorts = 2> <OutPorts = 1>
ST_4 : Operation 101 [1/1] (0.00ns) (grouped into LUT with out node and_ln33_5)   --->   "%and_ln33_2 = and i1 %icmp_ln33_1, i1 %xor_ln33_1" [bnn_top.cpp:33]   --->   Operation 101 'and' 'and_ln33_2' <Predicate = true> <Delay = 0.00> <CoreInst = "LogicGate">   --->   Core 74 'LogicGate' <Latency = 0> <II = 1> <Delay = 0.97> <FuncUnit> <Opcode : 'and' 'or' 'xor'> <InPorts = 2> <OutPorts = 1>
ST_4 : Operation 102 [1/1] (0.00ns) (grouped into LUT with out node and_ln33_5)   --->   "%select_ln33_1 = select i1 %and_ln33_1, i1 %and_ln33_2, i1 %icmp_ln33_2" [bnn_top.cpp:33]   --->   Operation 102 'select' 'select_ln33_1' <Predicate = true> <Delay = 0.00> <CoreInst = "Sel">   --->   Core 73 'Sel' <Latency = 0> <II = 1> <Delay = 0.99> <FuncUnit> <Opcode : 'select'> <InPorts = 3> <OutPorts = 1>
ST_4 : Operation 103 [1/1] (0.00ns) (grouped into LUT with out node or_ln33_2)   --->   "%and_ln33_3 = and i1 %and_ln33_1, i1 %icmp_ln33_2" [bnn_top.cpp:33]   --->   Operation 103 'and' 'and_ln33_3' <Predicate = true> <Delay = 0.00> <CoreInst = "LogicGate">   --->   Core 74 'LogicGate' <Latency = 0> <II = 1> <Delay = 0.97> <FuncUnit> <Opcode : 'and' 'or' 'xor'> <InPorts = 2> <OutPorts = 1>
ST_4 : Operation 104 [1/1] (0.00ns) (grouped into LUT with out node and_ln33_4)   --->   "%xor_ln33_2 = xor i1 %select_ln33, i1 1" [bnn_top.cpp:33]   --->   Operation 104 'xor' 'xor_ln33_2' <Predicate = true> <Delay = 0.00> <CoreInst = "LogicGate">   --->   Core 74 'LogicGate' <Latency = 0> <II = 1> <Delay = 0.97> <FuncUnit> <Opcode : 'and' 'or' 'xor'> <InPorts = 2> <OutPorts = 1>
ST_4 : Operation 105 [1/1] (0.00ns) (grouped into LUT with out node and_ln33_4)   --->   "%or_ln33_1 = or i1 %tmp_36, i1 %xor_ln33_2" [bnn_top.cpp:33]   --->   Operation 105 'or' 'or_ln33_1' <Predicate = true> <Delay = 0.00> <CoreInst = "LogicGate">   --->   Core 74 'LogicGate' <Latency = 0> <II = 1> <Delay = 0.97> <FuncUnit> <Opcode : 'and' 'or' 'xor'> <InPorts = 2> <OutPorts = 1>
ST_4 : Operation 106 [1/1] (0.00ns) (grouped into LUT with out node and_ln33_4)   --->   "%xor_ln33_3 = xor i1 %tmp_33, i1 1" [bnn_top.cpp:33]   --->   Operation 106 'xor' 'xor_ln33_3' <Predicate = true> <Delay = 0.00> <CoreInst = "LogicGate">   --->   Core 74 'LogicGate' <Latency = 0> <II = 1> <Delay = 0.97> <FuncUnit> <Opcode : 'and' 'or' 'xor'> <InPorts = 2> <OutPorts = 1>
ST_4 : Operation 107 [1/1] (0.99ns) (out node of the LUT)   --->   "%and_ln33_4 = and i1 %or_ln33_1, i1 %xor_ln33_3" [bnn_top.cpp:33]   --->   Operation 107 'and' 'and_ln33_4' <Predicate = true> <Delay = 0.99> <CoreInst = "LogicGate">   --->   Core 74 'LogicGate' <Latency = 0> <II = 1> <Delay = 0.97> <FuncUnit> <Opcode : 'and' 'or' 'xor'> <InPorts = 2> <OutPorts = 1>
ST_4 : Operation 108 [1/1] (0.99ns) (out node of the LUT)   --->   "%and_ln33_5 = and i1 %tmp_36, i1 %select_ln33_1" [bnn_top.cpp:33]   --->   Operation 108 'and' 'and_ln33_5' <Predicate = true> <Delay = 0.99> <CoreInst = "LogicGate">   --->   Core 74 'LogicGate' <Latency = 0> <II = 1> <Delay = 0.97> <FuncUnit> <Opcode : 'and' 'or' 'xor'> <InPorts = 2> <OutPorts = 1>
ST_4 : Operation 109 [1/1] (0.00ns) (grouped into LUT with out node or_ln33_2)   --->   "%or_ln33_3 = or i1 %and_ln33_3, i1 %and_ln33_5" [bnn_top.cpp:33]   --->   Operation 109 'or' 'or_ln33_3' <Predicate = true> <Delay = 0.00> <CoreInst = "LogicGate">   --->   Core 74 'LogicGate' <Latency = 0> <II = 1> <Delay = 0.97> <FuncUnit> <Opcode : 'and' 'or' 'xor'> <InPorts = 2> <OutPorts = 1>
ST_4 : Operation 110 [1/1] (0.00ns) (grouped into LUT with out node or_ln33_2)   --->   "%xor_ln33_4 = xor i1 %or_ln33_3, i1 1" [bnn_top.cpp:33]   --->   Operation 110 'xor' 'xor_ln33_4' <Predicate = true> <Delay = 0.00> <CoreInst = "LogicGate">   --->   Core 74 'LogicGate' <Latency = 0> <II = 1> <Delay = 0.97> <FuncUnit> <Opcode : 'and' 'or' 'xor'> <InPorts = 2> <OutPorts = 1>
ST_4 : Operation 111 [1/1] (0.00ns) (grouped into LUT with out node or_ln33_2)   --->   "%and_ln33_6 = and i1 %tmp_33, i1 %xor_ln33_4" [bnn_top.cpp:33]   --->   Operation 111 'and' 'and_ln33_6' <Predicate = true> <Delay = 0.00> <CoreInst = "LogicGate">   --->   Core 74 'LogicGate' <Latency = 0> <II = 1> <Delay = 0.97> <FuncUnit> <Opcode : 'and' 'or' 'xor'> <InPorts = 2> <OutPorts = 1>
ST_4 : Operation 112 [1/1] (0.97ns) (out node of the LUT)   --->   "%or_ln33_2 = or i1 %and_ln33_4, i1 %and_ln33_6" [bnn_top.cpp:33]   --->   Operation 112 'or' 'or_ln33_2' <Predicate = true> <Delay = 0.97> <CoreInst = "LogicGate">   --->   Core 74 'LogicGate' <Latency = 0> <II = 1> <Delay = 0.97> <FuncUnit> <Opcode : 'and' 'or' 'xor'> <InPorts = 2> <OutPorts = 1>
ST_4 : Operation 127 [1/1] (1.58ns)   --->   "%ret_ln0 = ret"   --->   Operation 127 'ret' 'ret_ln0' <Predicate = (icmp_ln26)> <Delay = 1.58>

State 5 <SV = 4> <Delay = 6.04>
ST_5 : Operation 113 [1/1] (0.00ns)   --->   "%o_load = load i9 %o" [bnn_top.cpp:26]   --->   Operation 113 'load' 'o_load' <Predicate = true> <Delay = 0.00>
ST_5 : Operation 114 [1/1] (0.00ns)   --->   "%specloopname_ln0 = specloopname void @_ssdm_op_SpecLoopName, void @L1_W_L1_IN_str"   --->   Operation 114 'specloopname' 'specloopname_ln0' <Predicate = true> <Delay = 0.00>
ST_5 : Operation 115 [1/1] (0.00ns)   --->   "%speclooptripcount_ln0 = speclooptripcount void @_ssdm_op_SpecLoopTripCount, i64 16384, i64 16384, i64 16384"   --->   Operation 115 'speclooptripcount' 'speclooptripcount_ln0' <Predicate = true> <Delay = 0.00>
ST_5 : Operation 116 [1/1] (1.82ns)   --->   "%add_ln26_1 = add i9 %o_load, i9 1" [bnn_top.cpp:26]   --->   Operation 116 'add' 'add_ln26_1' <Predicate = (icmp_ln28)> <Delay = 1.82> <CoreInst = "Adder">   --->   Core 1 'Adder' <Latency = 0> <II = 1> <Delay = 1.82> <FuncUnit> <Opcode : 'add' 'sub'> <InPorts = 2> <OutPorts = 1>
ST_5 : Operation 117 [1/1] (0.96ns)   --->   "%select_ln26_1 = select i1 %icmp_ln28, i9 %add_ln26_1, i9 %o_load" [bnn_top.cpp:26]   --->   Operation 117 'select' 'select_ln26_1' <Predicate = true> <Delay = 0.96> <CoreInst = "Sel">   --->   Core 73 'Sel' <Latency = 0> <II = 1> <Delay = 0.96> <FuncUnit> <Opcode : 'select'> <InPorts = 3> <OutPorts = 1>
ST_5 : Operation 118 [1/1] (0.00ns)   --->   "%zext_ln26 = zext i9 %select_ln26_1" [bnn_top.cpp:26]   --->   Operation 118 'zext' 'zext_ln26' <Predicate = true> <Delay = 0.00>
ST_5 : Operation 119 [1/1] (0.00ns)   --->   "%specpipeline_ln29 = specpipeline void @_ssdm_op_SpecPipeline, i32 1, i32 0, i32 0, i32 0, void @empty_1" [bnn_top.cpp:29]   --->   Operation 119 'specpipeline' 'specpipeline_ln29' <Predicate = true> <Delay = 0.00>
ST_5 : Operation 120 [1/1] (0.00ns) (grouped into LUT with out node select_ln33_3)   --->   "%select_ln33_2 = select i1 %and_ln33_4, i16 32767, i16 32768" [bnn_top.cpp:33]   --->   Operation 120 'select' 'select_ln33_2' <Predicate = (or_ln33_2)> <Delay = 0.00> <CoreInst = "Sel">   --->   Core 73 'Sel' <Latency = 0> <II = 1> <Delay = 0.78> <FuncUnit> <Opcode : 'select'> <InPorts = 3> <OutPorts = 1>
ST_5 : Operation 121 [1/1] (0.80ns) (out node of the LUT)   --->   "%select_ln33_3 = select i1 %or_ln33_2, i16 %select_ln33_2, i16 %add_ln33" [bnn_top.cpp:33]   --->   Operation 121 'select' 'select_ln33_3' <Predicate = true> <Delay = 0.80> <CoreInst = "Sel">   --->   Core 73 'Sel' <Latency = 0> <II = 1> <Delay = 0.80> <FuncUnit> <Opcode : 'select'> <InPorts = 3> <OutPorts = 1>
ST_5 : Operation 122 [1/1] (0.00ns)   --->   "%act1_addr = getelementptr i16 %act1, i64 0, i64 %zext_ln26" [bnn_top.cpp:33]   --->   Operation 122 'getelementptr' 'act1_addr' <Predicate = true> <Delay = 0.00>
ST_5 : Operation 123 [1/1] ( I:3.25ns O:3.25ns )   --->   "%store_ln33 = store i16 %select_ln33_3, i8 %act1_addr" [bnn_top.cpp:33]   --->   Operation 123 'store' 'store_ln33' <Predicate = (icmp_ln28_1)> <Delay = 3.25> <CoreInst = "RAM">   --->   Core 81 'RAM' <Latency = 1> <II = 1> <Delay = 3.25> <Storage> <Opcode : 'load' 'store'> <Ports = 2> <Width = 16> <Depth = 256> <RAM>
ST_5 : Operation 124 [1/1] (0.00ns)   --->   "%br_ln28 = br void %new.latch.for.body10.split" [bnn_top.cpp:28]   --->   Operation 124 'br' 'br_ln28' <Predicate = (icmp_ln28_1)> <Delay = 0.00>
ST_5 : Operation 125 [1/1] (1.58ns)   --->   "%store_ln26 = store i9 %select_ln26_1, i9 %o" [bnn_top.cpp:26]   --->   Operation 125 'store' 'store_ln26' <Predicate = true> <Delay = 1.58>
ST_5 : Operation 126 [1/1] (0.00ns)   --->   "%br_ln28 = br void %for.body10" [bnn_top.cpp:28]   --->   Operation 126 'br' 'br_ln28' <Predicate = true> <Delay = 0.00>


============================================================
+ Verbose Summary: Binding
============================================================
STG Binding: 
---------------- STG Properties BEGIN ----------------
- Is combinational: 0
- Is one-state seq: 0
- Is datapath-only: 0
- Is pipelined: 0
- Is top level: 0
Port [ Return ] is wired: 1; IO mode=ap_ctrl_hs:ce=0
Port [ s_axis_input_V_data_V]:  wired=1; compound=1; hidden=0; nouse=0; global=0; static=0; extern=0; dir=0; type=0; pingpong=0; private_global=0; IO mode=axis:ce=0
Port [ s_axis_input_V_keep_V]:  wired=1; compound=1; hidden=0; nouse=0; global=0; static=0; extern=0; dir=0; type=0; pingpong=0; private_global=0; IO mode=axis:ce=0
Port [ s_axis_input_V_strb_V]:  wired=1; compound=1; hidden=0; nouse=0; global=0; static=0; extern=0; dir=0; type=0; pingpong=0; private_global=0; IO mode=axis:ce=0
Port [ s_axis_input_V_user_V]:  wired=1; compound=1; hidden=0; nouse=0; global=0; static=0; extern=0; dir=0; type=0; pingpong=0; private_global=0; IO mode=axis:ce=0
Port [ s_axis_input_V_last_V]:  wired=1; compound=1; hidden=0; nouse=0; global=0; static=0; extern=0; dir=0; type=0; pingpong=0; private_global=0; IO mode=axis:ce=0
Port [ s_axis_input_V_id_V]:  wired=1; compound=1; hidden=0; nouse=0; global=0; static=0; extern=0; dir=0; type=0; pingpong=0; private_global=0; IO mode=axis:ce=0
Port [ s_axis_input_V_dest_V]:  wired=1; compound=1; hidden=0; nouse=0; global=0; static=0; extern=0; dir=0; type=0; pingpong=0; private_global=0; IO mode=axis:ce=0
Port [ input_r]:  wired=1; compound=1; hidden=0; nouse=0; global=0; static=0; extern=0; dir=0; type=1; pingpong=0; private_global=0; MemPort=[13]; IO mode=ap_memory:ce=0
Port [ act1]:  wired=1; compound=1; hidden=0; nouse=0; global=0; static=0; extern=0; dir=1; type=1; pingpong=0; private_global=0; MemPort=[03]; IO mode=ap_memory:ce=0
---------------- STG Properties END ------------------

---------------- Datapath Model BEGIN ----------------

<LifeTime>
<method=bitvector/>
acc_1                   (alloca             ) [ 011100]
i_1                     (alloca             ) [ 010000]
o                       (alloca             ) [ 011111]
indvar_flatten          (alloca             ) [ 010000]
specaxissidechannel_ln0 (specaxissidechannel) [ 000000]
specinterface_ln0       (specinterface      ) [ 000000]
specinterface_ln0       (specinterface      ) [ 000000]
specinterface_ln0       (specinterface      ) [ 000000]
specinterface_ln0       (specinterface      ) [ 000000]
specinterface_ln0       (specinterface      ) [ 000000]
specinterface_ln0       (specinterface      ) [ 000000]
specinterface_ln0       (specinterface      ) [ 000000]
store_ln0               (store              ) [ 000000]
store_ln26              (store              ) [ 000000]
store_ln28              (store              ) [ 000000]
store_ln27              (store              ) [ 000000]
br_ln26                 (br                 ) [ 000000]
indvar_flatten_load     (load               ) [ 000000]
icmp_ln26               (icmp               ) [ 011110]
add_ln26                (add                ) [ 000000]
br_ln26                 (br                 ) [ 000000]
i_1_load                (load               ) [ 000000]
icmp_ln28               (icmp               ) [ 011111]
select_ln26             (select             ) [ 000000]
zext_ln28               (zext               ) [ 000000]
input_addr              (getelementptr      ) [ 011000]
add_ln28                (add                ) [ 011000]
store_ln26              (store              ) [ 000000]
store_ln28              (store              ) [ 000000]
empty                   (read               ) [ 000000]
p_s                     (extractvalue       ) [ 000000]
trunc_ln31              (trunc              ) [ 000000]
shl_ln                  (bitconcatenate     ) [ 000000]
input_load              (load               ) [ 000000]
shl_ln31_1              (bitconcatenate     ) [ 000000]
sext_ln31               (sext               ) [ 000000]
sext_ln31_1             (sext               ) [ 000000]
mul_ln31                (mul                ) [ 010100]
icmp_ln28_1             (icmp               ) [ 010111]
br_ln28                 (br                 ) [ 000000]
acc_1_load              (load               ) [ 000000]
select_ln26_2           (select             ) [ 000000]
shl_ln31_2              (bitconcatenate     ) [ 000000]
sext_ln31_2             (sext               ) [ 000000]
sext_ln31_3             (sext               ) [ 000000]
add_ln31_1              (add                ) [ 000000]
add_ln31                (add                ) [ 000000]
tmp                     (bitselect          ) [ 000000]
acc_2                   (partselect         ) [ 000000]
tmp_30                  (bitselect          ) [ 000000]
tmp_31                  (bitselect          ) [ 000000]
and_ln31                (and                ) [ 000000]
zext_ln31               (zext               ) [ 000000]
acc                     (add                ) [ 000000]
tmp_32                  (bitselect          ) [ 000000]
xor_ln31                (xor                ) [ 000000]
and_ln31_1              (and                ) [ 000000]
xor_ln31_2              (xor                ) [ 000000]
or_ln31                 (or                 ) [ 000000]
xor_ln31_1              (xor                ) [ 000000]
xor_ln31_4              (xor                ) [ 000000]
xor_ln31_3              (xor                ) [ 000000]
or_ln31_1               (or                 ) [ 000000]
and_ln31_2              (and                ) [ 000000]
or_ln31_3               (or                 ) [ 000000]
xor_ln31_5              (xor                ) [ 000000]
and_ln31_3              (and                ) [ 000000]
select_ln31             (select             ) [ 000000]
or_ln31_2               (or                 ) [ 000000]
acc_9                   (select             ) [ 010010]
tmp_33                  (bitselect          ) [ 010010]
trunc_ln33              (trunc              ) [ 010010]
tmp_8                   (partselect         ) [ 010010]
tmp_9                   (partselect         ) [ 010010]
store_ln27              (store              ) [ 000000]
trunc_ln                (partselect         ) [ 000000]
tmp_34                  (bitselect          ) [ 000000]
icmp_ln33               (icmp               ) [ 000000]
tmp_35                  (bitselect          ) [ 000000]
or_ln33                 (or                 ) [ 000000]
and_ln33                (and                ) [ 000000]
zext_ln33               (zext               ) [ 000000]
add_ln33                (add                ) [ 010001]
tmp_36                  (bitselect          ) [ 000000]
xor_ln33                (xor                ) [ 000000]
and_ln33_1              (and                ) [ 000000]
tmp_37                  (bitselect          ) [ 000000]
icmp_ln33_1             (icmp               ) [ 000000]
icmp_ln33_2             (icmp               ) [ 000000]
icmp_ln33_3             (icmp               ) [ 000000]
select_ln33             (select             ) [ 000000]
xor_ln33_1              (xor                ) [ 000000]
and_ln33_2              (and                ) [ 000000]
select_ln33_1           (select             ) [ 000000]
and_ln33_3              (and                ) [ 000000]
xor_ln33_2              (xor                ) [ 000000]
or_ln33_1               (or                 ) [ 000000]
xor_ln33_3              (xor                ) [ 000000]
and_ln33_4              (and                ) [ 010001]
and_ln33_5              (and                ) [ 000000]
or_ln33_3               (or                 ) [ 000000]
xor_ln33_4              (xor                ) [ 000000]
and_ln33_6              (and                ) [ 000000]
or_ln33_2               (or                 ) [ 010001]
o_load                  (load               ) [ 000000]
specloopname_ln0        (specloopname       ) [ 000000]
speclooptripcount_ln0   (speclooptripcount  ) [ 000000]
add_ln26_1              (add                ) [ 000000]
select_ln26_1           (select             ) [ 000000]
zext_ln26               (zext               ) [ 000000]
specpipeline_ln29       (specpipeline       ) [ 000000]
select_ln33_2           (select             ) [ 000000]
select_ln33_3           (select             ) [ 000000]
act1_addr               (getelementptr      ) [ 000000]
store_ln33              (store              ) [ 000000]
br_ln28                 (br                 ) [ 000000]
store_ln26              (store              ) [ 000000]
br_ln28                 (br                 ) [ 000000]
ret_ln0                 (ret                ) [ 000000]
</LifeTime>

<model>

<comp_list>
<comp id="0" class="1000" name="s_axis_input_V_data_V">
<pin_list>
<pin id="1" dir="1" index="0" bw="1" slack="0"/>
</pin_list>
<bind>
<StgValue><ssdm name="s_axis_input_V_data_V"/></StgValue>
</bind>
</comp>

<comp id="2" class="1000" name="s_axis_input_V_keep_V">
<pin_list>
<pin id="3" dir="1" index="0" bw="1" slack="0"/>
</pin_list>
<bind>
<StgValue><ssdm name="s_axis_input_V_keep_V"/></StgValue>
</bind>
</comp>

<comp id="4" class="1000" name="s_axis_input_V_strb_V">
<pin_list>
<pin id="5" dir="1" index="0" bw="1" slack="0"/>
</pin_list>
<bind>
<StgValue><ssdm name="s_axis_input_V_strb_V"/></StgValue>
</bind>
</comp>

<comp id="6" class="1000" name="s_axis_input_V_user_V">
<pin_list>
<pin id="7" dir="1" index="0" bw="1" slack="0"/>
</pin_list>
<bind>
<StgValue><ssdm name="s_axis_input_V_user_V"/></StgValue>
</bind>
</comp>

<comp id="8" class="1000" name="s_axis_input_V_last_V">
<pin_list>
<pin id="9" dir="1" index="0" bw="1" slack="0"/>
</pin_list>
<bind>
<StgValue><ssdm name="s_axis_input_V_last_V"/></StgValue>
</bind>
</comp>

<comp id="10" class="1000" name="s_axis_input_V_id_V">
<pin_list>
<pin id="11" dir="1" index="0" bw="1" slack="0"/>
</pin_list>
<bind>
<StgValue><ssdm name="s_axis_input_V_id_V"/></StgValue>
</bind>
</comp>

<comp id="12" class="1000" name="s_axis_input_V_dest_V">
<pin_list>
<pin id="13" dir="1" index="0" bw="1" slack="0"/>
</pin_list>
<bind>
<StgValue><ssdm name="s_axis_input_V_dest_V"/></StgValue>
</bind>
</comp>

<comp id="14" class="1000" name="input_r">
<pin_list>
<pin id="15" dir="1" index="0" bw="1" slack="0"/>
</pin_list>
<bind>
<StgValue><ssdm name="input_r"/><MemPortTyVec>1 3 </MemPortTyVec>
</StgValue>
</bind>
</comp>

<comp id="16" class="1000" name="act1">
<pin_list>
<pin id="17" dir="1" index="0" bw="1" slack="0"/>
</pin_list>
<bind>
<StgValue><ssdm name="act1"/><MemPortTyVec>0 3 </MemPortTyVec>
</StgValue>
</bind>
</comp>

<comp id="18" class="1001" name="const_18">
<pin_list>
<pin id="19" dir="1" index="0" bw="1" slack="0"/>
</pin_list>
<bind>
<StgValue><ssdm name=""/></StgValue>
</bind>
</comp>

<comp id="20" class="1001" name="const_20">
<pin_list>
<pin id="21" dir="1" index="0" bw="1" slack="2147483647"/>
</pin_list>
<bind>
<StgValue><ssdm name="_ssdm_op_SpecAXISSideChannel"/></StgValue>
</bind>
</comp>

<comp id="22" class="1001" name="const_22">
<pin_list>
<pin id="23" dir="1" index="0" bw="1" slack="2147483647"/>
</pin_list>
<bind>
<StgValue><ssdm name="empty_5"/></StgValue>
</bind>
</comp>

<comp id="24" class="1001" name="const_24">
<pin_list>
<pin id="25" dir="1" index="0" bw="1" slack="2147483647"/>
</pin_list>
<bind>
<StgValue><ssdm name="_ssdm_op_SpecInterface"/></StgValue>
</bind>
</comp>

<comp id="26" class="1001" name="const_26">
<pin_list>
<pin id="27" dir="1" index="0" bw="1" slack="2147483647"/>
</pin_list>
<bind>
<StgValue><ssdm name="empty"/></StgValue>
</bind>
</comp>

<comp id="28" class="1001" name="const_28">
<pin_list>
<pin id="29" dir="1" index="0" bw="1" slack="0"/>
</pin_list>
<bind>
<StgValue><ssdm name=""/></StgValue>
</bind>
</comp>

<comp id="30" class="1001" name="const_30">
<pin_list>
<pin id="31" dir="1" index="0" bw="1" slack="2147483647"/>
</pin_list>
<bind>
<StgValue><ssdm name="empty_0"/></StgValue>
</bind>
</comp>

<comp id="32" class="1001" name="const_32">
<pin_list>
<pin id="33" dir="1" index="0" bw="1" slack="2147483647"/>
</pin_list>
<bind>
<StgValue><ssdm name="empty_1"/></StgValue>
</bind>
</comp>

<comp id="34" class="1001" name="const_34">
<pin_list>
<pin id="35" dir="1" index="0" bw="1" slack="2147483647"/>
</pin_list>
<bind>
<StgValue><ssdm name=""/></StgValue>
</bind>
</comp>

<comp id="36" class="1001" name="const_36">
<pin_list>
<pin id="37" dir="1" index="0" bw="1" slack="0"/>
</pin_list>
<bind>
<StgValue><ssdm name=""/></StgValue>
</bind>
</comp>

<comp id="38" class="1001" name="const_38">
<pin_list>
<pin id="39" dir="1" index="0" bw="1" slack="0"/>
</pin_list>
<bind>
<StgValue><ssdm name=""/></StgValue>
</bind>
</comp>

<comp id="40" class="1001" name="const_40">
<pin_list>
<pin id="41" dir="1" index="0" bw="1" slack="0"/>
</pin_list>
<bind>
<StgValue><ssdm name=""/></StgValue>
</bind>
</comp>

<comp id="42" class="1001" name="const_42">
<pin_list>
<pin id="43" dir="1" index="0" bw="1" slack="0"/>
</pin_list>
<bind>
<StgValue><ssdm name=""/></StgValue>
</bind>
</comp>

<comp id="44" class="1001" name="const_44">
<pin_list>
<pin id="45" dir="1" index="0" bw="1" slack="0"/>
</pin_list>
<bind>
<StgValue><ssdm name=""/></StgValue>
</bind>
</comp>

<comp id="46" class="1001" name="const_46">
<pin_list>
<pin id="47" dir="1" index="0" bw="1" slack="0"/>
</pin_list>
<bind>
<StgValue><ssdm name=""/></StgValue>
</bind>
</comp>

<comp id="48" class="1001" name="const_48">
<pin_list>
<pin id="49" dir="1" index="0" bw="1" slack="0"/>
</pin_list>
<bind>
<StgValue><ssdm name=""/></StgValue>
</bind>
</comp>

<comp id="50" class="1001" name="const_50">
<pin_list>
<pin id="51" dir="1" index="0" bw="1" slack="0"/>
</pin_list>
<bind>
<StgValue><ssdm name=""/></StgValue>
</bind>
</comp>

<comp id="52" class="1001" name="const_52">
<pin_list>
<pin id="53" dir="1" index="0" bw="1" slack="0"/>
</pin_list>
<bind>
<StgValue><ssdm name="_ssdm_op_Read.axis.volatile.i32P0A.i4P0A.i4P0A.i1P0A.i1P0A.i1P0A.i1P0A"/></StgValue>
</bind>
</comp>

<comp id="54" class="1001" name="const_54">
<pin_list>
<pin id="55" dir="1" index="0" bw="1" slack="0"/>
</pin_list>
<bind>
<StgValue><ssdm name="_ssdm_op_BitConcatenate.i26.i16.i10"/></StgValue>
</bind>
</comp>

<comp id="56" class="1001" name="const_56">
<pin_list>
<pin id="57" dir="1" index="0" bw="1" slack="0"/>
</pin_list>
<bind>
<StgValue><ssdm name=""/></StgValue>
</bind>
</comp>

<comp id="58" class="1001" name="const_58">
<pin_list>
<pin id="59" dir="1" index="0" bw="1" slack="0"/>
</pin_list>
<bind>
<StgValue><ssdm name="_ssdm_op_BitConcatenate.i52.i32.i20"/></StgValue>
</bind>
</comp>

<comp id="60" class="1001" name="const_60">
<pin_list>
<pin id="61" dir="1" index="0" bw="1" slack="0"/>
</pin_list>
<bind>
<StgValue><ssdm name=""/></StgValue>
</bind>
</comp>

<comp id="62" class="1001" name="const_62">
<pin_list>
<pin id="63" dir="1" index="0" bw="1" slack="0"/>
</pin_list>
<bind>
<StgValue><ssdm name="_ssdm_op_BitSelect.i1.i53.i32"/></StgValue>
</bind>
</comp>

<comp id="64" class="1001" name="const_64">
<pin_list>
<pin id="65" dir="1" index="0" bw="1" slack="0"/>
</pin_list>
<bind>
<StgValue><ssdm name=""/></StgValue>
</bind>
</comp>

<comp id="66" class="1001" name="const_66">
<pin_list>
<pin id="67" dir="1" index="0" bw="1" slack="0"/>
</pin_list>
<bind>
<StgValue><ssdm name="_ssdm_op_PartSelect.i32.i52.i32.i32"/></StgValue>
</bind>
</comp>

<comp id="68" class="1001" name="const_68">
<pin_list>
<pin id="69" dir="1" index="0" bw="1" slack="0"/>
</pin_list>
<bind>
<StgValue><ssdm name=""/></StgValue>
</bind>
</comp>

<comp id="70" class="1001" name="const_70">
<pin_list>
<pin id="71" dir="1" index="0" bw="1" slack="0"/>
</pin_list>
<bind>
<StgValue><ssdm name=""/></StgValue>
</bind>
</comp>

<comp id="72" class="1001" name="const_72">
<pin_list>
<pin id="73" dir="1" index="0" bw="1" slack="0"/>
</pin_list>
<bind>
<StgValue><ssdm name="_ssdm_op_BitSelect.i1.i52.i32"/></StgValue>
</bind>
</comp>

<comp id="74" class="1001" name="const_74">
<pin_list>
<pin id="75" dir="1" index="0" bw="1" slack="0"/>
</pin_list>
<bind>
<StgValue><ssdm name=""/></StgValue>
</bind>
</comp>

<comp id="76" class="1001" name="const_76">
<pin_list>
<pin id="77" dir="1" index="0" bw="1" slack="0"/>
</pin_list>
<bind>
<StgValue><ssdm name="_ssdm_op_BitSelect.i1.i32.i32"/></StgValue>
</bind>
</comp>

<comp id="78" class="1001" name="const_78">
<pin_list>
<pin id="79" dir="1" index="0" bw="1" slack="0"/>
</pin_list>
<bind>
<StgValue><ssdm name=""/></StgValue>
</bind>
</comp>

<comp id="80" class="1001" name="const_80">
<pin_list>
<pin id="81" dir="1" index="0" bw="1" slack="0"/>
</pin_list>
<bind>
<StgValue><ssdm name=""/></StgValue>
</bind>
</comp>

<comp id="82" class="1001" name="const_82">
<pin_list>
<pin id="83" dir="1" index="0" bw="1" slack="0"/>
</pin_list>
<bind>
<StgValue><ssdm name=""/></StgValue>
</bind>
</comp>

<comp id="84" class="1001" name="const_84">
<pin_list>
<pin id="85" dir="1" index="0" bw="1" slack="0"/>
</pin_list>
<bind>
<StgValue><ssdm name=""/></StgValue>
</bind>
</comp>

<comp id="86" class="1001" name="const_86">
<pin_list>
<pin id="87" dir="1" index="0" bw="1" slack="0"/>
</pin_list>
<bind>
<StgValue><ssdm name="_ssdm_op_PartSelect.i5.i32.i32"/></StgValue>
</bind>
</comp>

<comp id="88" class="1001" name="const_88">
<pin_list>
<pin id="89" dir="1" index="0" bw="1" slack="0"/>
</pin_list>
<bind>
<StgValue><ssdm name=""/></StgValue>
</bind>
</comp>

<comp id="90" class="1001" name="const_90">
<pin_list>
<pin id="91" dir="1" index="0" bw="1" slack="0"/>
</pin_list>
<bind>
<StgValue><ssdm name="_ssdm_op_PartSelect.i6.i32.i32"/></StgValue>
</bind>
</comp>

<comp id="92" class="1001" name="const_92">
<pin_list>
<pin id="93" dir="1" index="0" bw="1" slack="0"/>
</pin_list>
<bind>
<StgValue><ssdm name=""/></StgValue>
</bind>
</comp>

<comp id="94" class="1001" name="const_94">
<pin_list>
<pin id="95" dir="1" index="0" bw="1" slack="0"/>
</pin_list>
<bind>
<StgValue><ssdm name="_ssdm_op_PartSelect.i16.i32.i32.i32"/></StgValue>
</bind>
</comp>

<comp id="96" class="1001" name="const_96">
<pin_list>
<pin id="97" dir="1" index="0" bw="1" slack="0"/>
</pin_list>
<bind>
<StgValue><ssdm name=""/></StgValue>
</bind>
</comp>

<comp id="98" class="1001" name="const_98">
<pin_list>
<pin id="99" dir="1" index="0" bw="1" slack="0"/>
</pin_list>
<bind>
<StgValue><ssdm name=""/></StgValue>
</bind>
</comp>

<comp id="100" class="1001" name="const_100">
<pin_list>
<pin id="101" dir="1" index="0" bw="1" slack="0"/>
</pin_list>
<bind>
<StgValue><ssdm name=""/></StgValue>
</bind>
</comp>

<comp id="102" class="1001" name="const_102">
<pin_list>
<pin id="103" dir="1" index="0" bw="1" slack="0"/>
</pin_list>
<bind>
<StgValue><ssdm name="_ssdm_op_BitSelect.i1.i16.i32"/></StgValue>
</bind>
</comp>

<comp id="104" class="1001" name="const_104">
<pin_list>
<pin id="105" dir="1" index="0" bw="1" slack="0"/>
</pin_list>
<bind>
<StgValue><ssdm name=""/></StgValue>
</bind>
</comp>

<comp id="106" class="1001" name="const_106">
<pin_list>
<pin id="107" dir="1" index="0" bw="1" slack="0"/>
</pin_list>
<bind>
<StgValue><ssdm name=""/></StgValue>
</bind>
</comp>

<comp id="108" class="1001" name="const_108">
<pin_list>
<pin id="109" dir="1" index="0" bw="1" slack="0"/>
</pin_list>
<bind>
<StgValue><ssdm name=""/></StgValue>
</bind>
</comp>

<comp id="110" class="1001" name="const_110">
<pin_list>
<pin id="111" dir="1" index="0" bw="1" slack="0"/>
</pin_list>
<bind>
<StgValue><ssdm name=""/></StgValue>
</bind>
</comp>

<comp id="112" class="1001" name="const_112">
<pin_list>
<pin id="113" dir="1" index="0" bw="1" slack="2147483647"/>
</pin_list>
<bind>
<StgValue><ssdm name="_ssdm_op_SpecLoopName"/></StgValue>
</bind>
</comp>

<comp id="114" class="1001" name="const_114">
<pin_list>
<pin id="115" dir="1" index="0" bw="1" slack="2147483647"/>
</pin_list>
<bind>
<StgValue><ssdm name="L1_W_L1_IN_str"/></StgValue>
</bind>
</comp>

<comp id="116" class="1001" name="const_116">
<pin_list>
<pin id="117" dir="1" index="0" bw="1" slack="2147483647"/>
</pin_list>
<bind>
<StgValue><ssdm name="_ssdm_op_SpecLoopTripCount"/></StgValue>
</bind>
</comp>

<comp id="118" class="1001" name="const_118">
<pin_list>
<pin id="119" dir="1" index="0" bw="1" slack="2147483647"/>
</pin_list>
<bind>
<StgValue><ssdm name=""/></StgValue>
</bind>
</comp>

<comp id="120" class="1001" name="const_120">
<pin_list>
<pin id="121" dir="1" index="0" bw="1" slack="0"/>
</pin_list>
<bind>
<StgValue><ssdm name=""/></StgValue>
</bind>
</comp>

<comp id="122" class="1001" name="const_122">
<pin_list>
<pin id="123" dir="1" index="0" bw="1" slack="2147483647"/>
</pin_list>
<bind>
<StgValue><ssdm name="_ssdm_op_SpecPipeline"/></StgValue>
</bind>
</comp>

<comp id="124" class="1001" name="const_124">
<pin_list>
<pin id="125" dir="1" index="0" bw="1" slack="0"/>
</pin_list>
<bind>
<StgValue><ssdm name=""/></StgValue>
</bind>
</comp>

<comp id="126" class="1001" name="const_126">
<pin_list>
<pin id="127" dir="1" index="0" bw="1" slack="0"/>
</pin_list>
<bind>
<StgValue><ssdm name=""/></StgValue>
</bind>
</comp>

<comp id="128" class="1004" name="acc_1_fu_128">
<pin_list>
<pin id="129" dir="0" index="0" bw="1" slack="0"/>
<pin id="130" dir="1" index="1" bw="32" slack="0"/>
</pin_list>
<bind>
<opcode="alloca(26) " fcode="alloca"/>
<opset="acc_1/1 "/>
</bind>
</comp>

<comp id="132" class="1004" name="i_1_fu_132">
<pin_list>
<pin id="133" dir="0" index="0" bw="1" slack="0"/>
<pin id="134" dir="1" index="1" bw="7" slack="0"/>
</pin_list>
<bind>
<opcode="alloca(26) " fcode="alloca"/>
<opset="i_1/1 "/>
</bind>
</comp>

<comp id="136" class="1004" name="o_fu_136">
<pin_list>
<pin id="137" dir="0" index="0" bw="1" slack="0"/>
<pin id="138" dir="1" index="1" bw="9" slack="0"/>
</pin_list>
<bind>
<opcode="alloca(26) " fcode="alloca"/>
<opset="o/1 "/>
</bind>
</comp>

<comp id="140" class="1004" name="indvar_flatten_fu_140">
<pin_list>
<pin id="141" dir="0" index="0" bw="1" slack="0"/>
<pin id="142" dir="1" index="1" bw="15" slack="0"/>
</pin_list>
<bind>
<opcode="alloca(26) " fcode="alloca"/>
<opset="indvar_flatten/1 "/>
</bind>
</comp>

<comp id="144" class="1004" name="empty_read_fu_144">
<pin_list>
<pin id="145" dir="0" index="0" bw="44" slack="0"/>
<pin id="146" dir="0" index="1" bw="32" slack="0"/>
<pin id="147" dir="0" index="2" bw="4" slack="0"/>
<pin id="148" dir="0" index="3" bw="4" slack="0"/>
<pin id="149" dir="0" index="4" bw="1" slack="0"/>
<pin id="150" dir="0" index="5" bw="1" slack="0"/>
<pin id="151" dir="0" index="6" bw="1" slack="0"/>
<pin id="152" dir="0" index="7" bw="1" slack="0"/>
<pin id="153" dir="1" index="8" bw="44" slack="0"/>
</pin_list>
<bind>
<opcode="read(1150) " fcode="read"/>
<opset="empty/2 "/>
</bind>
</comp>

<comp id="162" class="1004" name="input_addr_gep_fu_162">
<pin_list>
<pin id="163" dir="0" index="0" bw="16" slack="0"/>
<pin id="164" dir="0" index="1" bw="1" slack="0"/>
<pin id="165" dir="0" index="2" bw="7" slack="0"/>
<pin id="166" dir="1" index="3" bw="6" slack="0"/>
</pin_list>
<bind>
<opcode="getelementptr(29) " fcode="getelementptr"/>
<opset="input_addr/1 "/>
</bind>
</comp>

<comp id="169" class="1004" name="grp_access_fu_169">
<pin_list>
<pin id="170" dir="0" index="0" bw="6" slack="0"/>
<pin id="171" dir="0" index="1" bw="16" slack="2147483647"/>
<pin id="172" dir="0" index="2" bw="0" slack="2147483647"/>
<pin id="173" dir="1" index="3" bw="16" slack="0"/>
</pin_list>
<bind>
<opcode="load(27) " fcode="load"/>
<opset="input_load/1 "/>
</bind>
</comp>

<comp id="175" class="1004" name="act1_addr_gep_fu_175">
<pin_list>
<pin id="176" dir="0" index="0" bw="16" slack="0"/>
<pin id="177" dir="0" index="1" bw="1" slack="0"/>
<pin id="178" dir="0" index="2" bw="9" slack="0"/>
<pin id="179" dir="1" index="3" bw="8" slack="0"/>
</pin_list>
<bind>
<opcode="getelementptr(29) " fcode="getelementptr"/>
<opset="act1_addr/5 "/>
</bind>
</comp>

<comp id="182" class="1004" name="store_ln33_access_fu_182">
<pin_list>
<pin id="183" dir="0" index="0" bw="8" slack="0"/>
<pin id="184" dir="0" index="1" bw="16" slack="0"/>
<pin id="185" dir="0" index="2" bw="0" slack="2147483647"/>
<pin id="186" dir="1" index="3" bw="16" slack="2147483647"/>
</pin_list>
<bind>
<opcode="store(28) " fcode="store"/>
<opset="store_ln33/5 "/>
</bind>
</comp>

<comp id="188" class="1004" name="mul_ln31_fu_188">
<pin_list>
<pin id="189" dir="0" index="0" bw="26" slack="0"/>
<pin id="190" dir="0" index="1" bw="26" slack="0"/>
<pin id="191" dir="1" index="2" bw="52" slack="1"/>
</pin_list>
<bind>
<opcode="mul(12) " fcode="mul"/>
<opset="mul_ln31/2 "/>
</bind>
</comp>

<comp id="192" class="1004" name="store_ln0_store_fu_192">
<pin_list>
<pin id="193" dir="0" index="0" bw="1" slack="0"/>
<pin id="194" dir="0" index="1" bw="15" slack="0"/>
<pin id="195" dir="1" index="2" bw="0" slack="2147483647"/>
</pin_list>
<bind>
<opcode="store(28) " fcode="store"/>
<opset="store_ln0/1 "/>
</bind>
</comp>

<comp id="197" class="1004" name="store_ln26_store_fu_197">
<pin_list>
<pin id="198" dir="0" index="0" bw="1" slack="0"/>
<pin id="199" dir="0" index="1" bw="9" slack="0"/>
<pin id="200" dir="1" index="2" bw="0" slack="2147483647"/>
</pin_list>
<bind>
<opcode="store(28) " fcode="store"/>
<opset="store_ln26/1 "/>
</bind>
</comp>

<comp id="202" class="1004" name="store_ln28_store_fu_202">
<pin_list>
<pin id="203" dir="0" index="0" bw="1" slack="0"/>
<pin id="204" dir="0" index="1" bw="7" slack="0"/>
<pin id="205" dir="1" index="2" bw="0" slack="2147483647"/>
</pin_list>
<bind>
<opcode="store(28) " fcode="store"/>
<opset="store_ln28/1 "/>
</bind>
</comp>

<comp id="207" class="1004" name="store_ln27_store_fu_207">
<pin_list>
<pin id="208" dir="0" index="0" bw="1" slack="0"/>
<pin id="209" dir="0" index="1" bw="32" slack="0"/>
<pin id="210" dir="1" index="2" bw="0" slack="2147483647"/>
</pin_list>
<bind>
<opcode="store(28) " fcode="store"/>
<opset="store_ln27/1 "/>
</bind>
</comp>

<comp id="212" class="1004" name="indvar_flatten_load_load_fu_212">
<pin_list>
<pin id="213" dir="0" index="0" bw="15" slack="0"/>
<pin id="214" dir="1" index="1" bw="15" slack="0"/>
</pin_list>
<bind>
<opcode="load(27) " fcode="load"/>
<opset="indvar_flatten_load/1 "/>
</bind>
</comp>

<comp id="215" class="1004" name="icmp_ln26_fu_215">
<pin_list>
<pin id="216" dir="0" index="0" bw="15" slack="0"/>
<pin id="217" dir="0" index="1" bw="15" slack="0"/>
<pin id="218" dir="1" index="2" bw="1" slack="3"/>
</pin_list>
<bind>
<opcode="icmp(45) " fcode="icmp"/>
<opset="icmp_ln26/1 "/>
</bind>
</comp>

<comp id="221" class="1004" name="add_ln26_fu_221">
<pin_list>
<pin id="222" dir="0" index="0" bw="15" slack="0"/>
<pin id="223" dir="0" index="1" bw="1" slack="0"/>
<pin id="224" dir="1" index="2" bw="15" slack="0"/>
</pin_list>
<bind>
<opcode="add(8) " fcode="add"/>
<opset="add_ln26/1 "/>
</bind>
</comp>

<comp id="227" class="1004" name="i_1_load_load_fu_227">
<pin_list>
<pin id="228" dir="0" index="0" bw="7" slack="0"/>
<pin id="229" dir="1" index="1" bw="7" slack="0"/>
</pin_list>
<bind>
<opcode="load(27) " fcode="load"/>
<opset="i_1_load/1 "/>
</bind>
</comp>

<comp id="230" class="1004" name="icmp_ln28_fu_230">
<pin_list>
<pin id="231" dir="0" index="0" bw="7" slack="0"/>
<pin id="232" dir="0" index="1" bw="7" slack="0"/>
<pin id="233" dir="1" index="2" bw="1" slack="0"/>
</pin_list>
<bind>
<opcode="icmp(45) " fcode="icmp"/>
<opset="icmp_ln28/1 "/>
</bind>
</comp>

<comp id="236" class="1004" name="select_ln26_fu_236">
<pin_list>
<pin id="237" dir="0" index="0" bw="1" slack="0"/>
<pin id="238" dir="0" index="1" bw="7" slack="0"/>
<pin id="239" dir="0" index="2" bw="7" slack="0"/>
<pin id="240" dir="1" index="3" bw="7" slack="0"/>
</pin_list>
<bind>
<opcode="select(49) " fcode="select"/>
<opset="select_ln26/1 "/>
</bind>
</comp>

<comp id="244" class="1004" name="zext_ln28_fu_244">
<pin_list>
<pin id="245" dir="0" index="0" bw="7" slack="0"/>
<pin id="246" dir="1" index="1" bw="64" slack="0"/>
</pin_list>
<bind>
<opcode="zext(34) " fcode="zext"/>
<opset="zext_ln28/1 "/>
</bind>
</comp>

<comp id="249" class="1004" name="add_ln28_fu_249">
<pin_list>
<pin id="250" dir="0" index="0" bw="7" slack="0"/>
<pin id="251" dir="0" index="1" bw="1" slack="0"/>
<pin id="252" dir="1" index="2" bw="7" slack="0"/>
</pin_list>
<bind>
<opcode="add(8) " fcode="add"/>
<opset="add_ln28/1 "/>
</bind>
</comp>

<comp id="255" class="1004" name="store_ln26_store_fu_255">
<pin_list>
<pin id="256" dir="0" index="0" bw="15" slack="0"/>
<pin id="257" dir="0" index="1" bw="15" slack="0"/>
<pin id="258" dir="1" index="2" bw="0" slack="2147483647"/>
</pin_list>
<bind>
<opcode="store(28) " fcode="store"/>
<opset="store_ln26/1 "/>
</bind>
</comp>

<comp id="260" class="1004" name="store_ln28_store_fu_260">
<pin_list>
<pin id="261" dir="0" index="0" bw="7" slack="0"/>
<pin id="262" dir="0" index="1" bw="7" slack="0"/>
<pin id="263" dir="1" index="2" bw="0" slack="2147483647"/>
</pin_list>
<bind>
<opcode="store(28) " fcode="store"/>
<opset="store_ln28/1 "/>
</bind>
</comp>

<comp id="265" class="1004" name="p_s_fu_265">
<pin_list>
<pin id="266" dir="0" index="0" bw="44" slack="0"/>
<pin id="267" dir="1" index="1" bw="32" slack="0"/>
</pin_list>
<bind>
<opcode="extractvalue(56) " fcode="extractvalue"/>
<opset="p_s/2 "/>
</bind>
</comp>

<comp id="269" class="1004" name="trunc_ln31_fu_269">
<pin_list>
<pin id="270" dir="0" index="0" bw="32" slack="0"/>
<pin id="271" dir="1" index="1" bw="16" slack="0"/>
</pin_list>
<bind>
<opcode="trunc(33) " fcode="trunc"/>
<opset="trunc_ln31/2 "/>
</bind>
</comp>

<comp id="273" class="1004" name="shl_ln_fu_273">
<pin_list>
<pin id="274" dir="0" index="0" bw="26" slack="0"/>
<pin id="275" dir="0" index="1" bw="16" slack="0"/>
<pin id="276" dir="0" index="2" bw="1" slack="0"/>
<pin id="277" dir="1" index="3" bw="26" slack="0"/>
</pin_list>
<bind>
<opcode="bitconcatenate(1004) " fcode="bitconcatenate"/>
<opset="shl_ln/2 "/>
</bind>
</comp>

<comp id="281" class="1004" name="shl_ln31_1_fu_281">
<pin_list>
<pin id="282" dir="0" index="0" bw="26" slack="0"/>
<pin id="283" dir="0" index="1" bw="16" slack="0"/>
<pin id="284" dir="0" index="2" bw="1" slack="0"/>
<pin id="285" dir="1" index="3" bw="26" slack="0"/>
</pin_list>
<bind>
<opcode="bitconcatenate(1004) " fcode="bitconcatenate"/>
<opset="shl_ln31_1/2 "/>
</bind>
</comp>

<comp id="289" class="1004" name="sext_ln31_fu_289">
<pin_list>
<pin id="290" dir="0" index="0" bw="26" slack="0"/>
<pin id="291" dir="1" index="1" bw="52" slack="0"/>
</pin_list>
<bind>
<opcode="sext(35) " fcode="sext"/>
<opset="sext_ln31/2 "/>
</bind>
</comp>

<comp id="294" class="1004" name="sext_ln31_1_fu_294">
<pin_list>
<pin id="295" dir="0" index="0" bw="26" slack="0"/>
<pin id="296" dir="1" index="1" bw="52" slack="0"/>
</pin_list>
<bind>
<opcode="sext(35) " fcode="sext"/>
<opset="sext_ln31_1/2 "/>
</bind>
</comp>

<comp id="299" class="1004" name="icmp_ln28_1_fu_299">
<pin_list>
<pin id="300" dir="0" index="0" bw="7" slack="1"/>
<pin id="301" dir="0" index="1" bw="7" slack="0"/>
<pin id="302" dir="1" index="2" bw="1" slack="3"/>
</pin_list>
<bind>
<opcode="icmp(45) " fcode="icmp"/>
<opset="icmp_ln28_1/2 "/>
</bind>
</comp>

<comp id="304" class="1004" name="acc_1_load_load_fu_304">
<pin_list>
<pin id="305" dir="0" index="0" bw="32" slack="2"/>
<pin id="306" dir="1" index="1" bw="32" slack="0"/>
</pin_list>
<bind>
<opcode="load(27) " fcode="load"/>
<opset="acc_1_load/3 "/>
</bind>
</comp>

<comp id="307" class="1004" name="select_ln26_2_fu_307">
<pin_list>
<pin id="308" dir="0" index="0" bw="1" slack="2"/>
<pin id="309" dir="0" index="1" bw="32" slack="0"/>
<pin id="310" dir="0" index="2" bw="32" slack="0"/>
<pin id="311" dir="1" index="3" bw="32" slack="0"/>
</pin_list>
<bind>
<opcode="select(49) " fcode="select"/>
<opset="select_ln26_2/3 "/>
</bind>
</comp>

<comp id="314" class="1004" name="shl_ln31_2_fu_314">
<pin_list>
<pin id="315" dir="0" index="0" bw="52" slack="0"/>
<pin id="316" dir="0" index="1" bw="32" slack="0"/>
<pin id="317" dir="0" index="2" bw="1" slack="0"/>
<pin id="318" dir="1" index="3" bw="52" slack="0"/>
</pin_list>
<bind>
<opcode="bitconcatenate(1004) " fcode="bitconcatenate"/>
<opset="shl_ln31_2/3 "/>
</bind>
</comp>

<comp id="322" class="1004" name="sext_ln31_2_fu_322">
<pin_list>
<pin id="323" dir="0" index="0" bw="52" slack="0"/>
<pin id="324" dir="1" index="1" bw="53" slack="0"/>
</pin_list>
<bind>
<opcode="sext(35) " fcode="sext"/>
<opset="sext_ln31_2/3 "/>
</bind>
</comp>

<comp id="326" class="1004" name="sext_ln31_3_fu_326">
<pin_list>
<pin id="327" dir="0" index="0" bw="52" slack="1"/>
<pin id="328" dir="1" index="1" bw="53" slack="0"/>
</pin_list>
<bind>
<opcode="sext(35) " fcode="sext"/>
<opset="sext_ln31_3/3 "/>
</bind>
</comp>

<comp id="329" class="1004" name="add_ln31_1_fu_329">
<pin_list>
<pin id="330" dir="0" index="0" bw="52" slack="0"/>
<pin id="331" dir="0" index="1" bw="52" slack="1"/>
<pin id="332" dir="1" index="2" bw="52" slack="0"/>
</pin_list>
<bind>
<opcode="add(8) " fcode="add"/>
<opset="add_ln31_1/3 "/>
</bind>
</comp>

<comp id="334" class="1004" name="add_ln31_fu_334">
<pin_list>
<pin id="335" dir="0" index="0" bw="52" slack="0"/>
<pin id="336" dir="0" index="1" bw="52" slack="0"/>
<pin id="337" dir="1" index="2" bw="53" slack="0"/>
</pin_list>
<bind>
<opcode="add(8) " fcode="add"/>
<opset="add_ln31/3 "/>
</bind>
</comp>

<comp id="340" class="1004" name="tmp_fu_340">
<pin_list>
<pin id="341" dir="0" index="0" bw="1" slack="0"/>
<pin id="342" dir="0" index="1" bw="53" slack="0"/>
<pin id="343" dir="0" index="2" bw="7" slack="0"/>
<pin id="344" dir="1" index="3" bw="1" slack="0"/>
</pin_list>
<bind>
<opcode="bitselect(1000) " fcode="bitselect"/>
<opset="tmp/3 "/>
</bind>
</comp>

<comp id="348" class="1004" name="acc_2_fu_348">
<pin_list>
<pin id="349" dir="0" index="0" bw="32" slack="0"/>
<pin id="350" dir="0" index="1" bw="52" slack="0"/>
<pin id="351" dir="0" index="2" bw="6" slack="0"/>
<pin id="352" dir="0" index="3" bw="7" slack="0"/>
<pin id="353" dir="1" index="4" bw="32" slack="0"/>
</pin_list>
<bind>
<opcode="partselect(1002) " fcode="partselect"/>
<opset="acc_2/3 "/>
</bind>
</comp>

<comp id="358" class="1004" name="tmp_30_fu_358">
<pin_list>
<pin id="359" dir="0" index="0" bw="1" slack="0"/>
<pin id="360" dir="0" index="1" bw="52" slack="1"/>
<pin id="361" dir="0" index="2" bw="6" slack="0"/>
<pin id="362" dir="1" index="3" bw="1" slack="0"/>
</pin_list>
<bind>
<opcode="bitselect(1000) " fcode="bitselect"/>
<opset="tmp_30/3 "/>
</bind>
</comp>

<comp id="365" class="1004" name="tmp_31_fu_365">
<pin_list>
<pin id="366" dir="0" index="0" bw="1" slack="0"/>
<pin id="367" dir="0" index="1" bw="52" slack="0"/>
<pin id="368" dir="0" index="2" bw="7" slack="0"/>
<pin id="369" dir="1" index="3" bw="1" slack="0"/>
</pin_list>
<bind>
<opcode="bitselect(1000) " fcode="bitselect"/>
<opset="tmp_31/3 "/>
</bind>
</comp>

<comp id="373" class="1004" name="and_ln31_fu_373">
<pin_list>
<pin id="374" dir="0" index="0" bw="1" slack="0"/>
<pin id="375" dir="0" index="1" bw="1" slack="0"/>
<pin id="376" dir="1" index="2" bw="1" slack="0"/>
</pin_list>
<bind>
<opcode="and(23) " fcode="and"/>
<opset="and_ln31/3 "/>
</bind>
</comp>

<comp id="379" class="1004" name="zext_ln31_fu_379">
<pin_list>
<pin id="380" dir="0" index="0" bw="1" slack="0"/>
<pin id="381" dir="1" index="1" bw="32" slack="0"/>
</pin_list>
<bind>
<opcode="zext(34) " fcode="zext"/>
<opset="zext_ln31/3 "/>
</bind>
</comp>

<comp id="383" class="1004" name="acc_fu_383">
<pin_list>
<pin id="384" dir="0" index="0" bw="32" slack="0"/>
<pin id="385" dir="0" index="1" bw="1" slack="0"/>
<pin id="386" dir="1" index="2" bw="32" slack="0"/>
</pin_list>
<bind>
<opcode="add(8) " fcode="add"/>
<opset="acc/3 "/>
</bind>
</comp>

<comp id="389" class="1004" name="tmp_32_fu_389">
<pin_list>
<pin id="390" dir="0" index="0" bw="1" slack="0"/>
<pin id="391" dir="0" index="1" bw="32" slack="0"/>
<pin id="392" dir="0" index="2" bw="6" slack="0"/>
<pin id="393" dir="1" index="3" bw="1" slack="0"/>
</pin_list>
<bind>
<opcode="bitselect(1000) " fcode="bitselect"/>
<opset="tmp_32/3 "/>
</bind>
</comp>

<comp id="397" class="1004" name="xor_ln31_fu_397">
<pin_list>
<pin id="398" dir="0" index="0" bw="1" slack="0"/>
<pin id="399" dir="0" index="1" bw="1" slack="0"/>
<pin id="400" dir="1" index="2" bw="1" slack="0"/>
</pin_list>
<bind>
<opcode="xor(25) " fcode="xor"/>
<opset="xor_ln31/3 "/>
</bind>
</comp>

<comp id="403" class="1004" name="and_ln31_1_fu_403">
<pin_list>
<pin id="404" dir="0" index="0" bw="1" slack="0"/>
<pin id="405" dir="0" index="1" bw="1" slack="0"/>
<pin id="406" dir="1" index="2" bw="1" slack="0"/>
</pin_list>
<bind>
<opcode="and(23) " fcode="and"/>
<opset="and_ln31_1/3 "/>
</bind>
</comp>

<comp id="409" class="1004" name="xor_ln31_2_fu_409">
<pin_list>
<pin id="410" dir="0" index="0" bw="1" slack="0"/>
<pin id="411" dir="0" index="1" bw="1" slack="0"/>
<pin id="412" dir="1" index="2" bw="1" slack="0"/>
</pin_list>
<bind>
<opcode="xor(25) " fcode="xor"/>
<opset="xor_ln31_2/3 "/>
</bind>
</comp>

<comp id="415" class="1004" name="or_ln31_fu_415">
<pin_list>
<pin id="416" dir="0" index="0" bw="1" slack="0"/>
<pin id="417" dir="0" index="1" bw="1" slack="0"/>
<pin id="418" dir="1" index="2" bw="1" slack="0"/>
</pin_list>
<bind>
<opcode="or(24) " fcode="or"/>
<opset="or_ln31/3 "/>
</bind>
</comp>

<comp id="421" class="1004" name="xor_ln31_1_fu_421">
<pin_list>
<pin id="422" dir="0" index="0" bw="1" slack="0"/>
<pin id="423" dir="0" index="1" bw="1" slack="0"/>
<pin id="424" dir="1" index="2" bw="1" slack="0"/>
</pin_list>
<bind>
<opcode="xor(25) " fcode="xor"/>
<opset="xor_ln31_1/3 "/>
</bind>
</comp>

<comp id="427" class="1004" name="xor_ln31_4_fu_427">
<pin_list>
<pin id="428" dir="0" index="0" bw="1" slack="0"/>
<pin id="429" dir="0" index="1" bw="1" slack="0"/>
<pin id="430" dir="1" index="2" bw="1" slack="0"/>
</pin_list>
<bind>
<opcode="xor(25) " fcode="xor"/>
<opset="xor_ln31_4/3 "/>
</bind>
</comp>

<comp id="433" class="1004" name="xor_ln31_3_fu_433">
<pin_list>
<pin id="434" dir="0" index="0" bw="1" slack="0"/>
<pin id="435" dir="0" index="1" bw="1" slack="0"/>
<pin id="436" dir="1" index="2" bw="1" slack="0"/>
</pin_list>
<bind>
<opcode="xor(25) " fcode="xor"/>
<opset="xor_ln31_3/3 "/>
</bind>
</comp>

<comp id="439" class="1004" name="or_ln31_1_fu_439">
<pin_list>
<pin id="440" dir="0" index="0" bw="1" slack="0"/>
<pin id="441" dir="0" index="1" bw="1" slack="0"/>
<pin id="442" dir="1" index="2" bw="1" slack="0"/>
</pin_list>
<bind>
<opcode="or(24) " fcode="or"/>
<opset="or_ln31_1/3 "/>
</bind>
</comp>

<comp id="445" class="1004" name="and_ln31_2_fu_445">
<pin_list>
<pin id="446" dir="0" index="0" bw="1" slack="0"/>
<pin id="447" dir="0" index="1" bw="1" slack="0"/>
<pin id="448" dir="1" index="2" bw="1" slack="0"/>
</pin_list>
<bind>
<opcode="and(23) " fcode="and"/>
<opset="and_ln31_2/3 "/>
</bind>
</comp>

<comp id="451" class="1004" name="or_ln31_3_fu_451">
<pin_list>
<pin id="452" dir="0" index="0" bw="1" slack="0"/>
<pin id="453" dir="0" index="1" bw="1" slack="0"/>
<pin id="454" dir="1" index="2" bw="1" slack="0"/>
</pin_list>
<bind>
<opcode="or(24) " fcode="or"/>
<opset="or_ln31_3/3 "/>
</bind>
</comp>

<comp id="457" class="1004" name="xor_ln31_5_fu_457">
<pin_list>
<pin id="458" dir="0" index="0" bw="1" slack="0"/>
<pin id="459" dir="0" index="1" bw="1" slack="0"/>
<pin id="460" dir="1" index="2" bw="1" slack="0"/>
</pin_list>
<bind>
<opcode="xor(25) " fcode="xor"/>
<opset="xor_ln31_5/3 "/>
</bind>
</comp>

<comp id="463" class="1004" name="and_ln31_3_fu_463">
<pin_list>
<pin id="464" dir="0" index="0" bw="1" slack="0"/>
<pin id="465" dir="0" index="1" bw="1" slack="0"/>
<pin id="466" dir="1" index="2" bw="1" slack="0"/>
</pin_list>
<bind>
<opcode="and(23) " fcode="and"/>
<opset="and_ln31_3/3 "/>
</bind>
</comp>

<comp id="469" class="1004" name="select_ln31_fu_469">
<pin_list>
<pin id="470" dir="0" index="0" bw="1" slack="0"/>
<pin id="471" dir="0" index="1" bw="32" slack="0"/>
<pin id="472" dir="0" index="2" bw="32" slack="0"/>
<pin id="473" dir="1" index="3" bw="32" slack="0"/>
</pin_list>
<bind>
<opcode="select(49) " fcode="select"/>
<opset="select_ln31/3 "/>
</bind>
</comp>

<comp id="477" class="1004" name="or_ln31_2_fu_477">
<pin_list>
<pin id="478" dir="0" index="0" bw="1" slack="0"/>
<pin id="479" dir="0" index="1" bw="1" slack="0"/>
<pin id="480" dir="1" index="2" bw="1" slack="0"/>
</pin_list>
<bind>
<opcode="or(24) " fcode="or"/>
<opset="or_ln31_2/3 "/>
</bind>
</comp>

<comp id="483" class="1004" name="acc_9_fu_483">
<pin_list>
<pin id="484" dir="0" index="0" bw="1" slack="0"/>
<pin id="485" dir="0" index="1" bw="32" slack="0"/>
<pin id="486" dir="0" index="2" bw="32" slack="0"/>
<pin id="487" dir="1" index="3" bw="32" slack="0"/>
</pin_list>
<bind>
<opcode="select(49) " fcode="select"/>
<opset="acc_9/3 "/>
</bind>
</comp>

<comp id="491" class="1004" name="tmp_33_fu_491">
<pin_list>
<pin id="492" dir="0" index="0" bw="1" slack="0"/>
<pin id="493" dir="0" index="1" bw="32" slack="0"/>
<pin id="494" dir="0" index="2" bw="6" slack="0"/>
<pin id="495" dir="1" index="3" bw="1" slack="1"/>
</pin_list>
<bind>
<opcode="bitselect(1000) " fcode="bitselect"/>
<opset="tmp_33/3 "/>
</bind>
</comp>

<comp id="499" class="1004" name="trunc_ln33_fu_499">
<pin_list>
<pin id="500" dir="0" index="0" bw="32" slack="0"/>
<pin id="501" dir="1" index="1" bw="9" slack="1"/>
</pin_list>
<bind>
<opcode="trunc(33) " fcode="trunc"/>
<opset="trunc_ln33/3 "/>
</bind>
</comp>

<comp id="503" class="1004" name="tmp_8_fu_503">
<pin_list>
<pin id="504" dir="0" index="0" bw="5" slack="0"/>
<pin id="505" dir="0" index="1" bw="32" slack="0"/>
<pin id="506" dir="0" index="2" bw="6" slack="0"/>
<pin id="507" dir="1" index="3" bw="5" slack="1"/>
</pin_list>
<bind>
<opcode="partselect(1002) " fcode="partselect"/>
<opset="tmp_8/3 "/>
</bind>
</comp>

<comp id="511" class="1004" name="tmp_9_fu_511">
<pin_list>
<pin id="512" dir="0" index="0" bw="6" slack="0"/>
<pin id="513" dir="0" index="1" bw="32" slack="0"/>
<pin id="514" dir="0" index="2" bw="6" slack="0"/>
<pin id="515" dir="1" index="3" bw="6" slack="1"/>
</pin_list>
<bind>
<opcode="partselect(1002) " fcode="partselect"/>
<opset="tmp_9/3 "/>
</bind>
</comp>

<comp id="519" class="1004" name="store_ln27_store_fu_519">
<pin_list>
<pin id="520" dir="0" index="0" bw="32" slack="0"/>
<pin id="521" dir="0" index="1" bw="32" slack="2"/>
<pin id="522" dir="1" index="2" bw="0" slack="2147483647"/>
</pin_list>
<bind>
<opcode="store(28) " fcode="store"/>
<opset="store_ln27/3 "/>
</bind>
</comp>

<comp id="524" class="1004" name="trunc_ln_fu_524">
<pin_list>
<pin id="525" dir="0" index="0" bw="16" slack="0"/>
<pin id="526" dir="0" index="1" bw="32" slack="1"/>
<pin id="527" dir="0" index="2" bw="5" slack="0"/>
<pin id="528" dir="0" index="3" bw="6" slack="0"/>
<pin id="529" dir="1" index="4" bw="16" slack="0"/>
</pin_list>
<bind>
<opcode="partselect(1002) " fcode="partselect"/>
<opset="trunc_ln/4 "/>
</bind>
</comp>

<comp id="533" class="1004" name="tmp_34_fu_533">
<pin_list>
<pin id="534" dir="0" index="0" bw="1" slack="0"/>
<pin id="535" dir="0" index="1" bw="32" slack="1"/>
<pin id="536" dir="0" index="2" bw="5" slack="0"/>
<pin id="537" dir="1" index="3" bw="1" slack="0"/>
</pin_list>
<bind>
<opcode="bitselect(1000) " fcode="bitselect"/>
<opset="tmp_34/4 "/>
</bind>
</comp>

<comp id="540" class="1004" name="icmp_ln33_fu_540">
<pin_list>
<pin id="541" dir="0" index="0" bw="9" slack="1"/>
<pin id="542" dir="0" index="1" bw="9" slack="0"/>
<pin id="543" dir="1" index="2" bw="1" slack="0"/>
</pin_list>
<bind>
<opcode="icmp(45) " fcode="icmp"/>
<opset="icmp_ln33/4 "/>
</bind>
</comp>

<comp id="545" class="1004" name="tmp_35_fu_545">
<pin_list>
<pin id="546" dir="0" index="0" bw="1" slack="0"/>
<pin id="547" dir="0" index="1" bw="32" slack="1"/>
<pin id="548" dir="0" index="2" bw="6" slack="0"/>
<pin id="549" dir="1" index="3" bw="1" slack="0"/>
</pin_list>
<bind>
<opcode="bitselect(1000) " fcode="bitselect"/>
<opset="tmp_35/4 "/>
</bind>
</comp>

<comp id="552" class="1004" name="or_ln33_fu_552">
<pin_list>
<pin id="553" dir="0" index="0" bw="1" slack="1"/>
<pin id="554" dir="0" index="1" bw="1" slack="0"/>
<pin id="555" dir="1" index="2" bw="1" slack="0"/>
</pin_list>
<bind>
<opcode="or(24) " fcode="or"/>
<opset="or_ln33/4 "/>
</bind>
</comp>

<comp id="557" class="1004" name="and_ln33_fu_557">
<pin_list>
<pin id="558" dir="0" index="0" bw="1" slack="0"/>
<pin id="559" dir="0" index="1" bw="1" slack="0"/>
<pin id="560" dir="1" index="2" bw="1" slack="0"/>
</pin_list>
<bind>
<opcode="and(23) " fcode="and"/>
<opset="and_ln33/4 "/>
</bind>
</comp>

<comp id="563" class="1004" name="zext_ln33_fu_563">
<pin_list>
<pin id="564" dir="0" index="0" bw="1" slack="0"/>
<pin id="565" dir="1" index="1" bw="16" slack="0"/>
</pin_list>
<bind>
<opcode="zext(34) " fcode="zext"/>
<opset="zext_ln33/4 "/>
</bind>
</comp>

<comp id="567" class="1004" name="add_ln33_fu_567">
<pin_list>
<pin id="568" dir="0" index="0" bw="16" slack="0"/>
<pin id="569" dir="0" index="1" bw="1" slack="0"/>
<pin id="570" dir="1" index="2" bw="16" slack="0"/>
</pin_list>
<bind>
<opcode="add(8) " fcode="add"/>
<opset="add_ln33/4 "/>
</bind>
</comp>

<comp id="573" class="1004" name="tmp_36_fu_573">
<pin_list>
<pin id="574" dir="0" index="0" bw="1" slack="0"/>
<pin id="575" dir="0" index="1" bw="16" slack="0"/>
<pin id="576" dir="0" index="2" bw="5" slack="0"/>
<pin id="577" dir="1" index="3" bw="1" slack="0"/>
</pin_list>
<bind>
<opcode="bitselect(1000) " fcode="bitselect"/>
<opset="tmp_36/4 "/>
</bind>
</comp>

<comp id="581" class="1004" name="xor_ln33_fu_581">
<pin_list>
<pin id="582" dir="0" index="0" bw="1" slack="0"/>
<pin id="583" dir="0" index="1" bw="1" slack="0"/>
<pin id="584" dir="1" index="2" bw="1" slack="0"/>
</pin_list>
<bind>
<opcode="xor(25) " fcode="xor"/>
<opset="xor_ln33/4 "/>
</bind>
</comp>

<comp id="587" class="1004" name="and_ln33_1_fu_587">
<pin_list>
<pin id="588" dir="0" index="0" bw="1" slack="0"/>
<pin id="589" dir="0" index="1" bw="1" slack="0"/>
<pin id="590" dir="1" index="2" bw="1" slack="0"/>
</pin_list>
<bind>
<opcode="and(23) " fcode="and"/>
<opset="and_ln33_1/4 "/>
</bind>
</comp>

<comp id="593" class="1004" name="tmp_37_fu_593">
<pin_list>
<pin id="594" dir="0" index="0" bw="1" slack="0"/>
<pin id="595" dir="0" index="1" bw="32" slack="1"/>
<pin id="596" dir="0" index="2" bw="6" slack="0"/>
<pin id="597" dir="1" index="3" bw="1" slack="0"/>
</pin_list>
<bind>
<opcode="bitselect(1000) " fcode="bitselect"/>
<opset="tmp_37/4 "/>
</bind>
</comp>

<comp id="600" class="1004" name="icmp_ln33_1_fu_600">
<pin_list>
<pin id="601" dir="0" index="0" bw="5" slack="1"/>
<pin id="602" dir="0" index="1" bw="5" slack="0"/>
<pin id="603" dir="1" index="2" bw="1" slack="0"/>
</pin_list>
<bind>
<opcode="icmp(45) " fcode="icmp"/>
<opset="icmp_ln33_1/4 "/>
</bind>
</comp>

<comp id="605" class="1004" name="icmp_ln33_2_fu_605">
<pin_list>
<pin id="606" dir="0" index="0" bw="6" slack="1"/>
<pin id="607" dir="0" index="1" bw="6" slack="0"/>
<pin id="608" dir="1" index="2" bw="1" slack="0"/>
</pin_list>
<bind>
<opcode="icmp(45) " fcode="icmp"/>
<opset="icmp_ln33_2/4 "/>
</bind>
</comp>

<comp id="610" class="1004" name="icmp_ln33_3_fu_610">
<pin_list>
<pin id="611" dir="0" index="0" bw="6" slack="1"/>
<pin id="612" dir="0" index="1" bw="6" slack="0"/>
<pin id="613" dir="1" index="2" bw="1" slack="0"/>
</pin_list>
<bind>
<opcode="icmp(45) " fcode="icmp"/>
<opset="icmp_ln33_3/4 "/>
</bind>
</comp>

<comp id="615" class="1004" name="select_ln33_fu_615">
<pin_list>
<pin id="616" dir="0" index="0" bw="1" slack="0"/>
<pin id="617" dir="0" index="1" bw="1" slack="0"/>
<pin id="618" dir="0" index="2" bw="1" slack="0"/>
<pin id="619" dir="1" index="3" bw="1" slack="0"/>
</pin_list>
<bind>
<opcode="select(49) " fcode="select"/>
<opset="select_ln33/4 "/>
</bind>
</comp>

<comp id="623" class="1004" name="xor_ln33_1_fu_623">
<pin_list>
<pin id="624" dir="0" index="0" bw="1" slack="0"/>
<pin id="625" dir="0" index="1" bw="1" slack="0"/>
<pin id="626" dir="1" index="2" bw="1" slack="0"/>
</pin_list>
<bind>
<opcode="xor(25) " fcode="xor"/>
<opset="xor_ln33_1/4 "/>
</bind>
</comp>

<comp id="629" class="1004" name="and_ln33_2_fu_629">
<pin_list>
<pin id="630" dir="0" index="0" bw="1" slack="0"/>
<pin id="631" dir="0" index="1" bw="1" slack="0"/>
<pin id="632" dir="1" index="2" bw="1" slack="0"/>
</pin_list>
<bind>
<opcode="and(23) " fcode="and"/>
<opset="and_ln33_2/4 "/>
</bind>
</comp>

<comp id="635" class="1004" name="select_ln33_1_fu_635">
<pin_list>
<pin id="636" dir="0" index="0" bw="1" slack="0"/>
<pin id="637" dir="0" index="1" bw="1" slack="0"/>
<pin id="638" dir="0" index="2" bw="1" slack="0"/>
<pin id="639" dir="1" index="3" bw="1" slack="0"/>
</pin_list>
<bind>
<opcode="select(49) " fcode="select"/>
<opset="select_ln33_1/4 "/>
</bind>
</comp>

<comp id="643" class="1004" name="and_ln33_3_fu_643">
<pin_list>
<pin id="644" dir="0" index="0" bw="1" slack="0"/>
<pin id="645" dir="0" index="1" bw="1" slack="0"/>
<pin id="646" dir="1" index="2" bw="1" slack="0"/>
</pin_list>
<bind>
<opcode="and(23) " fcode="and"/>
<opset="and_ln33_3/4 "/>
</bind>
</comp>

<comp id="649" class="1004" name="xor_ln33_2_fu_649">
<pin_list>
<pin id="650" dir="0" index="0" bw="1" slack="0"/>
<pin id="651" dir="0" index="1" bw="1" slack="0"/>
<pin id="652" dir="1" index="2" bw="1" slack="0"/>
</pin_list>
<bind>
<opcode="xor(25) " fcode="xor"/>
<opset="xor_ln33_2/4 "/>
</bind>
</comp>

<comp id="655" class="1004" name="or_ln33_1_fu_655">
<pin_list>
<pin id="656" dir="0" index="0" bw="1" slack="0"/>
<pin id="657" dir="0" index="1" bw="1" slack="0"/>
<pin id="658" dir="1" index="2" bw="1" slack="0"/>
</pin_list>
<bind>
<opcode="or(24) " fcode="or"/>
<opset="or_ln33_1/4 "/>
</bind>
</comp>

<comp id="661" class="1004" name="xor_ln33_3_fu_661">
<pin_list>
<pin id="662" dir="0" index="0" bw="1" slack="1"/>
<pin id="663" dir="0" index="1" bw="1" slack="0"/>
<pin id="664" dir="1" index="2" bw="1" slack="0"/>
</pin_list>
<bind>
<opcode="xor(25) " fcode="xor"/>
<opset="xor_ln33_3/4 "/>
</bind>
</comp>

<comp id="666" class="1004" name="and_ln33_4_fu_666">
<pin_list>
<pin id="667" dir="0" index="0" bw="1" slack="0"/>
<pin id="668" dir="0" index="1" bw="1" slack="0"/>
<pin id="669" dir="1" index="2" bw="1" slack="0"/>
</pin_list>
<bind>
<opcode="and(23) " fcode="and"/>
<opset="and_ln33_4/4 "/>
</bind>
</comp>

<comp id="672" class="1004" name="and_ln33_5_fu_672">
<pin_list>
<pin id="673" dir="0" index="0" bw="1" slack="0"/>
<pin id="674" dir="0" index="1" bw="1" slack="0"/>
<pin id="675" dir="1" index="2" bw="1" slack="0"/>
</pin_list>
<bind>
<opcode="and(23) " fcode="and"/>
<opset="and_ln33_5/4 "/>
</bind>
</comp>

<comp id="678" class="1004" name="or_ln33_3_fu_678">
<pin_list>
<pin id="679" dir="0" index="0" bw="1" slack="0"/>
<pin id="680" dir="0" index="1" bw="1" slack="0"/>
<pin id="681" dir="1" index="2" bw="1" slack="0"/>
</pin_list>
<bind>
<opcode="or(24) " fcode="or"/>
<opset="or_ln33_3/4 "/>
</bind>
</comp>

<comp id="684" class="1004" name="xor_ln33_4_fu_684">
<pin_list>
<pin id="685" dir="0" index="0" bw="1" slack="0"/>
<pin id="686" dir="0" index="1" bw="1" slack="0"/>
<pin id="687" dir="1" index="2" bw="1" slack="0"/>
</pin_list>
<bind>
<opcode="xor(25) " fcode="xor"/>
<opset="xor_ln33_4/4 "/>
</bind>
</comp>

<comp id="690" class="1004" name="and_ln33_6_fu_690">
<pin_list>
<pin id="691" dir="0" index="0" bw="1" slack="1"/>
<pin id="692" dir="0" index="1" bw="1" slack="0"/>
<pin id="693" dir="1" index="2" bw="1" slack="0"/>
</pin_list>
<bind>
<opcode="and(23) " fcode="and"/>
<opset="and_ln33_6/4 "/>
</bind>
</comp>

<comp id="695" class="1004" name="or_ln33_2_fu_695">
<pin_list>
<pin id="696" dir="0" index="0" bw="1" slack="0"/>
<pin id="697" dir="0" index="1" bw="1" slack="0"/>
<pin id="698" dir="1" index="2" bw="1" slack="1"/>
</pin_list>
<bind>
<opcode="or(24) " fcode="or"/>
<opset="or_ln33_2/4 "/>
</bind>
</comp>

<comp id="701" class="1004" name="o_load_load_fu_701">
<pin_list>
<pin id="702" dir="0" index="0" bw="9" slack="4"/>
<pin id="703" dir="1" index="1" bw="9" slack="0"/>
</pin_list>
<bind>
<opcode="load(27) " fcode="load"/>
<opset="o_load/5 "/>
</bind>
</comp>

<comp id="704" class="1004" name="add_ln26_1_fu_704">
<pin_list>
<pin id="705" dir="0" index="0" bw="9" slack="0"/>
<pin id="706" dir="0" index="1" bw="1" slack="0"/>
<pin id="707" dir="1" index="2" bw="9" slack="0"/>
</pin_list>
<bind>
<opcode="add(8) " fcode="add"/>
<opset="add_ln26_1/5 "/>
</bind>
</comp>

<comp id="710" class="1004" name="select_ln26_1_fu_710">
<pin_list>
<pin id="711" dir="0" index="0" bw="1" slack="4"/>
<pin id="712" dir="0" index="1" bw="9" slack="0"/>
<pin id="713" dir="0" index="2" bw="9" slack="0"/>
<pin id="714" dir="1" index="3" bw="9" slack="0"/>
</pin_list>
<bind>
<opcode="select(49) " fcode="select"/>
<opset="select_ln26_1/5 "/>
</bind>
</comp>

<comp id="717" class="1004" name="zext_ln26_fu_717">
<pin_list>
<pin id="718" dir="0" index="0" bw="9" slack="0"/>
<pin id="719" dir="1" index="1" bw="64" slack="0"/>
</pin_list>
<bind>
<opcode="zext(34) " fcode="zext"/>
<opset="zext_ln26/5 "/>
</bind>
</comp>

<comp id="722" class="1004" name="select_ln33_2_fu_722">
<pin_list>
<pin id="723" dir="0" index="0" bw="1" slack="1"/>
<pin id="724" dir="0" index="1" bw="16" slack="0"/>
<pin id="725" dir="0" index="2" bw="16" slack="0"/>
<pin id="726" dir="1" index="3" bw="16" slack="0"/>
</pin_list>
<bind>
<opcode="select(49) " fcode="select"/>
<opset="select_ln33_2/5 "/>
</bind>
</comp>

<comp id="729" class="1004" name="select_ln33_3_fu_729">
<pin_list>
<pin id="730" dir="0" index="0" bw="1" slack="1"/>
<pin id="731" dir="0" index="1" bw="16" slack="0"/>
<pin id="732" dir="0" index="2" bw="16" slack="1"/>
<pin id="733" dir="1" index="3" bw="16" slack="0"/>
</pin_list>
<bind>
<opcode="select(49) " fcode="select"/>
<opset="select_ln33_3/5 "/>
</bind>
</comp>

<comp id="736" class="1004" name="store_ln26_store_fu_736">
<pin_list>
<pin id="737" dir="0" index="0" bw="9" slack="0"/>
<pin id="738" dir="0" index="1" bw="9" slack="4"/>
<pin id="739" dir="1" index="2" bw="0" slack="2147483647"/>
</pin_list>
<bind>
<opcode="store(28) " fcode="store"/>
<opset="store_ln26/5 "/>
</bind>
</comp>

<comp id="741" class="1005" name="acc_1_reg_741">
<pin_list>
<pin id="742" dir="0" index="0" bw="32" slack="0"/>
<pin id="743" dir="1" index="1" bw="32" slack="0"/>
</pin_list>
<bind>
<opset="acc_1 "/>
</bind>
</comp>

<comp id="748" class="1005" name="i_1_reg_748">
<pin_list>
<pin id="749" dir="0" index="0" bw="7" slack="0"/>
<pin id="750" dir="1" index="1" bw="7" slack="0"/>
</pin_list>
<bind>
<opset="i_1 "/>
</bind>
</comp>

<comp id="755" class="1005" name="o_reg_755">
<pin_list>
<pin id="756" dir="0" index="0" bw="9" slack="0"/>
<pin id="757" dir="1" index="1" bw="9" slack="0"/>
</pin_list>
<bind>
<opset="o "/>
</bind>
</comp>

<comp id="762" class="1005" name="indvar_flatten_reg_762">
<pin_list>
<pin id="763" dir="0" index="0" bw="15" slack="0"/>
<pin id="764" dir="1" index="1" bw="15" slack="0"/>
</pin_list>
<bind>
<opset="indvar_flatten "/>
</bind>
</comp>

<comp id="769" class="1005" name="icmp_ln26_reg_769">
<pin_list>
<pin id="770" dir="0" index="0" bw="1" slack="3"/>
<pin id="771" dir="1" index="1" bw="1" slack="2147483647"/>
</pin_list>
<bind>
<opset="icmp_ln26 "/>
</bind>
</comp>

<comp id="773" class="1005" name="icmp_ln28_reg_773">
<pin_list>
<pin id="774" dir="0" index="0" bw="1" slack="2"/>
<pin id="775" dir="1" index="1" bw="1" slack="2"/>
</pin_list>
<bind>
<opset="icmp_ln28 "/>
</bind>
</comp>

<comp id="779" class="1005" name="input_addr_reg_779">
<pin_list>
<pin id="780" dir="0" index="0" bw="6" slack="1"/>
<pin id="781" dir="1" index="1" bw="6" slack="1"/>
</pin_list>
<bind>
<opset="input_addr "/>
</bind>
</comp>

<comp id="784" class="1005" name="add_ln28_reg_784">
<pin_list>
<pin id="785" dir="0" index="0" bw="7" slack="1"/>
<pin id="786" dir="1" index="1" bw="7" slack="1"/>
</pin_list>
<bind>
<opset="add_ln28 "/>
</bind>
</comp>

<comp id="789" class="1005" name="mul_ln31_reg_789">
<pin_list>
<pin id="790" dir="0" index="0" bw="52" slack="1"/>
<pin id="791" dir="1" index="1" bw="52" slack="1"/>
</pin_list>
<bind>
<opset="mul_ln31 "/>
</bind>
</comp>

<comp id="796" class="1005" name="icmp_ln28_1_reg_796">
<pin_list>
<pin id="797" dir="0" index="0" bw="1" slack="3"/>
<pin id="798" dir="1" index="1" bw="1" slack="2147483647"/>
</pin_list>
<bind>
<opset="icmp_ln28_1 "/>
</bind>
</comp>

<comp id="800" class="1005" name="acc_9_reg_800">
<pin_list>
<pin id="801" dir="0" index="0" bw="32" slack="1"/>
<pin id="802" dir="1" index="1" bw="32" slack="1"/>
</pin_list>
<bind>
<opset="acc_9 "/>
</bind>
</comp>

<comp id="808" class="1005" name="tmp_33_reg_808">
<pin_list>
<pin id="809" dir="0" index="0" bw="1" slack="1"/>
<pin id="810" dir="1" index="1" bw="1" slack="1"/>
</pin_list>
<bind>
<opset="tmp_33 "/>
</bind>
</comp>

<comp id="815" class="1005" name="trunc_ln33_reg_815">
<pin_list>
<pin id="816" dir="0" index="0" bw="9" slack="1"/>
<pin id="817" dir="1" index="1" bw="9" slack="1"/>
</pin_list>
<bind>
<opset="trunc_ln33 "/>
</bind>
</comp>

<comp id="820" class="1005" name="tmp_8_reg_820">
<pin_list>
<pin id="821" dir="0" index="0" bw="5" slack="1"/>
<pin id="822" dir="1" index="1" bw="5" slack="1"/>
</pin_list>
<bind>
<opset="tmp_8 "/>
</bind>
</comp>

<comp id="825" class="1005" name="tmp_9_reg_825">
<pin_list>
<pin id="826" dir="0" index="0" bw="6" slack="1"/>
<pin id="827" dir="1" index="1" bw="6" slack="1"/>
</pin_list>
<bind>
<opset="tmp_9 "/>
</bind>
</comp>

<comp id="831" class="1005" name="add_ln33_reg_831">
<pin_list>
<pin id="832" dir="0" index="0" bw="16" slack="1"/>
<pin id="833" dir="1" index="1" bw="16" slack="1"/>
</pin_list>
<bind>
<opset="add_ln33 "/>
</bind>
</comp>

<comp id="836" class="1005" name="and_ln33_4_reg_836">
<pin_list>
<pin id="837" dir="0" index="0" bw="1" slack="1"/>
<pin id="838" dir="1" index="1" bw="1" slack="1"/>
</pin_list>
<bind>
<opset="and_ln33_4 "/>
</bind>
</comp>

<comp id="841" class="1005" name="or_ln33_2_reg_841">
<pin_list>
<pin id="842" dir="0" index="0" bw="1" slack="1"/>
<pin id="843" dir="1" index="1" bw="1" slack="1"/>
</pin_list>
<bind>
<opset="or_ln33_2 "/>
</bind>
</comp>

</comp_list>

<net_list>
<net id="131"><net_src comp="18" pin="0"/><net_sink comp="128" pin=0"/></net>

<net id="135"><net_src comp="18" pin="0"/><net_sink comp="132" pin=0"/></net>

<net id="139"><net_src comp="18" pin="0"/><net_sink comp="136" pin=0"/></net>

<net id="143"><net_src comp="18" pin="0"/><net_sink comp="140" pin=0"/></net>

<net id="154"><net_src comp="52" pin="0"/><net_sink comp="144" pin=0"/></net>

<net id="155"><net_src comp="0" pin="0"/><net_sink comp="144" pin=1"/></net>

<net id="156"><net_src comp="2" pin="0"/><net_sink comp="144" pin=2"/></net>

<net id="157"><net_src comp="4" pin="0"/><net_sink comp="144" pin=3"/></net>

<net id="158"><net_src comp="6" pin="0"/><net_sink comp="144" pin=4"/></net>

<net id="159"><net_src comp="8" pin="0"/><net_sink comp="144" pin=5"/></net>

<net id="160"><net_src comp="10" pin="0"/><net_sink comp="144" pin=6"/></net>

<net id="161"><net_src comp="12" pin="0"/><net_sink comp="144" pin=7"/></net>

<net id="167"><net_src comp="14" pin="0"/><net_sink comp="162" pin=0"/></net>

<net id="168"><net_src comp="48" pin="0"/><net_sink comp="162" pin=1"/></net>

<net id="174"><net_src comp="162" pin="3"/><net_sink comp="169" pin=0"/></net>

<net id="180"><net_src comp="16" pin="0"/><net_sink comp="175" pin=0"/></net>

<net id="181"><net_src comp="48" pin="0"/><net_sink comp="175" pin=1"/></net>

<net id="187"><net_src comp="175" pin="3"/><net_sink comp="182" pin=0"/></net>

<net id="196"><net_src comp="36" pin="0"/><net_sink comp="192" pin=0"/></net>

<net id="201"><net_src comp="38" pin="0"/><net_sink comp="197" pin=0"/></net>

<net id="206"><net_src comp="40" pin="0"/><net_sink comp="202" pin=0"/></net>

<net id="211"><net_src comp="28" pin="0"/><net_sink comp="207" pin=0"/></net>

<net id="219"><net_src comp="212" pin="1"/><net_sink comp="215" pin=0"/></net>

<net id="220"><net_src comp="42" pin="0"/><net_sink comp="215" pin=1"/></net>

<net id="225"><net_src comp="212" pin="1"/><net_sink comp="221" pin=0"/></net>

<net id="226"><net_src comp="44" pin="0"/><net_sink comp="221" pin=1"/></net>

<net id="234"><net_src comp="227" pin="1"/><net_sink comp="230" pin=0"/></net>

<net id="235"><net_src comp="46" pin="0"/><net_sink comp="230" pin=1"/></net>

<net id="241"><net_src comp="230" pin="2"/><net_sink comp="236" pin=0"/></net>

<net id="242"><net_src comp="40" pin="0"/><net_sink comp="236" pin=1"/></net>

<net id="243"><net_src comp="227" pin="1"/><net_sink comp="236" pin=2"/></net>

<net id="247"><net_src comp="236" pin="3"/><net_sink comp="244" pin=0"/></net>

<net id="248"><net_src comp="244" pin="1"/><net_sink comp="162" pin=2"/></net>

<net id="253"><net_src comp="236" pin="3"/><net_sink comp="249" pin=0"/></net>

<net id="254"><net_src comp="50" pin="0"/><net_sink comp="249" pin=1"/></net>

<net id="259"><net_src comp="221" pin="2"/><net_sink comp="255" pin=0"/></net>

<net id="264"><net_src comp="249" pin="2"/><net_sink comp="260" pin=0"/></net>

<net id="268"><net_src comp="144" pin="8"/><net_sink comp="265" pin=0"/></net>

<net id="272"><net_src comp="265" pin="1"/><net_sink comp="269" pin=0"/></net>

<net id="278"><net_src comp="54" pin="0"/><net_sink comp="273" pin=0"/></net>

<net id="279"><net_src comp="269" pin="1"/><net_sink comp="273" pin=1"/></net>

<net id="280"><net_src comp="56" pin="0"/><net_sink comp="273" pin=2"/></net>

<net id="286"><net_src comp="54" pin="0"/><net_sink comp="281" pin=0"/></net>

<net id="287"><net_src comp="169" pin="3"/><net_sink comp="281" pin=1"/></net>

<net id="288"><net_src comp="56" pin="0"/><net_sink comp="281" pin=2"/></net>

<net id="292"><net_src comp="273" pin="3"/><net_sink comp="289" pin=0"/></net>

<net id="293"><net_src comp="289" pin="1"/><net_sink comp="188" pin=1"/></net>

<net id="297"><net_src comp="281" pin="3"/><net_sink comp="294" pin=0"/></net>

<net id="298"><net_src comp="294" pin="1"/><net_sink comp="188" pin=0"/></net>

<net id="303"><net_src comp="46" pin="0"/><net_sink comp="299" pin=1"/></net>

<net id="312"><net_src comp="28" pin="0"/><net_sink comp="307" pin=1"/></net>

<net id="313"><net_src comp="304" pin="1"/><net_sink comp="307" pin=2"/></net>

<net id="319"><net_src comp="58" pin="0"/><net_sink comp="314" pin=0"/></net>

<net id="320"><net_src comp="307" pin="3"/><net_sink comp="314" pin=1"/></net>

<net id="321"><net_src comp="60" pin="0"/><net_sink comp="314" pin=2"/></net>

<net id="325"><net_src comp="314" pin="3"/><net_sink comp="322" pin=0"/></net>

<net id="333"><net_src comp="314" pin="3"/><net_sink comp="329" pin=0"/></net>

<net id="338"><net_src comp="322" pin="1"/><net_sink comp="334" pin=0"/></net>

<net id="339"><net_src comp="326" pin="1"/><net_sink comp="334" pin=1"/></net>

<net id="345"><net_src comp="62" pin="0"/><net_sink comp="340" pin=0"/></net>

<net id="346"><net_src comp="334" pin="2"/><net_sink comp="340" pin=1"/></net>

<net id="347"><net_src comp="64" pin="0"/><net_sink comp="340" pin=2"/></net>

<net id="354"><net_src comp="66" pin="0"/><net_sink comp="348" pin=0"/></net>

<net id="355"><net_src comp="329" pin="2"/><net_sink comp="348" pin=1"/></net>

<net id="356"><net_src comp="68" pin="0"/><net_sink comp="348" pin=2"/></net>

<net id="357"><net_src comp="70" pin="0"/><net_sink comp="348" pin=3"/></net>

<net id="363"><net_src comp="72" pin="0"/><net_sink comp="358" pin=0"/></net>

<net id="364"><net_src comp="74" pin="0"/><net_sink comp="358" pin=2"/></net>

<net id="370"><net_src comp="72" pin="0"/><net_sink comp="365" pin=0"/></net>

<net id="371"><net_src comp="329" pin="2"/><net_sink comp="365" pin=1"/></net>

<net id="372"><net_src comp="70" pin="0"/><net_sink comp="365" pin=2"/></net>

<net id="377"><net_src comp="340" pin="3"/><net_sink comp="373" pin=0"/></net>

<net id="378"><net_src comp="358" pin="3"/><net_sink comp="373" pin=1"/></net>

<net id="382"><net_src comp="373" pin="2"/><net_sink comp="379" pin=0"/></net>

<net id="387"><net_src comp="348" pin="4"/><net_sink comp="383" pin=0"/></net>

<net id="388"><net_src comp="379" pin="1"/><net_sink comp="383" pin=1"/></net>

<net id="394"><net_src comp="76" pin="0"/><net_sink comp="389" pin=0"/></net>

<net id="395"><net_src comp="383" pin="2"/><net_sink comp="389" pin=1"/></net>

<net id="396"><net_src comp="78" pin="0"/><net_sink comp="389" pin=2"/></net>

<net id="401"><net_src comp="389" pin="3"/><net_sink comp="397" pin=0"/></net>

<net id="402"><net_src comp="80" pin="0"/><net_sink comp="397" pin=1"/></net>

<net id="407"><net_src comp="365" pin="3"/><net_sink comp="403" pin=0"/></net>

<net id="408"><net_src comp="397" pin="2"/><net_sink comp="403" pin=1"/></net>

<net id="413"><net_src comp="365" pin="3"/><net_sink comp="409" pin=0"/></net>

<net id="414"><net_src comp="80" pin="0"/><net_sink comp="409" pin=1"/></net>

<net id="419"><net_src comp="389" pin="3"/><net_sink comp="415" pin=0"/></net>

<net id="420"><net_src comp="409" pin="2"/><net_sink comp="415" pin=1"/></net>

<net id="425"><net_src comp="340" pin="3"/><net_sink comp="421" pin=0"/></net>

<net id="426"><net_src comp="80" pin="0"/><net_sink comp="421" pin=1"/></net>

<net id="431"><net_src comp="415" pin="2"/><net_sink comp="427" pin=0"/></net>

<net id="432"><net_src comp="80" pin="0"/><net_sink comp="427" pin=1"/></net>

<net id="437"><net_src comp="427" pin="2"/><net_sink comp="433" pin=0"/></net>

<net id="438"><net_src comp="340" pin="3"/><net_sink comp="433" pin=1"/></net>

<net id="443"><net_src comp="389" pin="3"/><net_sink comp="439" pin=0"/></net>

<net id="444"><net_src comp="433" pin="2"/><net_sink comp="439" pin=1"/></net>

<net id="449"><net_src comp="439" pin="2"/><net_sink comp="445" pin=0"/></net>

<net id="450"><net_src comp="421" pin="2"/><net_sink comp="445" pin=1"/></net>

<net id="455"><net_src comp="403" pin="2"/><net_sink comp="451" pin=0"/></net>

<net id="456"><net_src comp="389" pin="3"/><net_sink comp="451" pin=1"/></net>

<net id="461"><net_src comp="451" pin="2"/><net_sink comp="457" pin=0"/></net>

<net id="462"><net_src comp="80" pin="0"/><net_sink comp="457" pin=1"/></net>

<net id="467"><net_src comp="340" pin="3"/><net_sink comp="463" pin=0"/></net>

<net id="468"><net_src comp="457" pin="2"/><net_sink comp="463" pin=1"/></net>

<net id="474"><net_src comp="445" pin="2"/><net_sink comp="469" pin=0"/></net>

<net id="475"><net_src comp="82" pin="0"/><net_sink comp="469" pin=1"/></net>

<net id="476"><net_src comp="84" pin="0"/><net_sink comp="469" pin=2"/></net>

<net id="481"><net_src comp="445" pin="2"/><net_sink comp="477" pin=0"/></net>

<net id="482"><net_src comp="463" pin="2"/><net_sink comp="477" pin=1"/></net>

<net id="488"><net_src comp="477" pin="2"/><net_sink comp="483" pin=0"/></net>

<net id="489"><net_src comp="469" pin="3"/><net_sink comp="483" pin=1"/></net>

<net id="490"><net_src comp="383" pin="2"/><net_sink comp="483" pin=2"/></net>

<net id="496"><net_src comp="76" pin="0"/><net_sink comp="491" pin=0"/></net>

<net id="497"><net_src comp="483" pin="3"/><net_sink comp="491" pin=1"/></net>

<net id="498"><net_src comp="78" pin="0"/><net_sink comp="491" pin=2"/></net>

<net id="502"><net_src comp="483" pin="3"/><net_sink comp="499" pin=0"/></net>

<net id="508"><net_src comp="86" pin="0"/><net_sink comp="503" pin=0"/></net>

<net id="509"><net_src comp="483" pin="3"/><net_sink comp="503" pin=1"/></net>

<net id="510"><net_src comp="88" pin="0"/><net_sink comp="503" pin=2"/></net>

<net id="516"><net_src comp="90" pin="0"/><net_sink comp="511" pin=0"/></net>

<net id="517"><net_src comp="483" pin="3"/><net_sink comp="511" pin=1"/></net>

<net id="518"><net_src comp="92" pin="0"/><net_sink comp="511" pin=2"/></net>

<net id="523"><net_src comp="483" pin="3"/><net_sink comp="519" pin=0"/></net>

<net id="530"><net_src comp="94" pin="0"/><net_sink comp="524" pin=0"/></net>

<net id="531"><net_src comp="96" pin="0"/><net_sink comp="524" pin=2"/></net>

<net id="532"><net_src comp="98" pin="0"/><net_sink comp="524" pin=3"/></net>

<net id="538"><net_src comp="76" pin="0"/><net_sink comp="533" pin=0"/></net>

<net id="539"><net_src comp="100" pin="0"/><net_sink comp="533" pin=2"/></net>

<net id="544"><net_src comp="38" pin="0"/><net_sink comp="540" pin=1"/></net>

<net id="550"><net_src comp="76" pin="0"/><net_sink comp="545" pin=0"/></net>

<net id="551"><net_src comp="98" pin="0"/><net_sink comp="545" pin=2"/></net>

<net id="556"><net_src comp="540" pin="2"/><net_sink comp="552" pin=1"/></net>

<net id="561"><net_src comp="552" pin="2"/><net_sink comp="557" pin=0"/></net>

<net id="562"><net_src comp="533" pin="3"/><net_sink comp="557" pin=1"/></net>

<net id="566"><net_src comp="557" pin="2"/><net_sink comp="563" pin=0"/></net>

<net id="571"><net_src comp="524" pin="4"/><net_sink comp="567" pin=0"/></net>

<net id="572"><net_src comp="563" pin="1"/><net_sink comp="567" pin=1"/></net>

<net id="578"><net_src comp="102" pin="0"/><net_sink comp="573" pin=0"/></net>

<net id="579"><net_src comp="567" pin="2"/><net_sink comp="573" pin=1"/></net>

<net id="580"><net_src comp="104" pin="0"/><net_sink comp="573" pin=2"/></net>

<net id="585"><net_src comp="573" pin="3"/><net_sink comp="581" pin=0"/></net>

<net id="586"><net_src comp="80" pin="0"/><net_sink comp="581" pin=1"/></net>

<net id="591"><net_src comp="545" pin="3"/><net_sink comp="587" pin=0"/></net>

<net id="592"><net_src comp="581" pin="2"/><net_sink comp="587" pin=1"/></net>

<net id="598"><net_src comp="76" pin="0"/><net_sink comp="593" pin=0"/></net>

<net id="599"><net_src comp="92" pin="0"/><net_sink comp="593" pin=2"/></net>

<net id="604"><net_src comp="106" pin="0"/><net_sink comp="600" pin=1"/></net>

<net id="609"><net_src comp="108" pin="0"/><net_sink comp="605" pin=1"/></net>

<net id="614"><net_src comp="110" pin="0"/><net_sink comp="610" pin=1"/></net>

<net id="620"><net_src comp="587" pin="2"/><net_sink comp="615" pin=0"/></net>

<net id="621"><net_src comp="605" pin="2"/><net_sink comp="615" pin=1"/></net>

<net id="622"><net_src comp="610" pin="2"/><net_sink comp="615" pin=2"/></net>

<net id="627"><net_src comp="593" pin="3"/><net_sink comp="623" pin=0"/></net>

<net id="628"><net_src comp="80" pin="0"/><net_sink comp="623" pin=1"/></net>

<net id="633"><net_src comp="600" pin="2"/><net_sink comp="629" pin=0"/></net>

<net id="634"><net_src comp="623" pin="2"/><net_sink comp="629" pin=1"/></net>

<net id="640"><net_src comp="587" pin="2"/><net_sink comp="635" pin=0"/></net>

<net id="641"><net_src comp="629" pin="2"/><net_sink comp="635" pin=1"/></net>

<net id="642"><net_src comp="605" pin="2"/><net_sink comp="635" pin=2"/></net>

<net id="647"><net_src comp="587" pin="2"/><net_sink comp="643" pin=0"/></net>

<net id="648"><net_src comp="605" pin="2"/><net_sink comp="643" pin=1"/></net>

<net id="653"><net_src comp="615" pin="3"/><net_sink comp="649" pin=0"/></net>

<net id="654"><net_src comp="80" pin="0"/><net_sink comp="649" pin=1"/></net>

<net id="659"><net_src comp="573" pin="3"/><net_sink comp="655" pin=0"/></net>

<net id="660"><net_src comp="649" pin="2"/><net_sink comp="655" pin=1"/></net>

<net id="665"><net_src comp="80" pin="0"/><net_sink comp="661" pin=1"/></net>

<net id="670"><net_src comp="655" pin="2"/><net_sink comp="666" pin=0"/></net>

<net id="671"><net_src comp="661" pin="2"/><net_sink comp="666" pin=1"/></net>

<net id="676"><net_src comp="573" pin="3"/><net_sink comp="672" pin=0"/></net>

<net id="677"><net_src comp="635" pin="3"/><net_sink comp="672" pin=1"/></net>

<net id="682"><net_src comp="643" pin="2"/><net_sink comp="678" pin=0"/></net>

<net id="683"><net_src comp="672" pin="2"/><net_sink comp="678" pin=1"/></net>

<net id="688"><net_src comp="678" pin="2"/><net_sink comp="684" pin=0"/></net>

<net id="689"><net_src comp="80" pin="0"/><net_sink comp="684" pin=1"/></net>

<net id="694"><net_src comp="684" pin="2"/><net_sink comp="690" pin=1"/></net>

<net id="699"><net_src comp="666" pin="2"/><net_sink comp="695" pin=0"/></net>

<net id="700"><net_src comp="690" pin="2"/><net_sink comp="695" pin=1"/></net>

<net id="708"><net_src comp="701" pin="1"/><net_sink comp="704" pin=0"/></net>

<net id="709"><net_src comp="120" pin="0"/><net_sink comp="704" pin=1"/></net>

<net id="715"><net_src comp="704" pin="2"/><net_sink comp="710" pin=1"/></net>

<net id="716"><net_src comp="701" pin="1"/><net_sink comp="710" pin=2"/></net>

<net id="720"><net_src comp="710" pin="3"/><net_sink comp="717" pin=0"/></net>

<net id="721"><net_src comp="717" pin="1"/><net_sink comp="175" pin=2"/></net>

<net id="727"><net_src comp="124" pin="0"/><net_sink comp="722" pin=1"/></net>

<net id="728"><net_src comp="126" pin="0"/><net_sink comp="722" pin=2"/></net>

<net id="734"><net_src comp="722" pin="3"/><net_sink comp="729" pin=1"/></net>

<net id="735"><net_src comp="729" pin="3"/><net_sink comp="182" pin=1"/></net>

<net id="740"><net_src comp="710" pin="3"/><net_sink comp="736" pin=0"/></net>

<net id="744"><net_src comp="128" pin="1"/><net_sink comp="741" pin=0"/></net>

<net id="745"><net_src comp="741" pin="1"/><net_sink comp="207" pin=1"/></net>

<net id="746"><net_src comp="741" pin="1"/><net_sink comp="304" pin=0"/></net>

<net id="747"><net_src comp="741" pin="1"/><net_sink comp="519" pin=1"/></net>

<net id="751"><net_src comp="132" pin="1"/><net_sink comp="748" pin=0"/></net>

<net id="752"><net_src comp="748" pin="1"/><net_sink comp="202" pin=1"/></net>

<net id="753"><net_src comp="748" pin="1"/><net_sink comp="227" pin=0"/></net>

<net id="754"><net_src comp="748" pin="1"/><net_sink comp="260" pin=1"/></net>

<net id="758"><net_src comp="136" pin="1"/><net_sink comp="755" pin=0"/></net>

<net id="759"><net_src comp="755" pin="1"/><net_sink comp="197" pin=1"/></net>

<net id="760"><net_src comp="755" pin="1"/><net_sink comp="701" pin=0"/></net>

<net id="761"><net_src comp="755" pin="1"/><net_sink comp="736" pin=1"/></net>

<net id="765"><net_src comp="140" pin="1"/><net_sink comp="762" pin=0"/></net>

<net id="766"><net_src comp="762" pin="1"/><net_sink comp="192" pin=1"/></net>

<net id="767"><net_src comp="762" pin="1"/><net_sink comp="212" pin=0"/></net>

<net id="768"><net_src comp="762" pin="1"/><net_sink comp="255" pin=1"/></net>

<net id="772"><net_src comp="215" pin="2"/><net_sink comp="769" pin=0"/></net>

<net id="776"><net_src comp="230" pin="2"/><net_sink comp="773" pin=0"/></net>

<net id="777"><net_src comp="773" pin="1"/><net_sink comp="307" pin=0"/></net>

<net id="778"><net_src comp="773" pin="1"/><net_sink comp="710" pin=0"/></net>

<net id="782"><net_src comp="162" pin="3"/><net_sink comp="779" pin=0"/></net>

<net id="783"><net_src comp="779" pin="1"/><net_sink comp="169" pin=0"/></net>

<net id="787"><net_src comp="249" pin="2"/><net_sink comp="784" pin=0"/></net>

<net id="788"><net_src comp="784" pin="1"/><net_sink comp="299" pin=0"/></net>

<net id="792"><net_src comp="188" pin="2"/><net_sink comp="789" pin=0"/></net>

<net id="793"><net_src comp="789" pin="1"/><net_sink comp="326" pin=0"/></net>

<net id="794"><net_src comp="789" pin="1"/><net_sink comp="329" pin=1"/></net>

<net id="795"><net_src comp="789" pin="1"/><net_sink comp="358" pin=1"/></net>

<net id="799"><net_src comp="299" pin="2"/><net_sink comp="796" pin=0"/></net>

<net id="803"><net_src comp="483" pin="3"/><net_sink comp="800" pin=0"/></net>

<net id="804"><net_src comp="800" pin="1"/><net_sink comp="524" pin=1"/></net>

<net id="805"><net_src comp="800" pin="1"/><net_sink comp="533" pin=1"/></net>

<net id="806"><net_src comp="800" pin="1"/><net_sink comp="545" pin=1"/></net>

<net id="807"><net_src comp="800" pin="1"/><net_sink comp="593" pin=1"/></net>

<net id="811"><net_src comp="491" pin="3"/><net_sink comp="808" pin=0"/></net>

<net id="812"><net_src comp="808" pin="1"/><net_sink comp="552" pin=0"/></net>

<net id="813"><net_src comp="808" pin="1"/><net_sink comp="661" pin=0"/></net>

<net id="814"><net_src comp="808" pin="1"/><net_sink comp="690" pin=0"/></net>

<net id="818"><net_src comp="499" pin="1"/><net_sink comp="815" pin=0"/></net>

<net id="819"><net_src comp="815" pin="1"/><net_sink comp="540" pin=0"/></net>

<net id="823"><net_src comp="503" pin="3"/><net_sink comp="820" pin=0"/></net>

<net id="824"><net_src comp="820" pin="1"/><net_sink comp="600" pin=0"/></net>

<net id="828"><net_src comp="511" pin="3"/><net_sink comp="825" pin=0"/></net>

<net id="829"><net_src comp="825" pin="1"/><net_sink comp="605" pin=0"/></net>

<net id="830"><net_src comp="825" pin="1"/><net_sink comp="610" pin=0"/></net>

<net id="834"><net_src comp="567" pin="2"/><net_sink comp="831" pin=0"/></net>

<net id="835"><net_src comp="831" pin="1"/><net_sink comp="729" pin=2"/></net>

<net id="839"><net_src comp="666" pin="2"/><net_sink comp="836" pin=0"/></net>

<net id="840"><net_src comp="836" pin="1"/><net_sink comp="722" pin=0"/></net>

<net id="844"><net_src comp="695" pin="2"/><net_sink comp="841" pin=0"/></net>

<net id="845"><net_src comp="841" pin="1"/><net_sink comp="729" pin=0"/></net>

</net_list>

</model> 
---------------- Datapath Model END ------------------

* FSMD analyzer results:
  - Output states:
	Port: s_axis_input_V_data_V | {}
	Port: s_axis_input_V_keep_V | {}
	Port: s_axis_input_V_strb_V | {}
	Port: s_axis_input_V_user_V | {}
	Port: s_axis_input_V_last_V | {}
	Port: s_axis_input_V_id_V | {}
	Port: s_axis_input_V_dest_V | {}
	Port: act1 | {5 }
 - Input state : 
	Port: bnn_top_Pipeline_L1_W_L1_IN : s_axis_input_V_data_V | {2 }
	Port: bnn_top_Pipeline_L1_W_L1_IN : s_axis_input_V_keep_V | {2 }
	Port: bnn_top_Pipeline_L1_W_L1_IN : s_axis_input_V_strb_V | {2 }
	Port: bnn_top_Pipeline_L1_W_L1_IN : s_axis_input_V_user_V | {2 }
	Port: bnn_top_Pipeline_L1_W_L1_IN : s_axis_input_V_last_V | {2 }
	Port: bnn_top_Pipeline_L1_W_L1_IN : s_axis_input_V_id_V | {2 }
	Port: bnn_top_Pipeline_L1_W_L1_IN : s_axis_input_V_dest_V | {2 }
	Port: bnn_top_Pipeline_L1_W_L1_IN : input_r | {1 2 }
  - Chain level:
	State 1
		store_ln0 : 1
		store_ln26 : 1
		store_ln28 : 1
		store_ln27 : 1
		indvar_flatten_load : 1
		icmp_ln26 : 2
		add_ln26 : 2
		br_ln26 : 3
		i_1_load : 1
		icmp_ln28 : 2
		select_ln26 : 3
		zext_ln28 : 4
		input_addr : 5
		input_load : 6
		add_ln28 : 4
		store_ln26 : 3
		store_ln28 : 5
	State 2
		trunc_ln31 : 1
		shl_ln : 2
		shl_ln31_1 : 1
		sext_ln31 : 3
		sext_ln31_1 : 2
		mul_ln31 : 4
		br_ln28 : 1
	State 3
		select_ln26_2 : 1
		shl_ln31_2 : 2
		sext_ln31_2 : 3
		add_ln31_1 : 3
		add_ln31 : 4
		tmp : 5
		acc_2 : 4
		tmp_31 : 4
		and_ln31 : 6
		zext_ln31 : 6
		acc : 7
		tmp_32 : 8
		xor_ln31 : 9
		and_ln31_1 : 9
		xor_ln31_2 : 5
		or_ln31 : 9
		xor_ln31_1 : 6
		xor_ln31_4 : 9
		xor_ln31_3 : 9
		or_ln31_1 : 9
		and_ln31_2 : 9
		or_ln31_3 : 9
		xor_ln31_5 : 9
		and_ln31_3 : 9
		select_ln31 : 9
		or_ln31_2 : 9
		acc_9 : 9
		tmp_33 : 10
		trunc_ln33 : 10
		tmp_8 : 10
		tmp_9 : 10
		store_ln27 : 10
	State 4
		or_ln33 : 1
		and_ln33 : 1
		zext_ln33 : 1
		add_ln33 : 2
		tmp_36 : 3
		xor_ln33 : 4
		and_ln33_1 : 4
		select_ln33 : 4
		xor_ln33_1 : 1
		and_ln33_2 : 1
		select_ln33_1 : 4
		and_ln33_3 : 4
		xor_ln33_2 : 5
		or_ln33_1 : 5
		and_ln33_4 : 5
		and_ln33_5 : 5
		or_ln33_3 : 5
		xor_ln33_4 : 5
		and_ln33_6 : 5
		or_ln33_2 : 5
	State 5
		add_ln26_1 : 1
		select_ln26_1 : 2
		zext_ln26 : 3
		select_ln33_3 : 1
		act1_addr : 4
		store_ln33 : 5
		store_ln26 : 3


============================================================
+ Verbose Summary: Datapath Resource usage 
============================================================

* Functional unit list:
|----------|----------------------|---------|---------|---------|
| Operation|    Functional Unit   |   DSP   |    FF   |   LUT   |
|----------|----------------------|---------|---------|---------|
|          |    add_ln26_fu_221   |    0    |    0    |    20   |
|          |    add_ln28_fu_249   |    0    |    0    |    14   |
|          |   add_ln31_1_fu_329  |    0    |    0    |    59   |
|    add   |    add_ln31_fu_334   |    0    |    0    |    59   |
|          |      acc_fu_383      |    0    |    0    |    39   |
|          |    add_ln33_fu_567   |    0    |    0    |    23   |
|          |   add_ln26_1_fu_704  |    0    |    0    |    14   |
|----------|----------------------|---------|---------|---------|
|          |  select_ln26_fu_236  |    0    |    0    |    7    |
|          | select_ln26_2_fu_307 |    0    |    0    |    32   |
|          |  select_ln31_fu_469  |    0    |    0    |    32   |
|          |     acc_9_fu_483     |    0    |    0    |    32   |
|  select  |  select_ln33_fu_615  |    0    |    0    |    2    |
|          | select_ln33_1_fu_635 |    0    |    0    |    2    |
|          | select_ln26_1_fu_710 |    0    |    0    |    9    |
|          | select_ln33_2_fu_722 |    0    |    0    |    16   |
|          | select_ln33_3_fu_729 |    0    |    0    |    16   |
|----------|----------------------|---------|---------|---------|
|          |   icmp_ln26_fu_215   |    0    |    0    |    20   |
|          |   icmp_ln28_fu_230   |    0    |    0    |    14   |
|          |  icmp_ln28_1_fu_299  |    0    |    0    |    14   |
|   icmp   |   icmp_ln33_fu_540   |    0    |    0    |    14   |
|          |  icmp_ln33_1_fu_600  |    0    |    0    |    13   |
|          |  icmp_ln33_2_fu_605  |    0    |    0    |    14   |
|          |  icmp_ln33_3_fu_610  |    0    |    0    |    14   |
|----------|----------------------|---------|---------|---------|
|    mul   |    mul_ln31_fu_188   |    3    |    0    |    43   |
|----------|----------------------|---------|---------|---------|
|          |    and_ln31_fu_373   |    0    |    0    |    2    |
|          |   and_ln31_1_fu_403  |    0    |    0    |    2    |
|          |   and_ln31_2_fu_445  |    0    |    0    |    2    |
|          |   and_ln31_3_fu_463  |    0    |    0    |    2    |
|          |    and_ln33_fu_557   |    0    |    0    |    2    |
|    and   |   and_ln33_1_fu_587  |    0    |    0    |    2    |
|          |   and_ln33_2_fu_629  |    0    |    0    |    2    |
|          |   and_ln33_3_fu_643  |    0    |    0    |    2    |
|          |   and_ln33_4_fu_666  |    0    |    0    |    2    |
|          |   and_ln33_5_fu_672  |    0    |    0    |    2    |
|          |   and_ln33_6_fu_690  |    0    |    0    |    2    |
|----------|----------------------|---------|---------|---------|
|          |    xor_ln31_fu_397   |    0    |    0    |    2    |
|          |   xor_ln31_2_fu_409  |    0    |    0    |    2    |
|          |   xor_ln31_1_fu_421  |    0    |    0    |    2    |
|          |   xor_ln31_4_fu_427  |    0    |    0    |    2    |
|          |   xor_ln31_3_fu_433  |    0    |    0    |    2    |
|    xor   |   xor_ln31_5_fu_457  |    0    |    0    |    2    |
|          |    xor_ln33_fu_581   |    0    |    0    |    2    |
|          |   xor_ln33_1_fu_623  |    0    |    0    |    2    |
|          |   xor_ln33_2_fu_649  |    0    |    0    |    2    |
|          |   xor_ln33_3_fu_661  |    0    |    0    |    2    |
|          |   xor_ln33_4_fu_684  |    0    |    0    |    2    |
|----------|----------------------|---------|---------|---------|
|          |    or_ln31_fu_415    |    0    |    0    |    2    |
|          |   or_ln31_1_fu_439   |    0    |    0    |    2    |
|          |   or_ln31_3_fu_451   |    0    |    0    |    2    |
|    or    |   or_ln31_2_fu_477   |    0    |    0    |    2    |
|          |    or_ln33_fu_552    |    0    |    0    |    2    |
|          |   or_ln33_1_fu_655   |    0    |    0    |    2    |
|          |   or_ln33_3_fu_678   |    0    |    0    |    2    |
|          |   or_ln33_2_fu_695   |    0    |    0    |    2    |
|----------|----------------------|---------|---------|---------|
|   read   |   empty_read_fu_144  |    0    |    0    |    0    |
|----------|----------------------|---------|---------|---------|
|          |   zext_ln28_fu_244   |    0    |    0    |    0    |
|   zext   |   zext_ln31_fu_379   |    0    |    0    |    0    |
|          |   zext_ln33_fu_563   |    0    |    0    |    0    |
|          |   zext_ln26_fu_717   |    0    |    0    |    0    |
|----------|----------------------|---------|---------|---------|
|extractvalue|      p_s_fu_265      |    0    |    0    |    0    |
|----------|----------------------|---------|---------|---------|
|   trunc  |   trunc_ln31_fu_269  |    0    |    0    |    0    |
|          |   trunc_ln33_fu_499  |    0    |    0    |    0    |
|----------|----------------------|---------|---------|---------|
|          |     shl_ln_fu_273    |    0    |    0    |    0    |
|bitconcatenate|   shl_ln31_1_fu_281  |    0    |    0    |    0    |
|          |   shl_ln31_2_fu_314  |    0    |    0    |    0    |
|----------|----------------------|---------|---------|---------|
|          |   sext_ln31_fu_289   |    0    |    0    |    0    |
|   sext   |  sext_ln31_1_fu_294  |    0    |    0    |    0    |
|          |  sext_ln31_2_fu_322  |    0    |    0    |    0    |
|          |  sext_ln31_3_fu_326  |    0    |    0    |    0    |
|----------|----------------------|---------|---------|---------|
|          |      tmp_fu_340      |    0    |    0    |    0    |
|          |     tmp_30_fu_358    |    0    |    0    |    0    |
|          |     tmp_31_fu_365    |    0    |    0    |    0    |
|          |     tmp_32_fu_389    |    0    |    0    |    0    |
| bitselect|     tmp_33_fu_491    |    0    |    0    |    0    |
|          |     tmp_34_fu_533    |    0    |    0    |    0    |
|          |     tmp_35_fu_545    |    0    |    0    |    0    |
|          |     tmp_36_fu_573    |    0    |    0    |    0    |
|          |     tmp_37_fu_593    |    0    |    0    |    0    |
|----------|----------------------|---------|---------|---------|
|          |     acc_2_fu_348     |    0    |    0    |    0    |
|partselect|     tmp_8_fu_503     |    0    |    0    |    0    |
|          |     tmp_9_fu_511     |    0    |    0    |    0    |
|          |    trunc_ln_fu_524   |    0    |    0    |    0    |
|----------|----------------------|---------|---------|---------|
|   Total  |                      |    3    |    0    |   582   |
|----------|----------------------|---------|---------|---------|

Memories:
N/A

* Register list:
+----------------------+--------+
|                      |   FF   |
+----------------------+--------+
|     acc_1_reg_741    |   32   |
|     acc_9_reg_800    |   32   |
|   add_ln28_reg_784   |    7   |
|   add_ln33_reg_831   |   16   |
|  and_ln33_4_reg_836  |    1   |
|      i_1_reg_748     |    7   |
|   icmp_ln26_reg_769  |    1   |
|  icmp_ln28_1_reg_796 |    1   |
|   icmp_ln28_reg_773  |    1   |
|indvar_flatten_reg_762|   15   |
|  input_addr_reg_779  |    6   |
|   mul_ln31_reg_789   |   52   |
|       o_reg_755      |    9   |
|   or_ln33_2_reg_841  |    1   |
|    tmp_33_reg_808    |    1   |
|     tmp_8_reg_820    |    5   |
|     tmp_9_reg_825    |    6   |
|  trunc_ln33_reg_815  |    9   |
+----------------------+--------+
|         Total        |   202  |
+----------------------+--------+

* Multiplexer (MUX) list: 
|-------------------|------|------|------|--------||---------||---------||---------|
|        Comp       |  Pin | Size |  BW  | S x BW ||  Delay  ||    FF   ||   LUT   |
|-------------------|------|------|------|--------||---------||---------||---------|
| grp_access_fu_169 |  p0  |   2  |   6  |   12   ||    0    ||    9    |
|-------------------|------|------|------|--------||---------||---------||---------|
|       Total       |      |      |      |   12   ||  1.588  ||    0    ||    9    |
|-------------------|------|------|------|--------||---------||---------||---------|



* Summary:
+-----------+--------+--------+--------+--------+
|           |   DSP  |  Delay |   FF   |   LUT  |
+-----------+--------+--------+--------+--------+
|  Function |    3   |    -   |    0   |   582  |
|   Memory  |    -   |    -   |    -   |    -   |
|Multiplexer|    -   |    1   |    0   |    9   |
|  Register |    -   |    -   |   202  |    -   |
+-----------+--------+--------+--------+--------+
|   Total   |    3   |    1   |   202  |   591  |
+-----------+--------+--------+--------+--------+
