Copyright 1986-2022 Xilinx, Inc. All Rights Reserved. Copyright 2022-2024 Advanced Micro Devices, Inc. All Rights Reserved.
---------------------------------------------------------------------------------------------------------------------------------------------------------------------------------------------------------------------------------------------------------------------------------------
| Tool Version : Vivado v.2024.2 (win64) Build 5239630 Fri Nov 08 22:35:27 MST 2024
| Date         : Sat May  9 00:21:18 2026
| Host         : LAPTOP-VNMTQE0B running 64-bit major release  (build 9200)
| Command      : report_timing_summary -max_paths 10 -report_unconstrained -file bnn_accelerator_design_wrapper_timing_summary_routed.rpt -pb bnn_accelerator_design_wrapper_timing_summary_routed.pb -rpx bnn_accelerator_design_wrapper_timing_summary_routed.rpx -warn_on_violation
| Design       : bnn_accelerator_design_wrapper
| Device       : 7z020-clg400
| Speed File   : -1  PRODUCTION 1.12 2019-11-22
| Design State : Routed
---------------------------------------------------------------------------------------------------------------------------------------------------------------------------------------------------------------------------------------------------------------------------------------

Timing Summary Report

------------------------------------------------------------------------------------------------
| Timer Settings
| --------------
------------------------------------------------------------------------------------------------

  Enable Multi Corner Analysis               :  Yes
  Enable Pessimism Removal                   :  Yes
  Pessimism Removal Resolution               :  Nearest Common Node
  Enable Input Delay Default Clock           :  No
  Enable Preset / Clear Arcs                 :  No
  Disable Flight Delays                      :  No
  Ignore I/O Paths                           :  No
  Timing Early Launch at Borrowing Latches   :  No
  Borrow Time for Max Delay Exceptions       :  Yes
  Merge Timing Exceptions                    :  Yes
  Inter-SLR Compensation                     :  Conservative

  Corner  Analyze    Analyze    
  Name    Max Paths  Min Paths  
  ------  ---------  ---------  
  Slow    Yes        Yes        
  Fast    Yes        Yes        


------------------------------------------------------------------------------------------------
| Report Methodology
| ------------------
------------------------------------------------------------------------------------------------

Rule     Severity  Description                   Violations  
-------  --------  ----------------------------  ----------  
LUTAR-1  Warning   LUT drives async reset alert  3           

Note: This report is based on the most recent report_methodology run and may not be up-to-date. Run report_methodology on the current design for the latest report.



check_timing report

Table of Contents
-----------------
1. checking no_clock (0)
2. checking constant_clock (0)
3. checking pulse_width_clock (0)
4. checking unconstrained_internal_endpoints (0)
5. checking no_input_delay (0)
6. checking no_output_delay (0)
7. checking multiple_clock (0)
8. checking generated_clocks (0)
9. checking loops (0)
10. checking partial_input_delay (0)
11. checking partial_output_delay (0)
12. checking latch_loops (0)

1. checking no_clock (0)
------------------------
 There are 0 register/latch pins with no clock.


2. checking constant_clock (0)
------------------------------
 There are 0 register/latch pins with constant_clock.


3. checking pulse_width_clock (0)
---------------------------------
 There are 0 register/latch pins which need pulse_width check


4. checking unconstrained_internal_endpoints (0)
------------------------------------------------
 There are 0 pins that are not constrained for maximum delay.

 There are 0 pins that are not constrained for maximum delay due to constant clock.


5. checking no_input_delay (0)
------------------------------
 There are 0 input ports with no input delay specified.

 There are 0 input ports with no input delay but user has a false path constraint.


6. checking no_output_delay (0)
-------------------------------
 There are 0 ports with no output delay specified.

 There are 0 ports with no output delay but user has a false path constraint

 There are 0 ports with no output delay but with a timing clock defined on it or propagating through it


7. checking multiple_clock (0)
------------------------------
 There are 0 register/latch pins with multiple clocks.


8. checking generated_clocks (0)
--------------------------------
 There are 0 generated clocks that are not connected to a clock source.


9. checking loops (0)
---------------------
 There are 0 combinational loops in the design.


10. checking partial_input_delay (0)
------------------------------------
 There are 0 input ports with partial input delay specified.


11. checking partial_output_delay (0)
-------------------------------------
 There are 0 ports with partial output delay specified.


12. checking latch_loops (0)
----------------------------
 There are 0 combinational latch loops in the design through latch input



------------------------------------------------------------------------------------------------
| Design Timing Summary
| ---------------------
------------------------------------------------------------------------------------------------

    WNS(ns)      TNS(ns)  TNS Failing Endpoints  TNS Total Endpoints      WHS(ns)      THS(ns)  THS Failing Endpoints  THS Total Endpoints     WPWS(ns)     TPWS(ns)  TPWS Failing Endpoints  TPWS Total Endpoints  
    -------      -------  ---------------------  -------------------      -------      -------  ---------------------  -------------------     --------     --------  ----------------------  --------------------  
     10.626        0.000                      0                 9522        0.042        0.000                      0                 9522        8.750        0.000                       0                  3767  


All user specified timing constraints are met.


------------------------------------------------------------------------------------------------
| Clock Summary
| -------------
------------------------------------------------------------------------------------------------

Clock       Waveform(ns)       Period(ns)      Frequency(MHz)
-----       ------------       ----------      --------------
clk_fpga_0  {0.000 10.000}     20.000          50.000          


------------------------------------------------------------------------------------------------
| Intra Clock Table
| -----------------
------------------------------------------------------------------------------------------------

Clock             WNS(ns)      TNS(ns)  TNS Failing Endpoints  TNS Total Endpoints      WHS(ns)      THS(ns)  THS Failing Endpoints  THS Total Endpoints     WPWS(ns)     TPWS(ns)  TPWS Failing Endpoints  TPWS Total Endpoints  
-----             -------      -------  ---------------------  -------------------      -------      -------  ---------------------  -------------------     --------     --------  ----------------------  --------------------  
clk_fpga_0         10.626        0.000                      0                 9426        0.042        0.000                      0                 9426        8.750        0.000                       0                  3767  


------------------------------------------------------------------------------------------------
| Inter Clock Table
| -----------------
------------------------------------------------------------------------------------------------

From Clock    To Clock          WNS(ns)      TNS(ns)  TNS Failing Endpoints  TNS Total Endpoints      WHS(ns)      THS(ns)  THS Failing Endpoints  THS Total Endpoints  
----------    --------          -------      -------  ---------------------  -------------------      -------      -------  ---------------------  -------------------  


------------------------------------------------------------------------------------------------
| Other Path Groups Table
| -----------------------
------------------------------------------------------------------------------------------------

Path Group         From Clock         To Clock               WNS(ns)      TNS(ns)  TNS Failing Endpoints  TNS Total Endpoints      WHS(ns)      THS(ns)  THS Failing Endpoints  THS Total Endpoints  
----------         ----------         --------               -------      -------  ---------------------  -------------------      -------      -------  ---------------------  -------------------  
**async_default**  clk_fpga_0         clk_fpga_0              16.358        0.000                      0                   96        0.528        0.000                      0                   96  


------------------------------------------------------------------------------------------------
| User Ignored Path Table
| -----------------------
------------------------------------------------------------------------------------------------

Path Group    From Clock    To Clock    
----------    ----------    --------    
(none)                      clk_fpga_0    
(none)        clk_fpga_0    clk_fpga_0    


------------------------------------------------------------------------------------------------
| Unconstrained Path Table
| ------------------------
------------------------------------------------------------------------------------------------

Path Group    From Clock    To Clock    
----------    ----------    --------    


------------------------------------------------------------------------------------------------
| Timing Details
| --------------
------------------------------------------------------------------------------------------------


---------------------------------------------------------------------------------------------------
From Clock:  clk_fpga_0
  To Clock:  clk_fpga_0

Setup :            0  Failing Endpoints,  Worst Slack       10.626ns,  Total Violation        0.000ns
Hold  :            0  Failing Endpoints,  Worst Slack        0.042ns,  Total Violation        0.000ns
PW    :            0  Failing Endpoints,  Worst Slack        8.750ns,  Total Violation        0.000ns
---------------------------------------------------------------------------------------------------


Max Delay Paths
--------------------------------------------------------------------------------------
Slack (MET) :             10.626ns  (required time - arrival time)
  Source:                 bnn_accelerator_design_i/processing_system7_0/inst/PS7_i/SAXIHP0ACLK
                            (rising edge-triggered cell PS7 clocked by clk_fpga_0  {rise@0.000ns fall@10.000ns period=20.000ns})
  Destination:            bnn_accelerator_design_i/axi_mem_intercon/s01_couplers/auto_us/inst/gen_upsizer.gen_full_upsizer.axi_upsizer_inst/USE_WRITE.gen_non_fifo_w_upsizer.write_data_inst/WORD_LANE[0].USE_ALWAYS_PACKER.BYTE_LANE[1].USE_RTL_DATA.USE_REGISTER.M_AXI_WDATA_I_reg[8]/CE
                            (rising edge-triggered cell FDRE clocked by clk_fpga_0  {rise@0.000ns fall@10.000ns period=20.000ns})
  Path Group:             clk_fpga_0
  Path Type:              Setup (Max at Slow Process Corner)
  Requirement:            20.000ns  (clk_fpga_0 rise@20.000ns - clk_fpga_0 rise@0.000ns)
  Data Path Delay:        8.627ns  (logic 2.249ns (26.068%)  route 6.378ns (73.932%))
  Logic Levels:           6  (LUT3=1 LUT4=2 LUT5=2 LUT6=1)
  Clock Path Skew:        -0.240ns (DCD - SCD + CPR)
    Destination Clock Delay (DCD):    2.759ns = ( 22.760 - 20.000 ) 
    Source Clock Delay      (SCD):    3.114ns
    Clock Pessimism Removal (CPR):    0.115ns
  Clock Uncertainty:      0.302ns  ((TSJ^2 + TIJ^2)^1/2 + DJ) / 2 + PE
    Total System Jitter     (TSJ):    0.071ns
    Total Input Jitter      (TIJ):    0.600ns
    Discrete Jitter          (DJ):    0.000ns
    Phase Error              (PE):    0.000ns

    Location             Delay type                Incr(ns)  Path(ns)    Netlist Resource(s)
  -------------------------------------------------------------------    -------------------
                         (clock clk_fpga_0 rise edge)
                                                      0.000     0.000 r  
    PS7_X0Y0             PS7                          0.000     0.000 r  bnn_accelerator_design_i/processing_system7_0/inst/PS7_i/FCLKCLK[0]
                         net (fo=1, routed)           1.193     1.193    bnn_accelerator_design_i/processing_system7_0/inst/FCLK_CLK_unbuffered[0]
    BUFGCTRL_X0Y16       BUFG (Prop_bufg_I_O)         0.101     1.294 r  bnn_accelerator_design_i/processing_system7_0/inst/buffer_fclk_clk_0.FCLK_CLK_0_BUFG/O
                         net (fo=3768, routed)        1.820     3.114    bnn_accelerator_design_i/processing_system7_0/inst/S_AXI_HP0_ACLK
    PS7_X0Y0             PS7                                          r  bnn_accelerator_design_i/processing_system7_0/inst/PS7_i/SAXIHP0ACLK
  -------------------------------------------------------------------    -------------------
    PS7_X0Y0             PS7 (Prop_ps7_SAXIHP0ACLK_SAXIHP0WREADY)
                                                      1.277     4.391 r  bnn_accelerator_design_i/processing_system7_0/inst/PS7_i/SAXIHP0WREADY
                         net (fo=5, routed)           2.132     6.524    bnn_accelerator_design_i/axi_mem_intercon/m00_couplers/auto_pc/inst/gen_axi4_axi3.axi3_conv_inst/USE_WRITE.write_addr_inst/USE_BURSTS.cmd_queue/inst/m_axi_wready
    SLICE_X12Y33         LUT3 (Prop_lut3_I2_O)        0.148     6.672 r  bnn_accelerator_design_i/axi_mem_intercon/m00_couplers/auto_pc/inst/gen_axi4_axi3.axi3_conv_inst/USE_WRITE.write_addr_inst/USE_BURSTS.cmd_queue/inst/s_axi_wready_INST_0/O
                         net (fo=8, routed)           0.750     7.422    bnn_accelerator_design_i/axi_mem_intercon/xbar/inst/gen_samd.crossbar_samd/gen_master_slots[0].gen_mi_write.wdata_mux_w/gen_wmux.wmux_aw_fifo/m_axi_wready[0]
    SLICE_X13Y36         LUT4 (Prop_lut4_I2_O)        0.328     7.750 r  bnn_accelerator_design_i/axi_mem_intercon/xbar/inst/gen_samd.crossbar_samd/gen_master_slots[0].gen_mi_write.wdata_mux_w/gen_wmux.wmux_aw_fifo/s_axi_wready[1]_INST_0_i_1/O
                         net (fo=2, routed)           0.276     8.025    bnn_accelerator_design_i/axi_mem_intercon/xbar/inst/gen_samd.crossbar_samd/gen_master_slots[1].gen_mi_write.wdata_mux_w/gen_wmux.wmux_aw_fifo/s_axi_wready[1]
    SLICE_X13Y36         LUT6 (Prop_lut6_I0_O)        0.124     8.149 r  bnn_accelerator_design_i/axi_mem_intercon/xbar/inst/gen_samd.crossbar_samd/gen_master_slots[1].gen_mi_write.wdata_mux_w/gen_wmux.wmux_aw_fifo/s_axi_wready[1]_INST_0/O
                         net (fo=22, routed)          0.726     8.875    bnn_accelerator_design_i/axi_mem_intercon/s01_couplers/auto_us/inst/gen_upsizer.gen_full_upsizer.axi_upsizer_inst/USE_WRITE.gen_non_fifo_w_upsizer.write_data_inst/m_axi_wready
    SLICE_X19Y37         LUT4 (Prop_lut4_I1_O)        0.124     8.999 r  bnn_accelerator_design_i/axi_mem_intercon/s01_couplers/auto_us/inst/gen_upsizer.gen_full_upsizer.axi_upsizer_inst/USE_WRITE.gen_non_fifo_w_upsizer.write_data_inst/WORD_LANE[1].USE_ALWAYS_PACKER.BYTE_LANE[3].USE_RTL_DATA.USE_REGISTER.M_AXI_WDATA_I[63]_i_7/O
                         net (fo=2, routed)           0.619     9.618    bnn_accelerator_design_i/axi_mem_intercon/s01_couplers/auto_us/inst/gen_upsizer.gen_full_upsizer.axi_upsizer_inst/USE_WRITE.gen_non_fifo_w_upsizer.write_data_inst/WORD_LANE[1].USE_ALWAYS_PACKER.BYTE_LANE[3].USE_RTL_DATA.USE_REGISTER.M_AXI_WDATA_I[63]_i_7_n_0
    SLICE_X20Y39         LUT5 (Prop_lut5_I0_O)        0.124     9.742 r  bnn_accelerator_design_i/axi_mem_intercon/s01_couplers/auto_us/inst/gen_upsizer.gen_full_upsizer.axi_upsizer_inst/USE_WRITE.gen_non_fifo_w_upsizer.write_data_inst/WORD_LANE[0].USE_ALWAYS_PACKER.BYTE_LANE[3].USE_RTL_DATA.USE_REGISTER.M_AXI_WDATA_I[31]_i_3/O
                         net (fo=40, routed)          1.237    10.979    bnn_accelerator_design_i/axi_mem_intercon/s01_couplers/auto_us/inst/gen_upsizer.gen_full_upsizer.axi_upsizer_inst/USE_WRITE.gen_non_fifo_w_upsizer.write_data_inst/WORD_LANE[0].USE_ALWAYS_PACKER.BYTE_LANE[3].USE_RTL_DATA.USE_REGISTER.M_AXI_WDATA_I[31]_i_3_n_0
    SLICE_X19Y47         LUT5 (Prop_lut5_I1_O)        0.124    11.103 r  bnn_accelerator_design_i/axi_mem_intercon/s01_couplers/auto_us/inst/gen_upsizer.gen_full_upsizer.axi_upsizer_inst/USE_WRITE.gen_non_fifo_w_upsizer.write_data_inst/WORD_LANE[0].USE_ALWAYS_PACKER.BYTE_LANE[1].USE_RTL_DATA.USE_REGISTER.M_AXI_WDATA_I[15]_i_1/O
                         net (fo=8, routed)           0.639    11.742    bnn_accelerator_design_i/axi_mem_intercon/s01_couplers/auto_us/inst/gen_upsizer.gen_full_upsizer.axi_upsizer_inst/USE_WRITE.gen_non_fifo_w_upsizer.write_data_inst/WORD_LANE[0].USE_ALWAYS_PACKER.BYTE_LANE[1].USE_RTL_DATA.USE_REGISTER.M_AXI_WDATA_I[15]_i_1_n_0
    SLICE_X19Y44         FDRE                                         r  bnn_accelerator_design_i/axi_mem_intercon/s01_couplers/auto_us/inst/gen_upsizer.gen_full_upsizer.axi_upsizer_inst/USE_WRITE.gen_non_fifo_w_upsizer.write_data_inst/WORD_LANE[0].USE_ALWAYS_PACKER.BYTE_LANE[1].USE_RTL_DATA.USE_REGISTER.M_AXI_WDATA_I_reg[8]/CE
  -------------------------------------------------------------------    -------------------

                         (clock clk_fpga_0 rise edge)
                                                     20.000    20.000 r  
    PS7_X0Y0             PS7                          0.000    20.000 r  bnn_accelerator_design_i/processing_system7_0/inst/PS7_i/FCLKCLK[0]
                         net (fo=1, routed)           1.088    21.088    bnn_accelerator_design_i/processing_system7_0/inst/FCLK_CLK_unbuffered[0]
    BUFGCTRL_X0Y16       BUFG (Prop_bufg_I_O)         0.091    21.179 r  bnn_accelerator_design_i/processing_system7_0/inst/buffer_fclk_clk_0.FCLK_CLK_0_BUFG/O
                         net (fo=3768, routed)        1.580    22.760    bnn_accelerator_design_i/axi_mem_intercon/s01_couplers/auto_us/inst/gen_upsizer.gen_full_upsizer.axi_upsizer_inst/USE_WRITE.gen_non_fifo_w_upsizer.write_data_inst/out
    SLICE_X19Y44         FDRE                                         r  bnn_accelerator_design_i/axi_mem_intercon/s01_couplers/auto_us/inst/gen_upsizer.gen_full_upsizer.axi_upsizer_inst/USE_WRITE.gen_non_fifo_w_upsizer.write_data_inst/WORD_LANE[0].USE_ALWAYS_PACKER.BYTE_LANE[1].USE_RTL_DATA.USE_REGISTER.M_AXI_WDATA_I_reg[8]/C
                         clock pessimism              0.115    22.874    
                         clock uncertainty           -0.302    22.572    
    SLICE_X19Y44         FDRE (Setup_fdre_C_CE)      -0.205    22.367    bnn_accelerator_design_i/axi_mem_intercon/s01_couplers/auto_us/inst/gen_upsizer.gen_full_upsizer.axi_upsizer_inst/USE_WRITE.gen_non_fifo_w_upsizer.write_data_inst/WORD_LANE[0].USE_ALWAYS_PACKER.BYTE_LANE[1].USE_RTL_DATA.USE_REGISTER.M_AXI_WDATA_I_reg[8]
  -------------------------------------------------------------------
                         required time                         22.367    
                         arrival time                         -11.742    
  -------------------------------------------------------------------
                         slack                                 10.626    

Slack (MET) :             10.626ns  (required time - arrival time)
  Source:                 bnn_accelerator_design_i/processing_system7_0/inst/PS7_i/SAXIHP0ACLK
                            (rising edge-triggered cell PS7 clocked by clk_fpga_0  {rise@0.000ns fall@10.000ns period=20.000ns})
  Destination:            bnn_accelerator_design_i/axi_mem_intercon/s01_couplers/auto_us/inst/gen_upsizer.gen_full_upsizer.axi_upsizer_inst/USE_WRITE.gen_non_fifo_w_upsizer.write_data_inst/WORD_LANE[0].USE_ALWAYS_PACKER.BYTE_LANE[1].USE_RTL_DATA.USE_REGISTER.M_AXI_WDATA_I_reg[9]/CE
                            (rising edge-triggered cell FDRE clocked by clk_fpga_0  {rise@0.000ns fall@10.000ns period=20.000ns})
  Path Group:             clk_fpga_0
  Path Type:              Setup (Max at Slow Process Corner)
  Requirement:            20.000ns  (clk_fpga_0 rise@20.000ns - clk_fpga_0 rise@0.000ns)
  Data Path Delay:        8.627ns  (logic 2.249ns (26.068%)  route 6.378ns (73.932%))
  Logic Levels:           6  (LUT3=1 LUT4=2 LUT5=2 LUT6=1)
  Clock Path Skew:        -0.240ns (DCD - SCD + CPR)
    Destination Clock Delay (DCD):    2.759ns = ( 22.760 - 20.000 ) 
    Source Clock Delay      (SCD):    3.114ns
    Clock Pessimism Removal (CPR):    0.115ns
  Clock Uncertainty:      0.302ns  ((TSJ^2 + TIJ^2)^1/2 + DJ) / 2 + PE
    Total System Jitter     (TSJ):    0.071ns
    Total Input Jitter      (TIJ):    0.600ns
    Discrete Jitter          (DJ):    0.000ns
    Phase Error              (PE):    0.000ns

    Location             Delay type                Incr(ns)  Path(ns)    Netlist Resource(s)
  -------------------------------------------------------------------    -------------------
                         (clock clk_fpga_0 rise edge)
                                                      0.000     0.000 r  
    PS7_X0Y0             PS7                          0.000     0.000 r  bnn_accelerator_design_i/processing_system7_0/inst/PS7_i/FCLKCLK[0]
                         net (fo=1, routed)           1.193     1.193    bnn_accelerator_design_i/processing_system7_0/inst/FCLK_CLK_unbuffered[0]
    BUFGCTRL_X0Y16       BUFG (Prop_bufg_I_O)         0.101     1.294 r  bnn_accelerator_design_i/processing_system7_0/inst/buffer_fclk_clk_0.FCLK_CLK_0_BUFG/O
                         net (fo=3768, routed)        1.820     3.114    bnn_accelerator_design_i/processing_system7_0/inst/S_AXI_HP0_ACLK
    PS7_X0Y0             PS7                                          r  bnn_accelerator_design_i/processing_system7_0/inst/PS7_i/SAXIHP0ACLK
  -------------------------------------------------------------------    -------------------
    PS7_X0Y0             PS7 (Prop_ps7_SAXIHP0ACLK_SAXIHP0WREADY)
                                                      1.277     4.391 r  bnn_accelerator_design_i/processing_system7_0/inst/PS7_i/SAXIHP0WREADY
                         net (fo=5, routed)           2.132     6.524    bnn_accelerator_design_i/axi_mem_intercon/m00_couplers/auto_pc/inst/gen_axi4_axi3.axi3_conv_inst/USE_WRITE.write_addr_inst/USE_BURSTS.cmd_queue/inst/m_axi_wready
    SLICE_X12Y33         LUT3 (Prop_lut3_I2_O)        0.148     6.672 r  bnn_accelerator_design_i/axi_mem_intercon/m00_couplers/auto_pc/inst/gen_axi4_axi3.axi3_conv_inst/USE_WRITE.write_addr_inst/USE_BURSTS.cmd_queue/inst/s_axi_wready_INST_0/O
                         net (fo=8, routed)           0.750     7.422    bnn_accelerator_design_i/axi_mem_intercon/xbar/inst/gen_samd.crossbar_samd/gen_master_slots[0].gen_mi_write.wdata_mux_w/gen_wmux.wmux_aw_fifo/m_axi_wready[0]
    SLICE_X13Y36         LUT4 (Prop_lut4_I2_O)        0.328     7.750 r  bnn_accelerator_design_i/axi_mem_intercon/xbar/inst/gen_samd.crossbar_samd/gen_master_slots[0].gen_mi_write.wdata_mux_w/gen_wmux.wmux_aw_fifo/s_axi_wready[1]_INST_0_i_1/O
                         net (fo=2, routed)           0.276     8.025    bnn_accelerator_design_i/axi_mem_intercon/xbar/inst/gen_samd.crossbar_samd/gen_master_slots[1].gen_mi_write.wdata_mux_w/gen_wmux.wmux_aw_fifo/s_axi_wready[1]
    SLICE_X13Y36         LUT6 (Prop_lut6_I0_O)        0.124     8.149 r  bnn_accelerator_design_i/axi_mem_intercon/xbar/inst/gen_samd.crossbar_samd/gen_master_slots[1].gen_mi_write.wdata_mux_w/gen_wmux.wmux_aw_fifo/s_axi_wready[1]_INST_0/O
                         net (fo=22, routed)          0.726     8.875    bnn_accelerator_design_i/axi_mem_intercon/s01_couplers/auto_us/inst/gen_upsizer.gen_full_upsizer.axi_upsizer_inst/USE_WRITE.gen_non_fifo_w_upsizer.write_data_inst/m_axi_wready
    SLICE_X19Y37         LUT4 (Prop_lut4_I1_O)        0.124     8.999 r  bnn_accelerator_design_i/axi_mem_intercon/s01_couplers/auto_us/inst/gen_upsizer.gen_full_upsizer.axi_upsizer_inst/USE_WRITE.gen_non_fifo_w_upsizer.write_data_inst/WORD_LANE[1].USE_ALWAYS_PACKER.BYTE_LANE[3].USE_RTL_DATA.USE_REGISTER.M_AXI_WDATA_I[63]_i_7/O
                         net (fo=2, routed)           0.619     9.618    bnn_accelerator_design_i/axi_mem_intercon/s01_couplers/auto_us/inst/gen_upsizer.gen_full_upsizer.axi_upsizer_inst/USE_WRITE.gen_non_fifo_w_upsizer.write_data_inst/WORD_LANE[1].USE_ALWAYS_PACKER.BYTE_LANE[3].USE_RTL_DATA.USE_REGISTER.M_AXI_WDATA_I[63]_i_7_n_0
    SLICE_X20Y39         LUT5 (Prop_lut5_I0_O)        0.124     9.742 r  bnn_accelerator_design_i/axi_mem_intercon/s01_couplers/auto_us/inst/gen_upsizer.gen_full_upsizer.axi_upsizer_inst/USE_WRITE.gen_non_fifo_w_upsizer.write_data_inst/WORD_LANE[0].USE_ALWAYS_PACKER.BYTE_LANE[3].USE_RTL_DATA.USE_REGISTER.M_AXI_WDATA_I[31]_i_3/O
                         net (fo=40, routed)          1.237    10.979    bnn_accelerator_design_i/axi_mem_intercon/s01_couplers/auto_us/inst/gen_upsizer.gen_full_upsizer.axi_upsizer_inst/USE_WRITE.gen_non_fifo_w_upsizer.write_data_inst/WORD_LANE[0].USE_ALWAYS_PACKER.BYTE_LANE[3].USE_RTL_DATA.USE_REGISTER.M_AXI_WDATA_I[31]_i_3_n_0
    SLICE_X19Y47         LUT5 (Prop_lut5_I1_O)        0.124    11.103 r  bnn_accelerator_design_i/axi_mem_intercon/s01_couplers/auto_us/inst/gen_upsizer.gen_full_upsizer.axi_upsizer_inst/USE_WRITE.gen_non_fifo_w_upsizer.write_data_inst/WORD_LANE[0].USE_ALWAYS_PACKER.BYTE_LANE[1].USE_RTL_DATA.USE_REGISTER.M_AXI_WDATA_I[15]_i_1/O
                         net (fo=8, routed)           0.639    11.742    bnn_accelerator_design_i/axi_mem_intercon/s01_couplers/auto_us/inst/gen_upsizer.gen_full_upsizer.axi_upsizer_inst/USE_WRITE.gen_non_fifo_w_upsizer.write_data_inst/WORD_LANE[0].USE_ALWAYS_PACKER.BYTE_LANE[1].USE_RTL_DATA.USE_REGISTER.M_AXI_WDATA_I[15]_i_1_n_0
    SLICE_X19Y44         FDRE                                         r  bnn_accelerator_design_i/axi_mem_intercon/s01_couplers/auto_us/inst/gen_upsizer.gen_full_upsizer.axi_upsizer_inst/USE_WRITE.gen_non_fifo_w_upsizer.write_data_inst/WORD_LANE[0].USE_ALWAYS_PACKER.BYTE_LANE[1].USE_RTL_DATA.USE_REGISTER.M_AXI_WDATA_I_reg[9]/CE
  -------------------------------------------------------------------    -------------------

                         (clock clk_fpga_0 rise edge)
                                                     20.000    20.000 r  
    PS7_X0Y0             PS7                          0.000    20.000 r  bnn_accelerator_design_i/processing_system7_0/inst/PS7_i/FCLKCLK[0]
                         net (fo=1, routed)           1.088    21.088    bnn_accelerator_design_i/processing_system7_0/inst/FCLK_CLK_unbuffered[0]
    BUFGCTRL_X0Y16       BUFG (Prop_bufg_I_O)         0.091    21.179 r  bnn_accelerator_design_i/processing_system7_0/inst/buffer_fclk_clk_0.FCLK_CLK_0_BUFG/O
                         net (fo=3768, routed)        1.580    22.760    bnn_accelerator_design_i/axi_mem_intercon/s01_couplers/auto_us/inst/gen_upsizer.gen_full_upsizer.axi_upsizer_inst/USE_WRITE.gen_non_fifo_w_upsizer.write_data_inst/out
    SLICE_X19Y44         FDRE                                         r  bnn_accelerator_design_i/axi_mem_intercon/s01_couplers/auto_us/inst/gen_upsizer.gen_full_upsizer.axi_upsizer_inst/USE_WRITE.gen_non_fifo_w_upsizer.write_data_inst/WORD_LANE[0].USE_ALWAYS_PACKER.BYTE_LANE[1].USE_RTL_DATA.USE_REGISTER.M_AXI_WDATA_I_reg[9]/C
                         clock pessimism              0.115    22.874    
                         clock uncertainty           -0.302    22.572    
    SLICE_X19Y44         FDRE (Setup_fdre_C_CE)      -0.205    22.367    bnn_accelerator_design_i/axi_mem_intercon/s01_couplers/auto_us/inst/gen_upsizer.gen_full_upsizer.axi_upsizer_inst/USE_WRITE.gen_non_fifo_w_upsizer.write_data_inst/WORD_LANE[0].USE_ALWAYS_PACKER.BYTE_LANE[1].USE_RTL_DATA.USE_REGISTER.M_AXI_WDATA_I_reg[9]
  -------------------------------------------------------------------
                         required time                         22.367    
                         arrival time                         -11.742    
  -------------------------------------------------------------------
                         slack                                 10.626    

Slack (MET) :             10.671ns  (required time - arrival time)
  Source:                 bnn_accelerator_design_i/processing_system7_0/inst/PS7_i/SAXIHP0ACLK
                            (rising edge-triggered cell PS7 clocked by clk_fpga_0  {rise@0.000ns fall@10.000ns period=20.000ns})
  Destination:            bnn_accelerator_design_i/axi_mem_intercon/s01_couplers/auto_us/inst/gen_upsizer.gen_full_upsizer.axi_upsizer_inst/USE_WRITE.write_addr_inst/GEN_CMD_QUEUE.cmd_queue/USE_RTL_ADDR.addr_q_reg[0]/CE
                            (rising edge-triggered cell FDRE clocked by clk_fpga_0  {rise@0.000ns fall@10.000ns period=20.000ns})
  Path Group:             clk_fpga_0
  Path Type:              Setup (Max at Slow Process Corner)
  Requirement:            20.000ns  (clk_fpga_0 rise@20.000ns - clk_fpga_0 rise@0.000ns)
  Data Path Delay:        8.579ns  (logic 2.606ns (30.378%)  route 5.973ns (69.622%))
  Logic Levels:           7  (LUT3=2 LUT4=2 LUT5=1 LUT6=2)
  Clock Path Skew:        -0.243ns (DCD - SCD + CPR)
    Destination Clock Delay (DCD):    2.757ns = ( 22.757 - 20.000 ) 
    Source Clock Delay      (SCD):    3.114ns
    Clock Pessimism Removal (CPR):    0.115ns
  Clock Uncertainty:      0.302ns  ((TSJ^2 + TIJ^2)^1/2 + DJ) / 2 + PE
    Total System Jitter     (TSJ):    0.071ns
    Total Input Jitter      (TIJ):    0.600ns
    Discrete Jitter          (DJ):    0.000ns
    Phase Error              (PE):    0.000ns

    Location             Delay type                Incr(ns)  Path(ns)    Netlist Resource(s)
  -------------------------------------------------------------------    -------------------
                         (clock clk_fpga_0 rise edge)
                                                      0.000     0.000 r  
    PS7_X0Y0             PS7                          0.000     0.000 r  bnn_accelerator_design_i/processing_system7_0/inst/PS7_i/FCLKCLK[0]
                         net (fo=1, routed)           1.193     1.193    bnn_accelerator_design_i/processing_system7_0/inst/FCLK_CLK_unbuffered[0]
    BUFGCTRL_X0Y16       BUFG (Prop_bufg_I_O)         0.101     1.294 r  bnn_accelerator_design_i/processing_system7_0/inst/buffer_fclk_clk_0.FCLK_CLK_0_BUFG/O
                         net (fo=3768, routed)        1.820     3.114    bnn_accelerator_design_i/processing_system7_0/inst/S_AXI_HP0_ACLK
    PS7_X0Y0             PS7                                          r  bnn_accelerator_design_i/processing_system7_0/inst/PS7_i/SAXIHP0ACLK
  -------------------------------------------------------------------    -------------------
    PS7_X0Y0             PS7 (Prop_ps7_SAXIHP0ACLK_SAXIHP0WREADY)
                                                      1.277     4.391 r  bnn_accelerator_design_i/processing_system7_0/inst/PS7_i/SAXIHP0WREADY
                         net (fo=5, routed)           2.132     6.524    bnn_accelerator_design_i/axi_mem_intercon/m00_couplers/auto_pc/inst/gen_axi4_axi3.axi3_conv_inst/USE_WRITE.write_addr_inst/USE_BURSTS.cmd_queue/inst/m_axi_wready
    SLICE_X12Y33         LUT3 (Prop_lut3_I2_O)        0.148     6.672 r  bnn_accelerator_design_i/axi_mem_intercon/m00_couplers/auto_pc/inst/gen_axi4_axi3.axi3_conv_inst/USE_WRITE.write_addr_inst/USE_BURSTS.cmd_queue/inst/s_axi_wready_INST_0/O
                         net (fo=8, routed)           0.750     7.422    bnn_accelerator_design_i/axi_mem_intercon/xbar/inst/gen_samd.crossbar_samd/gen_master_slots[0].gen_mi_write.wdata_mux_w/gen_wmux.wmux_aw_fifo/m_axi_wready[0]
    SLICE_X13Y36         LUT4 (Prop_lut4_I2_O)        0.328     7.750 r  bnn_accelerator_design_i/axi_mem_intercon/xbar/inst/gen_samd.crossbar_samd/gen_master_slots[0].gen_mi_write.wdata_mux_w/gen_wmux.wmux_aw_fifo/s_axi_wready[1]_INST_0_i_1/O
                         net (fo=2, routed)           0.276     8.025    bnn_accelerator_design_i/axi_mem_intercon/xbar/inst/gen_samd.crossbar_samd/gen_master_slots[1].gen_mi_write.wdata_mux_w/gen_wmux.wmux_aw_fifo/s_axi_wready[1]
    SLICE_X13Y36         LUT6 (Prop_lut6_I0_O)        0.124     8.149 r  bnn_accelerator_design_i/axi_mem_intercon/xbar/inst/gen_samd.crossbar_samd/gen_master_slots[1].gen_mi_write.wdata_mux_w/gen_wmux.wmux_aw_fifo/s_axi_wready[1]_INST_0/O
                         net (fo=22, routed)          0.570     8.720    bnn_accelerator_design_i/axi_mem_intercon/s01_couplers/auto_us/inst/gen_upsizer.gen_full_upsizer.axi_upsizer_inst/USE_WRITE.gen_non_fifo_w_upsizer.write_data_inst/m_axi_wready
    SLICE_X19Y36         LUT4 (Prop_lut4_I0_O)        0.124     8.844 r  bnn_accelerator_design_i/axi_mem_intercon/s01_couplers/auto_us/inst/gen_upsizer.gen_full_upsizer.axi_upsizer_inst/USE_WRITE.gen_non_fifo_w_upsizer.write_data_inst/USE_FF_OUT.USE_RTL_OUTPUT_PIPELINE.M_MESG_Q[29]_i_3/O
                         net (fo=1, routed)           0.786     9.630    bnn_accelerator_design_i/axi_mem_intercon/s01_couplers/auto_us/inst/gen_upsizer.gen_full_upsizer.axi_upsizer_inst/USE_WRITE.write_addr_inst/GEN_CMD_QUEUE.cmd_queue/USE_RTL_LENGTH.length_counter_q_reg[1]_0
    SLICE_X17Y38         LUT5 (Prop_lut5_I0_O)        0.124     9.754 r  bnn_accelerator_design_i/axi_mem_intercon/s01_couplers/auto_us/inst/gen_upsizer.gen_full_upsizer.axi_upsizer_inst/USE_WRITE.write_addr_inst/GEN_CMD_QUEUE.cmd_queue/USE_FF_OUT.USE_RTL_OUTPUT_PIPELINE.M_MESG_Q[29]_i_2/O
                         net (fo=11, routed)          0.643    10.397    bnn_accelerator_design_i/axi_mem_intercon/s01_couplers/auto_us/inst/gen_upsizer.gen_full_upsizer.axi_upsizer_inst/USE_WRITE.write_addr_inst/GEN_CMD_QUEUE.cmd_queue/m_axi_wready_0
    SLICE_X17Y37         LUT3 (Prop_lut3_I0_O)        0.149    10.546 r  bnn_accelerator_design_i/axi_mem_intercon/s01_couplers/auto_us/inst/gen_upsizer.gen_full_upsizer.axi_upsizer_inst/USE_WRITE.write_addr_inst/GEN_CMD_QUEUE.cmd_queue/USE_FF_OUT.USE_RTL_OUTPUT_PIPELINE.M_MESG_Q[29]_i_1/O
                         net (fo=29, routed)          0.483    11.029    bnn_accelerator_design_i/axi_mem_intercon/s01_couplers/auto_us/inst/gen_upsizer.gen_full_upsizer.axi_upsizer_inst/USE_WRITE.write_addr_inst/GEN_CMD_QUEUE.cmd_queue/M_READY_I
    SLICE_X19Y36         LUT6 (Prop_lut6_I1_O)        0.332    11.361 r  bnn_accelerator_design_i/axi_mem_intercon/s01_couplers/auto_us/inst/gen_upsizer.gen_full_upsizer.axi_upsizer_inst/USE_WRITE.write_addr_inst/GEN_CMD_QUEUE.cmd_queue/USE_RTL_ADDR.addr_q[4]_i_1/O
                         net (fo=5, routed)           0.332    11.693    bnn_accelerator_design_i/axi_mem_intercon/s01_couplers/auto_us/inst/gen_upsizer.gen_full_upsizer.axi_upsizer_inst/USE_WRITE.write_addr_inst/GEN_CMD_QUEUE.cmd_queue/USE_RTL_ADDR.addr_q
    SLICE_X19Y38         FDRE                                         r  bnn_accelerator_design_i/axi_mem_intercon/s01_couplers/auto_us/inst/gen_upsizer.gen_full_upsizer.axi_upsizer_inst/USE_WRITE.write_addr_inst/GEN_CMD_QUEUE.cmd_queue/USE_RTL_ADDR.addr_q_reg[0]/CE
  -------------------------------------------------------------------    -------------------

                         (clock clk_fpga_0 rise edge)
                                                     20.000    20.000 r  
    PS7_X0Y0             PS7                          0.000    20.000 r  bnn_accelerator_design_i/processing_system7_0/inst/PS7_i/FCLKCLK[0]
                         net (fo=1, routed)           1.088    21.088    bnn_accelerator_design_i/processing_system7_0/inst/FCLK_CLK_unbuffered[0]
    BUFGCTRL_X0Y16       BUFG (Prop_bufg_I_O)         0.091    21.179 r  bnn_accelerator_design_i/processing_system7_0/inst/buffer_fclk_clk_0.FCLK_CLK_0_BUFG/O
                         net (fo=3768, routed)        1.577    22.757    bnn_accelerator_design_i/axi_mem_intercon/s01_couplers/auto_us/inst/gen_upsizer.gen_full_upsizer.axi_upsizer_inst/USE_WRITE.write_addr_inst/GEN_CMD_QUEUE.cmd_queue/out
    SLICE_X19Y38         FDRE                                         r  bnn_accelerator_design_i/axi_mem_intercon/s01_couplers/auto_us/inst/gen_upsizer.gen_full_upsizer.axi_upsizer_inst/USE_WRITE.write_addr_inst/GEN_CMD_QUEUE.cmd_queue/USE_RTL_ADDR.addr_q_reg[0]/C
                         clock pessimism              0.115    22.871    
                         clock uncertainty           -0.302    22.569    
    SLICE_X19Y38         FDRE (Setup_fdre_C_CE)      -0.205    22.364    bnn_accelerator_design_i/axi_mem_intercon/s01_couplers/auto_us/inst/gen_upsizer.gen_full_upsizer.axi_upsizer_inst/USE_WRITE.write_addr_inst/GEN_CMD_QUEUE.cmd_queue/USE_RTL_ADDR.addr_q_reg[0]
  -------------------------------------------------------------------
                         required time                         22.364    
                         arrival time                         -11.693    
  -------------------------------------------------------------------
                         slack                                 10.671    

Slack (MET) :             10.671ns  (required time - arrival time)
  Source:                 bnn_accelerator_design_i/processing_system7_0/inst/PS7_i/SAXIHP0ACLK
                            (rising edge-triggered cell PS7 clocked by clk_fpga_0  {rise@0.000ns fall@10.000ns period=20.000ns})
  Destination:            bnn_accelerator_design_i/axi_mem_intercon/s01_couplers/auto_us/inst/gen_upsizer.gen_full_upsizer.axi_upsizer_inst/USE_WRITE.write_addr_inst/GEN_CMD_QUEUE.cmd_queue/USE_RTL_ADDR.addr_q_reg[1]/CE
                            (rising edge-triggered cell FDRE clocked by clk_fpga_0  {rise@0.000ns fall@10.000ns period=20.000ns})
  Path Group:             clk_fpga_0
  Path Type:              Setup (Max at Slow Process Corner)
  Requirement:            20.000ns  (clk_fpga_0 rise@20.000ns - clk_fpga_0 rise@0.000ns)
  Data Path Delay:        8.579ns  (logic 2.606ns (30.378%)  route 5.973ns (69.622%))
  Logic Levels:           7  (LUT3=2 LUT4=2 LUT5=1 LUT6=2)
  Clock Path Skew:        -0.243ns (DCD - SCD + CPR)
    Destination Clock Delay (DCD):    2.757ns = ( 22.757 - 20.000 ) 
    Source Clock Delay      (SCD):    3.114ns
    Clock Pessimism Removal (CPR):    0.115ns
  Clock Uncertainty:      0.302ns  ((TSJ^2 + TIJ^2)^1/2 + DJ) / 2 + PE
    Total System Jitter     (TSJ):    0.071ns
    Total Input Jitter      (TIJ):    0.600ns
    Discrete Jitter          (DJ):    0.000ns
    Phase Error              (PE):    0.000ns

    Location             Delay type                Incr(ns)  Path(ns)    Netlist Resource(s)
  -------------------------------------------------------------------    -------------------
                         (clock clk_fpga_0 rise edge)
                                                      0.000     0.000 r  
    PS7_X0Y0             PS7                          0.000     0.000 r  bnn_accelerator_design_i/processing_system7_0/inst/PS7_i/FCLKCLK[0]
                         net (fo=1, routed)           1.193     1.193    bnn_accelerator_design_i/processing_system7_0/inst/FCLK_CLK_unbuffered[0]
    BUFGCTRL_X0Y16       BUFG (Prop_bufg_I_O)         0.101     1.294 r  bnn_accelerator_design_i/processing_system7_0/inst/buffer_fclk_clk_0.FCLK_CLK_0_BUFG/O
                         net (fo=3768, routed)        1.820     3.114    bnn_accelerator_design_i/processing_system7_0/inst/S_AXI_HP0_ACLK
    PS7_X0Y0             PS7                                          r  bnn_accelerator_design_i/processing_system7_0/inst/PS7_i/SAXIHP0ACLK
  -------------------------------------------------------------------    -------------------
    PS7_X0Y0             PS7 (Prop_ps7_SAXIHP0ACLK_SAXIHP0WREADY)
                                                      1.277     4.391 r  bnn_accelerator_design_i/processing_system7_0/inst/PS7_i/SAXIHP0WREADY
                         net (fo=5, routed)           2.132     6.524    bnn_accelerator_design_i/axi_mem_intercon/m00_couplers/auto_pc/inst/gen_axi4_axi3.axi3_conv_inst/USE_WRITE.write_addr_inst/USE_BURSTS.cmd_queue/inst/m_axi_wready
    SLICE_X12Y33         LUT3 (Prop_lut3_I2_O)        0.148     6.672 r  bnn_accelerator_design_i/axi_mem_intercon/m00_couplers/auto_pc/inst/gen_axi4_axi3.axi3_conv_inst/USE_WRITE.write_addr_inst/USE_BURSTS.cmd_queue/inst/s_axi_wready_INST_0/O
                         net (fo=8, routed)           0.750     7.422    bnn_accelerator_design_i/axi_mem_intercon/xbar/inst/gen_samd.crossbar_samd/gen_master_slots[0].gen_mi_write.wdata_mux_w/gen_wmux.wmux_aw_fifo/m_axi_wready[0]
    SLICE_X13Y36         LUT4 (Prop_lut4_I2_O)        0.328     7.750 r  bnn_accelerator_design_i/axi_mem_intercon/xbar/inst/gen_samd.crossbar_samd/gen_master_slots[0].gen_mi_write.wdata_mux_w/gen_wmux.wmux_aw_fifo/s_axi_wready[1]_INST_0_i_1/O
                         net (fo=2, routed)           0.276     8.025    bnn_accelerator_design_i/axi_mem_intercon/xbar/inst/gen_samd.crossbar_samd/gen_master_slots[1].gen_mi_write.wdata_mux_w/gen_wmux.wmux_aw_fifo/s_axi_wready[1]
    SLICE_X13Y36         LUT6 (Prop_lut6_I0_O)        0.124     8.149 r  bnn_accelerator_design_i/axi_mem_intercon/xbar/inst/gen_samd.crossbar_samd/gen_master_slots[1].gen_mi_write.wdata_mux_w/gen_wmux.wmux_aw_fifo/s_axi_wready[1]_INST_0/O
                         net (fo=22, routed)          0.570     8.720    bnn_accelerator_design_i/axi_mem_intercon/s01_couplers/auto_us/inst/gen_upsizer.gen_full_upsizer.axi_upsizer_inst/USE_WRITE.gen_non_fifo_w_upsizer.write_data_inst/m_axi_wready
    SLICE_X19Y36         LUT4 (Prop_lut4_I0_O)        0.124     8.844 r  bnn_accelerator_design_i/axi_mem_intercon/s01_couplers/auto_us/inst/gen_upsizer.gen_full_upsizer.axi_upsizer_inst/USE_WRITE.gen_non_fifo_w_upsizer.write_data_inst/USE_FF_OUT.USE_RTL_OUTPUT_PIPELINE.M_MESG_Q[29]_i_3/O
                         net (fo=1, routed)           0.786     9.630    bnn_accelerator_design_i/axi_mem_intercon/s01_couplers/auto_us/inst/gen_upsizer.gen_full_upsizer.axi_upsizer_inst/USE_WRITE.write_addr_inst/GEN_CMD_QUEUE.cmd_queue/USE_RTL_LENGTH.length_counter_q_reg[1]_0
    SLICE_X17Y38         LUT5 (Prop_lut5_I0_O)        0.124     9.754 r  bnn_accelerator_design_i/axi_mem_intercon/s01_couplers/auto_us/inst/gen_upsizer.gen_full_upsizer.axi_upsizer_inst/USE_WRITE.write_addr_inst/GEN_CMD_QUEUE.cmd_queue/USE_FF_OUT.USE_RTL_OUTPUT_PIPELINE.M_MESG_Q[29]_i_2/O
                         net (fo=11, routed)          0.643    10.397    bnn_accelerator_design_i/axi_mem_intercon/s01_couplers/auto_us/inst/gen_upsizer.gen_full_upsizer.axi_upsizer_inst/USE_WRITE.write_addr_inst/GEN_CMD_QUEUE.cmd_queue/m_axi_wready_0
    SLICE_X17Y37         LUT3 (Prop_lut3_I0_O)        0.149    10.546 r  bnn_accelerator_design_i/axi_mem_intercon/s01_couplers/auto_us/inst/gen_upsizer.gen_full_upsizer.axi_upsizer_inst/USE_WRITE.write_addr_inst/GEN_CMD_QUEUE.cmd_queue/USE_FF_OUT.USE_RTL_OUTPUT_PIPELINE.M_MESG_Q[29]_i_1/O
                         net (fo=29, routed)          0.483    11.029    bnn_accelerator_design_i/axi_mem_intercon/s01_couplers/auto_us/inst/gen_upsizer.gen_full_upsizer.axi_upsizer_inst/USE_WRITE.write_addr_inst/GEN_CMD_QUEUE.cmd_queue/M_READY_I
    SLICE_X19Y36         LUT6 (Prop_lut6_I1_O)        0.332    11.361 r  bnn_accelerator_design_i/axi_mem_intercon/s01_couplers/auto_us/inst/gen_upsizer.gen_full_upsizer.axi_upsizer_inst/USE_WRITE.write_addr_inst/GEN_CMD_QUEUE.cmd_queue/USE_RTL_ADDR.addr_q[4]_i_1/O
                         net (fo=5, routed)           0.332    11.693    bnn_accelerator_design_i/axi_mem_intercon/s01_couplers/auto_us/inst/gen_upsizer.gen_full_upsizer.axi_upsizer_inst/USE_WRITE.write_addr_inst/GEN_CMD_QUEUE.cmd_queue/USE_RTL_ADDR.addr_q
    SLICE_X19Y38         FDRE                                         r  bnn_accelerator_design_i/axi_mem_intercon/s01_couplers/auto_us/inst/gen_upsizer.gen_full_upsizer.axi_upsizer_inst/USE_WRITE.write_addr_inst/GEN_CMD_QUEUE.cmd_queue/USE_RTL_ADDR.addr_q_reg[1]/CE
  -------------------------------------------------------------------    -------------------

                         (clock clk_fpga_0 rise edge)
                                                     20.000    20.000 r  
    PS7_X0Y0             PS7                          0.000    20.000 r  bnn_accelerator_design_i/processing_system7_0/inst/PS7_i/FCLKCLK[0]
                         net (fo=1, routed)           1.088    21.088    bnn_accelerator_design_i/processing_system7_0/inst/FCLK_CLK_unbuffered[0]
    BUFGCTRL_X0Y16       BUFG (Prop_bufg_I_O)         0.091    21.179 r  bnn_accelerator_design_i/processing_system7_0/inst/buffer_fclk_clk_0.FCLK_CLK_0_BUFG/O
                         net (fo=3768, routed)        1.577    22.757    bnn_accelerator_design_i/axi_mem_intercon/s01_couplers/auto_us/inst/gen_upsizer.gen_full_upsizer.axi_upsizer_inst/USE_WRITE.write_addr_inst/GEN_CMD_QUEUE.cmd_queue/out
    SLICE_X19Y38         FDRE                                         r  bnn_accelerator_design_i/axi_mem_intercon/s01_couplers/auto_us/inst/gen_upsizer.gen_full_upsizer.axi_upsizer_inst/USE_WRITE.write_addr_inst/GEN_CMD_QUEUE.cmd_queue/USE_RTL_ADDR.addr_q_reg[1]/C
                         clock pessimism              0.115    22.871    
                         clock uncertainty           -0.302    22.569    
    SLICE_X19Y38         FDRE (Setup_fdre_C_CE)      -0.205    22.364    bnn_accelerator_design_i/axi_mem_intercon/s01_couplers/auto_us/inst/gen_upsizer.gen_full_upsizer.axi_upsizer_inst/USE_WRITE.write_addr_inst/GEN_CMD_QUEUE.cmd_queue/USE_RTL_ADDR.addr_q_reg[1]
  -------------------------------------------------------------------
                         required time                         22.364    
                         arrival time                         -11.693    
  -------------------------------------------------------------------
                         slack                                 10.671    

Slack (MET) :             10.671ns  (required time - arrival time)
  Source:                 bnn_accelerator_design_i/processing_system7_0/inst/PS7_i/SAXIHP0ACLK
                            (rising edge-triggered cell PS7 clocked by clk_fpga_0  {rise@0.000ns fall@10.000ns period=20.000ns})
  Destination:            bnn_accelerator_design_i/axi_mem_intercon/s01_couplers/auto_us/inst/gen_upsizer.gen_full_upsizer.axi_upsizer_inst/USE_WRITE.write_addr_inst/GEN_CMD_QUEUE.cmd_queue/USE_RTL_ADDR.addr_q_reg[2]/CE
                            (rising edge-triggered cell FDRE clocked by clk_fpga_0  {rise@0.000ns fall@10.000ns period=20.000ns})
  Path Group:             clk_fpga_0
  Path Type:              Setup (Max at Slow Process Corner)
  Requirement:            20.000ns  (clk_fpga_0 rise@20.000ns - clk_fpga_0 rise@0.000ns)
  Data Path Delay:        8.579ns  (logic 2.606ns (30.378%)  route 5.973ns (69.622%))
  Logic Levels:           7  (LUT3=2 LUT4=2 LUT5=1 LUT6=2)
  Clock Path Skew:        -0.243ns (DCD - SCD + CPR)
    Destination Clock Delay (DCD):    2.757ns = ( 22.757 - 20.000 ) 
    Source Clock Delay      (SCD):    3.114ns
    Clock Pessimism Removal (CPR):    0.115ns
  Clock Uncertainty:      0.302ns  ((TSJ^2 + TIJ^2)^1/2 + DJ) / 2 + PE
    Total System Jitter     (TSJ):    0.071ns
    Total Input Jitter      (TIJ):    0.600ns
    Discrete Jitter          (DJ):    0.000ns
    Phase Error              (PE):    0.000ns

    Location             Delay type                Incr(ns)  Path(ns)    Netlist Resource(s)
  -------------------------------------------------------------------    -------------------
                         (clock clk_fpga_0 rise edge)
                                                      0.000     0.000 r  
    PS7_X0Y0             PS7                          0.000     0.000 r  bnn_accelerator_design_i/processing_system7_0/inst/PS7_i/FCLKCLK[0]
                         net (fo=1, routed)           1.193     1.193    bnn_accelerator_design_i/processing_system7_0/inst/FCLK_CLK_unbuffered[0]
    BUFGCTRL_X0Y16       BUFG (Prop_bufg_I_O)         0.101     1.294 r  bnn_accelerator_design_i/processing_system7_0/inst/buffer_fclk_clk_0.FCLK_CLK_0_BUFG/O
                         net (fo=3768, routed)        1.820     3.114    bnn_accelerator_design_i/processing_system7_0/inst/S_AXI_HP0_ACLK
    PS7_X0Y0             PS7                                          r  bnn_accelerator_design_i/processing_system7_0/inst/PS7_i/SAXIHP0ACLK
  -------------------------------------------------------------------    -------------------
    PS7_X0Y0             PS7 (Prop_ps7_SAXIHP0ACLK_SAXIHP0WREADY)
                                                      1.277     4.391 r  bnn_accelerator_design_i/processing_system7_0/inst/PS7_i/SAXIHP0WREADY
                         net (fo=5, routed)           2.132     6.524    bnn_accelerator_design_i/axi_mem_intercon/m00_couplers/auto_pc/inst/gen_axi4_axi3.axi3_conv_inst/USE_WRITE.write_addr_inst/USE_BURSTS.cmd_queue/inst/m_axi_wready
    SLICE_X12Y33         LUT3 (Prop_lut3_I2_O)        0.148     6.672 r  bnn_accelerator_design_i/axi_mem_intercon/m00_couplers/auto_pc/inst/gen_axi4_axi3.axi3_conv_inst/USE_WRITE.write_addr_inst/USE_BURSTS.cmd_queue/inst/s_axi_wready_INST_0/O
                         net (fo=8, routed)           0.750     7.422    bnn_accelerator_design_i/axi_mem_intercon/xbar/inst/gen_samd.crossbar_samd/gen_master_slots[0].gen_mi_write.wdata_mux_w/gen_wmux.wmux_aw_fifo/m_axi_wready[0]
    SLICE_X13Y36         LUT4 (Prop_lut4_I2_O)        0.328     7.750 r  bnn_accelerator_design_i/axi_mem_intercon/xbar/inst/gen_samd.crossbar_samd/gen_master_slots[0].gen_mi_write.wdata_mux_w/gen_wmux.wmux_aw_fifo/s_axi_wready[1]_INST_0_i_1/O
                         net (fo=2, routed)           0.276     8.025    bnn_accelerator_design_i/axi_mem_intercon/xbar/inst/gen_samd.crossbar_samd/gen_master_slots[1].gen_mi_write.wdata_mux_w/gen_wmux.wmux_aw_fifo/s_axi_wready[1]
    SLICE_X13Y36         LUT6 (Prop_lut6_I0_O)        0.124     8.149 r  bnn_accelerator_design_i/axi_mem_intercon/xbar/inst/gen_samd.crossbar_samd/gen_master_slots[1].gen_mi_write.wdata_mux_w/gen_wmux.wmux_aw_fifo/s_axi_wready[1]_INST_0/O
                         net (fo=22, routed)          0.570     8.720    bnn_accelerator_design_i/axi_mem_intercon/s01_couplers/auto_us/inst/gen_upsizer.gen_full_upsizer.axi_upsizer_inst/USE_WRITE.gen_non_fifo_w_upsizer.write_data_inst/m_axi_wready
    SLICE_X19Y36         LUT4 (Prop_lut4_I0_O)        0.124     8.844 r  bnn_accelerator_design_i/axi_mem_intercon/s01_couplers/auto_us/inst/gen_upsizer.gen_full_upsizer.axi_upsizer_inst/USE_WRITE.gen_non_fifo_w_upsizer.write_data_inst/USE_FF_OUT.USE_RTL_OUTPUT_PIPELINE.M_MESG_Q[29]_i_3/O
                         net (fo=1, routed)           0.786     9.630    bnn_accelerator_design_i/axi_mem_intercon/s01_couplers/auto_us/inst/gen_upsizer.gen_full_upsizer.axi_upsizer_inst/USE_WRITE.write_addr_inst/GEN_CMD_QUEUE.cmd_queue/USE_RTL_LENGTH.length_counter_q_reg[1]_0
    SLICE_X17Y38         LUT5 (Prop_lut5_I0_O)        0.124     9.754 r  bnn_accelerator_design_i/axi_mem_intercon/s01_couplers/auto_us/inst/gen_upsizer.gen_full_upsizer.axi_upsizer_inst/USE_WRITE.write_addr_inst/GEN_CMD_QUEUE.cmd_queue/USE_FF_OUT.USE_RTL_OUTPUT_PIPELINE.M_MESG_Q[29]_i_2/O
                         net (fo=11, routed)          0.643    10.397    bnn_accelerator_design_i/axi_mem_intercon/s01_couplers/auto_us/inst/gen_upsizer.gen_full_upsizer.axi_upsizer_inst/USE_WRITE.write_addr_inst/GEN_CMD_QUEUE.cmd_queue/m_axi_wready_0
    SLICE_X17Y37         LUT3 (Prop_lut3_I0_O)        0.149    10.546 r  bnn_accelerator_design_i/axi_mem_intercon/s01_couplers/auto_us/inst/gen_upsizer.gen_full_upsizer.axi_upsizer_inst/USE_WRITE.write_addr_inst/GEN_CMD_QUEUE.cmd_queue/USE_FF_OUT.USE_RTL_OUTPUT_PIPELINE.M_MESG_Q[29]_i_1/O
                         net (fo=29, routed)          0.483    11.029    bnn_accelerator_design_i/axi_mem_intercon/s01_couplers/auto_us/inst/gen_upsizer.gen_full_upsizer.axi_upsizer_inst/USE_WRITE.write_addr_inst/GEN_CMD_QUEUE.cmd_queue/M_READY_I
    SLICE_X19Y36         LUT6 (Prop_lut6_I1_O)        0.332    11.361 r  bnn_accelerator_design_i/axi_mem_intercon/s01_couplers/auto_us/inst/gen_upsizer.gen_full_upsizer.axi_upsizer_inst/USE_WRITE.write_addr_inst/GEN_CMD_QUEUE.cmd_queue/USE_RTL_ADDR.addr_q[4]_i_1/O
                         net (fo=5, routed)           0.332    11.693    bnn_accelerator_design_i/axi_mem_intercon/s01_couplers/auto_us/inst/gen_upsizer.gen_full_upsizer.axi_upsizer_inst/USE_WRITE.write_addr_inst/GEN_CMD_QUEUE.cmd_queue/USE_RTL_ADDR.addr_q
    SLICE_X19Y38         FDRE                                         r  bnn_accelerator_design_i/axi_mem_intercon/s01_couplers/auto_us/inst/gen_upsizer.gen_full_upsizer.axi_upsizer_inst/USE_WRITE.write_addr_inst/GEN_CMD_QUEUE.cmd_queue/USE_RTL_ADDR.addr_q_reg[2]/CE
  -------------------------------------------------------------------    -------------------

                         (clock clk_fpga_0 rise edge)
                                                     20.000    20.000 r  
    PS7_X0Y0             PS7                          0.000    20.000 r  bnn_accelerator_design_i/processing_system7_0/inst/PS7_i/FCLKCLK[0]
                         net (fo=1, routed)           1.088    21.088    bnn_accelerator_design_i/processing_system7_0/inst/FCLK_CLK_unbuffered[0]
    BUFGCTRL_X0Y16       BUFG (Prop_bufg_I_O)         0.091    21.179 r  bnn_accelerator_design_i/processing_system7_0/inst/buffer_fclk_clk_0.FCLK_CLK_0_BUFG/O
                         net (fo=3768, routed)        1.577    22.757    bnn_accelerator_design_i/axi_mem_intercon/s01_couplers/auto_us/inst/gen_upsizer.gen_full_upsizer.axi_upsizer_inst/USE_WRITE.write_addr_inst/GEN_CMD_QUEUE.cmd_queue/out
    SLICE_X19Y38         FDRE                                         r  bnn_accelerator_design_i/axi_mem_intercon/s01_couplers/auto_us/inst/gen_upsizer.gen_full_upsizer.axi_upsizer_inst/USE_WRITE.write_addr_inst/GEN_CMD_QUEUE.cmd_queue/USE_RTL_ADDR.addr_q_reg[2]/C
                         clock pessimism              0.115    22.871    
                         clock uncertainty           -0.302    22.569    
    SLICE_X19Y38         FDRE (Setup_fdre_C_CE)      -0.205    22.364    bnn_accelerator_design_i/axi_mem_intercon/s01_couplers/auto_us/inst/gen_upsizer.gen_full_upsizer.axi_upsizer_inst/USE_WRITE.write_addr_inst/GEN_CMD_QUEUE.cmd_queue/USE_RTL_ADDR.addr_q_reg[2]
  -------------------------------------------------------------------
                         required time                         22.364    
                         arrival time                         -11.693    
  -------------------------------------------------------------------
                         slack                                 10.671    

Slack (MET) :             10.671ns  (required time - arrival time)
  Source:                 bnn_accelerator_design_i/processing_system7_0/inst/PS7_i/SAXIHP0ACLK
                            (rising edge-triggered cell PS7 clocked by clk_fpga_0  {rise@0.000ns fall@10.000ns period=20.000ns})
  Destination:            bnn_accelerator_design_i/axi_mem_intercon/s01_couplers/auto_us/inst/gen_upsizer.gen_full_upsizer.axi_upsizer_inst/USE_WRITE.write_addr_inst/GEN_CMD_QUEUE.cmd_queue/USE_RTL_ADDR.addr_q_reg[3]/CE
                            (rising edge-triggered cell FDRE clocked by clk_fpga_0  {rise@0.000ns fall@10.000ns period=20.000ns})
  Path Group:             clk_fpga_0
  Path Type:              Setup (Max at Slow Process Corner)
  Requirement:            20.000ns  (clk_fpga_0 rise@20.000ns - clk_fpga_0 rise@0.000ns)
  Data Path Delay:        8.579ns  (logic 2.606ns (30.378%)  route 5.973ns (69.622%))
  Logic Levels:           7  (LUT3=2 LUT4=2 LUT5=1 LUT6=2)
  Clock Path Skew:        -0.243ns (DCD - SCD + CPR)
    Destination Clock Delay (DCD):    2.757ns = ( 22.757 - 20.000 ) 
    Source Clock Delay      (SCD):    3.114ns
    Clock Pessimism Removal (CPR):    0.115ns
  Clock Uncertainty:      0.302ns  ((TSJ^2 + TIJ^2)^1/2 + DJ) / 2 + PE
    Total System Jitter     (TSJ):    0.071ns
    Total Input Jitter      (TIJ):    0.600ns
    Discrete Jitter          (DJ):    0.000ns
    Phase Error              (PE):    0.000ns

    Location             Delay type                Incr(ns)  Path(ns)    Netlist Resource(s)
  -------------------------------------------------------------------    -------------------
                         (clock clk_fpga_0 rise edge)
                                                      0.000     0.000 r  
    PS7_X0Y0             PS7                          0.000     0.000 r  bnn_accelerator_design_i/processing_system7_0/inst/PS7_i/FCLKCLK[0]
                         net (fo=1, routed)           1.193     1.193    bnn_accelerator_design_i/processing_system7_0/inst/FCLK_CLK_unbuffered[0]
    BUFGCTRL_X0Y16       BUFG (Prop_bufg_I_O)         0.101     1.294 r  bnn_accelerator_design_i/processing_system7_0/inst/buffer_fclk_clk_0.FCLK_CLK_0_BUFG/O
                         net (fo=3768, routed)        1.820     3.114    bnn_accelerator_design_i/processing_system7_0/inst/S_AXI_HP0_ACLK
    PS7_X0Y0             PS7                                          r  bnn_accelerator_design_i/processing_system7_0/inst/PS7_i/SAXIHP0ACLK
  -------------------------------------------------------------------    -------------------
    PS7_X0Y0             PS7 (Prop_ps7_SAXIHP0ACLK_SAXIHP0WREADY)
                                                      1.277     4.391 r  bnn_accelerator_design_i/processing_system7_0/inst/PS7_i/SAXIHP0WREADY
                         net (fo=5, routed)           2.132     6.524    bnn_accelerator_design_i/axi_mem_intercon/m00_couplers/auto_pc/inst/gen_axi4_axi3.axi3_conv_inst/USE_WRITE.write_addr_inst/USE_BURSTS.cmd_queue/inst/m_axi_wready
    SLICE_X12Y33         LUT3 (Prop_lut3_I2_O)        0.148     6.672 r  bnn_accelerator_design_i/axi_mem_intercon/m00_couplers/auto_pc/inst/gen_axi4_axi3.axi3_conv_inst/USE_WRITE.write_addr_inst/USE_BURSTS.cmd_queue/inst/s_axi_wready_INST_0/O
                         net (fo=8, routed)           0.750     7.422    bnn_accelerator_design_i/axi_mem_intercon/xbar/inst/gen_samd.crossbar_samd/gen_master_slots[0].gen_mi_write.wdata_mux_w/gen_wmux.wmux_aw_fifo/m_axi_wready[0]
    SLICE_X13Y36         LUT4 (Prop_lut4_I2_O)        0.328     7.750 r  bnn_accelerator_design_i/axi_mem_intercon/xbar/inst/gen_samd.crossbar_samd/gen_master_slots[0].gen_mi_write.wdata_mux_w/gen_wmux.wmux_aw_fifo/s_axi_wready[1]_INST_0_i_1/O
                         net (fo=2, routed)           0.276     8.025    bnn_accelerator_design_i/axi_mem_intercon/xbar/inst/gen_samd.crossbar_samd/gen_master_slots[1].gen_mi_write.wdata_mux_w/gen_wmux.wmux_aw_fifo/s_axi_wready[1]
    SLICE_X13Y36         LUT6 (Prop_lut6_I0_O)        0.124     8.149 r  bnn_accelerator_design_i/axi_mem_intercon/xbar/inst/gen_samd.crossbar_samd/gen_master_slots[1].gen_mi_write.wdata_mux_w/gen_wmux.wmux_aw_fifo/s_axi_wready[1]_INST_0/O
                         net (fo=22, routed)          0.570     8.720    bnn_accelerator_design_i/axi_mem_intercon/s01_couplers/auto_us/inst/gen_upsizer.gen_full_upsizer.axi_upsizer_inst/USE_WRITE.gen_non_fifo_w_upsizer.write_data_inst/m_axi_wready
    SLICE_X19Y36         LUT4 (Prop_lut4_I0_O)        0.124     8.844 r  bnn_accelerator_design_i/axi_mem_intercon/s01_couplers/auto_us/inst/gen_upsizer.gen_full_upsizer.axi_upsizer_inst/USE_WRITE.gen_non_fifo_w_upsizer.write_data_inst/USE_FF_OUT.USE_RTL_OUTPUT_PIPELINE.M_MESG_Q[29]_i_3/O
                         net (fo=1, routed)           0.786     9.630    bnn_accelerator_design_i/axi_mem_intercon/s01_couplers/auto_us/inst/gen_upsizer.gen_full_upsizer.axi_upsizer_inst/USE_WRITE.write_addr_inst/GEN_CMD_QUEUE.cmd_queue/USE_RTL_LENGTH.length_counter_q_reg[1]_0
    SLICE_X17Y38         LUT5 (Prop_lut5_I0_O)        0.124     9.754 r  bnn_accelerator_design_i/axi_mem_intercon/s01_couplers/auto_us/inst/gen_upsizer.gen_full_upsizer.axi_upsizer_inst/USE_WRITE.write_addr_inst/GEN_CMD_QUEUE.cmd_queue/USE_FF_OUT.USE_RTL_OUTPUT_PIPELINE.M_MESG_Q[29]_i_2/O
                         net (fo=11, routed)          0.643    10.397    bnn_accelerator_design_i/axi_mem_intercon/s01_couplers/auto_us/inst/gen_upsizer.gen_full_upsizer.axi_upsizer_inst/USE_WRITE.write_addr_inst/GEN_CMD_QUEUE.cmd_queue/m_axi_wready_0
    SLICE_X17Y37         LUT3 (Prop_lut3_I0_O)        0.149    10.546 r  bnn_accelerator_design_i/axi_mem_intercon/s01_couplers/auto_us/inst/gen_upsizer.gen_full_upsizer.axi_upsizer_inst/USE_WRITE.write_addr_inst/GEN_CMD_QUEUE.cmd_queue/USE_FF_OUT.USE_RTL_OUTPUT_PIPELINE.M_MESG_Q[29]_i_1/O
                         net (fo=29, routed)          0.483    11.029    bnn_accelerator_design_i/axi_mem_intercon/s01_couplers/auto_us/inst/gen_upsizer.gen_full_upsizer.axi_upsizer_inst/USE_WRITE.write_addr_inst/GEN_CMD_QUEUE.cmd_queue/M_READY_I
    SLICE_X19Y36         LUT6 (Prop_lut6_I1_O)        0.332    11.361 r  bnn_accelerator_design_i/axi_mem_intercon/s01_couplers/auto_us/inst/gen_upsizer.gen_full_upsizer.axi_upsizer_inst/USE_WRITE.write_addr_inst/GEN_CMD_QUEUE.cmd_queue/USE_RTL_ADDR.addr_q[4]_i_1/O
                         net (fo=5, routed)           0.332    11.693    bnn_accelerator_design_i/axi_mem_intercon/s01_couplers/auto_us/inst/gen_upsizer.gen_full_upsizer.axi_upsizer_inst/USE_WRITE.write_addr_inst/GEN_CMD_QUEUE.cmd_queue/USE_RTL_ADDR.addr_q
    SLICE_X19Y38         FDRE                                         r  bnn_accelerator_design_i/axi_mem_intercon/s01_couplers/auto_us/inst/gen_upsizer.gen_full_upsizer.axi_upsizer_inst/USE_WRITE.write_addr_inst/GEN_CMD_QUEUE.cmd_queue/USE_RTL_ADDR.addr_q_reg[3]/CE
  -------------------------------------------------------------------    -------------------

                         (clock clk_fpga_0 rise edge)
                                                     20.000    20.000 r  
    PS7_X0Y0             PS7                          0.000    20.000 r  bnn_accelerator_design_i/processing_system7_0/inst/PS7_i/FCLKCLK[0]
                         net (fo=1, routed)           1.088    21.088    bnn_accelerator_design_i/processing_system7_0/inst/FCLK_CLK_unbuffered[0]
    BUFGCTRL_X0Y16       BUFG (Prop_bufg_I_O)         0.091    21.179 r  bnn_accelerator_design_i/processing_system7_0/inst/buffer_fclk_clk_0.FCLK_CLK_0_BUFG/O
                         net (fo=3768, routed)        1.577    22.757    bnn_accelerator_design_i/axi_mem_intercon/s01_couplers/auto_us/inst/gen_upsizer.gen_full_upsizer.axi_upsizer_inst/USE_WRITE.write_addr_inst/GEN_CMD_QUEUE.cmd_queue/out
    SLICE_X19Y38         FDRE                                         r  bnn_accelerator_design_i/axi_mem_intercon/s01_couplers/auto_us/inst/gen_upsizer.gen_full_upsizer.axi_upsizer_inst/USE_WRITE.write_addr_inst/GEN_CMD_QUEUE.cmd_queue/USE_RTL_ADDR.addr_q_reg[3]/C
                         clock pessimism              0.115    22.871    
                         clock uncertainty           -0.302    22.569    
    SLICE_X19Y38         FDRE (Setup_fdre_C_CE)      -0.205    22.364    bnn_accelerator_design_i/axi_mem_intercon/s01_couplers/auto_us/inst/gen_upsizer.gen_full_upsizer.axi_upsizer_inst/USE_WRITE.write_addr_inst/GEN_CMD_QUEUE.cmd_queue/USE_RTL_ADDR.addr_q_reg[3]
  -------------------------------------------------------------------
                         required time                         22.364    
                         arrival time                         -11.693    
  -------------------------------------------------------------------
                         slack                                 10.671    

Slack (MET) :             10.671ns  (required time - arrival time)
  Source:                 bnn_accelerator_design_i/processing_system7_0/inst/PS7_i/SAXIHP0ACLK
                            (rising edge-triggered cell PS7 clocked by clk_fpga_0  {rise@0.000ns fall@10.000ns period=20.000ns})
  Destination:            bnn_accelerator_design_i/axi_mem_intercon/s01_couplers/auto_us/inst/gen_upsizer.gen_full_upsizer.axi_upsizer_inst/USE_WRITE.write_addr_inst/GEN_CMD_QUEUE.cmd_queue/USE_RTL_ADDR.addr_q_reg[4]/CE
                            (rising edge-triggered cell FDRE clocked by clk_fpga_0  {rise@0.000ns fall@10.000ns period=20.000ns})
  Path Group:             clk_fpga_0
  Path Type:              Setup (Max at Slow Process Corner)
  Requirement:            20.000ns  (clk_fpga_0 rise@20.000ns - clk_fpga_0 rise@0.000ns)
  Data Path Delay:        8.579ns  (logic 2.606ns (30.378%)  route 5.973ns (69.622%))
  Logic Levels:           7  (LUT3=2 LUT4=2 LUT5=1 LUT6=2)
  Clock Path Skew:        -0.243ns (DCD - SCD + CPR)
    Destination Clock Delay (DCD):    2.757ns = ( 22.757 - 20.000 ) 
    Source Clock Delay      (SCD):    3.114ns
    Clock Pessimism Removal (CPR):    0.115ns
  Clock Uncertainty:      0.302ns  ((TSJ^2 + TIJ^2)^1/2 + DJ) / 2 + PE
    Total System Jitter     (TSJ):    0.071ns
    Total Input Jitter      (TIJ):    0.600ns
    Discrete Jitter          (DJ):    0.000ns
    Phase Error              (PE):    0.000ns

    Location             Delay type                Incr(ns)  Path(ns)    Netlist Resource(s)
  -------------------------------------------------------------------    -------------------
                         (clock clk_fpga_0 rise edge)
                                                      0.000     0.000 r  
    PS7_X0Y0             PS7                          0.000     0.000 r  bnn_accelerator_design_i/processing_system7_0/inst/PS7_i/FCLKCLK[0]
                         net (fo=1, routed)           1.193     1.193    bnn_accelerator_design_i/processing_system7_0/inst/FCLK_CLK_unbuffered[0]
    BUFGCTRL_X0Y16       BUFG (Prop_bufg_I_O)         0.101     1.294 r  bnn_accelerator_design_i/processing_system7_0/inst/buffer_fclk_clk_0.FCLK_CLK_0_BUFG/O
                         net (fo=3768, routed)        1.820     3.114    bnn_accelerator_design_i/processing_system7_0/inst/S_AXI_HP0_ACLK
    PS7_X0Y0             PS7                                          r  bnn_accelerator_design_i/processing_system7_0/inst/PS7_i/SAXIHP0ACLK
  -------------------------------------------------------------------    -------------------
    PS7_X0Y0             PS7 (Prop_ps7_SAXIHP0ACLK_SAXIHP0WREADY)
                                                      1.277     4.391 r  bnn_accelerator_design_i/processing_system7_0/inst/PS7_i/SAXIHP0WREADY
                         net (fo=5, routed)           2.132     6.524    bnn_accelerator_design_i/axi_mem_intercon/m00_couplers/auto_pc/inst/gen_axi4_axi3.axi3_conv_inst/USE_WRITE.write_addr_inst/USE_BURSTS.cmd_queue/inst/m_axi_wready
    SLICE_X12Y33         LUT3 (Prop_lut3_I2_O)        0.148     6.672 r  bnn_accelerator_design_i/axi_mem_intercon/m00_couplers/auto_pc/inst/gen_axi4_axi3.axi3_conv_inst/USE_WRITE.write_addr_inst/USE_BURSTS.cmd_queue/inst/s_axi_wready_INST_0/O
                         net (fo=8, routed)           0.750     7.422    bnn_accelerator_design_i/axi_mem_intercon/xbar/inst/gen_samd.crossbar_samd/gen_master_slots[0].gen_mi_write.wdata_mux_w/gen_wmux.wmux_aw_fifo/m_axi_wready[0]
    SLICE_X13Y36         LUT4 (Prop_lut4_I2_O)        0.328     7.750 r  bnn_accelerator_design_i/axi_mem_intercon/xbar/inst/gen_samd.crossbar_samd/gen_master_slots[0].gen_mi_write.wdata_mux_w/gen_wmux.wmux_aw_fifo/s_axi_wready[1]_INST_0_i_1/O
                         net (fo=2, routed)           0.276     8.025    bnn_accelerator_design_i/axi_mem_intercon/xbar/inst/gen_samd.crossbar_samd/gen_master_slots[1].gen_mi_write.wdata_mux_w/gen_wmux.wmux_aw_fifo/s_axi_wready[1]
    SLICE_X13Y36         LUT6 (Prop_lut6_I0_O)        0.124     8.149 r  bnn_accelerator_design_i/axi_mem_intercon/xbar/inst/gen_samd.crossbar_samd/gen_master_slots[1].gen_mi_write.wdata_mux_w/gen_wmux.wmux_aw_fifo/s_axi_wready[1]_INST_0/O
                         net (fo=22, routed)          0.570     8.720    bnn_accelerator_design_i/axi_mem_intercon/s01_couplers/auto_us/inst/gen_upsizer.gen_full_upsizer.axi_upsizer_inst/USE_WRITE.gen_non_fifo_w_upsizer.write_data_inst/m_axi_wready
    SLICE_X19Y36         LUT4 (Prop_lut4_I0_O)        0.124     8.844 r  bnn_accelerator_design_i/axi_mem_intercon/s01_couplers/auto_us/inst/gen_upsizer.gen_full_upsizer.axi_upsizer_inst/USE_WRITE.gen_non_fifo_w_upsizer.write_data_inst/USE_FF_OUT.USE_RTL_OUTPUT_PIPELINE.M_MESG_Q[29]_i_3/O
                         net (fo=1, routed)           0.786     9.630    bnn_accelerator_design_i/axi_mem_intercon/s01_couplers/auto_us/inst/gen_upsizer.gen_full_upsizer.axi_upsizer_inst/USE_WRITE.write_addr_inst/GEN_CMD_QUEUE.cmd_queue/USE_RTL_LENGTH.length_counter_q_reg[1]_0
    SLICE_X17Y38         LUT5 (Prop_lut5_I0_O)        0.124     9.754 r  bnn_accelerator_design_i/axi_mem_intercon/s01_couplers/auto_us/inst/gen_upsizer.gen_full_upsizer.axi_upsizer_inst/USE_WRITE.write_addr_inst/GEN_CMD_QUEUE.cmd_queue/USE_FF_OUT.USE_RTL_OUTPUT_PIPELINE.M_MESG_Q[29]_i_2/O
                         net (fo=11, routed)          0.643    10.397    bnn_accelerator_design_i/axi_mem_intercon/s01_couplers/auto_us/inst/gen_upsizer.gen_full_upsizer.axi_upsizer_inst/USE_WRITE.write_addr_inst/GEN_CMD_QUEUE.cmd_queue/m_axi_wready_0
    SLICE_X17Y37         LUT3 (Prop_lut3_I0_O)        0.149    10.546 r  bnn_accelerator_design_i/axi_mem_intercon/s01_couplers/auto_us/inst/gen_upsizer.gen_full_upsizer.axi_upsizer_inst/USE_WRITE.write_addr_inst/GEN_CMD_QUEUE.cmd_queue/USE_FF_OUT.USE_RTL_OUTPUT_PIPELINE.M_MESG_Q[29]_i_1/O
                         net (fo=29, routed)          0.483    11.029    bnn_accelerator_design_i/axi_mem_intercon/s01_couplers/auto_us/inst/gen_upsizer.gen_full_upsizer.axi_upsizer_inst/USE_WRITE.write_addr_inst/GEN_CMD_QUEUE.cmd_queue/M_READY_I
    SLICE_X19Y36         LUT6 (Prop_lut6_I1_O)        0.332    11.361 r  bnn_accelerator_design_i/axi_mem_intercon/s01_couplers/auto_us/inst/gen_upsizer.gen_full_upsizer.axi_upsizer_inst/USE_WRITE.write_addr_inst/GEN_CMD_QUEUE.cmd_queue/USE_RTL_ADDR.addr_q[4]_i_1/O
                         net (fo=5, routed)           0.332    11.693    bnn_accelerator_design_i/axi_mem_intercon/s01_couplers/auto_us/inst/gen_upsizer.gen_full_upsizer.axi_upsizer_inst/USE_WRITE.write_addr_inst/GEN_CMD_QUEUE.cmd_queue/USE_RTL_ADDR.addr_q
    SLICE_X19Y38         FDRE                                         r  bnn_accelerator_design_i/axi_mem_intercon/s01_couplers/auto_us/inst/gen_upsizer.gen_full_upsizer.axi_upsizer_inst/USE_WRITE.write_addr_inst/GEN_CMD_QUEUE.cmd_queue/USE_RTL_ADDR.addr_q_reg[4]/CE
  -------------------------------------------------------------------    -------------------

                         (clock clk_fpga_0 rise edge)
                                                     20.000    20.000 r  
    PS7_X0Y0             PS7                          0.000    20.000 r  bnn_accelerator_design_i/processing_system7_0/inst/PS7_i/FCLKCLK[0]
                         net (fo=1, routed)           1.088    21.088    bnn_accelerator_design_i/processing_system7_0/inst/FCLK_CLK_unbuffered[0]
    BUFGCTRL_X0Y16       BUFG (Prop_bufg_I_O)         0.091    21.179 r  bnn_accelerator_design_i/processing_system7_0/inst/buffer_fclk_clk_0.FCLK_CLK_0_BUFG/O
                         net (fo=3768, routed)        1.577    22.757    bnn_accelerator_design_i/axi_mem_intercon/s01_couplers/auto_us/inst/gen_upsizer.gen_full_upsizer.axi_upsizer_inst/USE_WRITE.write_addr_inst/GEN_CMD_QUEUE.cmd_queue/out
    SLICE_X19Y38         FDRE                                         r  bnn_accelerator_design_i/axi_mem_intercon/s01_couplers/auto_us/inst/gen_upsizer.gen_full_upsizer.axi_upsizer_inst/USE_WRITE.write_addr_inst/GEN_CMD_QUEUE.cmd_queue/USE_RTL_ADDR.addr_q_reg[4]/C
                         clock pessimism              0.115    22.871    
                         clock uncertainty           -0.302    22.569    
    SLICE_X19Y38         FDRE (Setup_fdre_C_CE)      -0.205    22.364    bnn_accelerator_design_i/axi_mem_intercon/s01_couplers/auto_us/inst/gen_upsizer.gen_full_upsizer.axi_upsizer_inst/USE_WRITE.write_addr_inst/GEN_CMD_QUEUE.cmd_queue/USE_RTL_ADDR.addr_q_reg[4]
  -------------------------------------------------------------------
                         required time                         22.364    
                         arrival time                         -11.693    
  -------------------------------------------------------------------
                         slack                                 10.671    

Slack (MET) :             10.676ns  (required time - arrival time)
  Source:                 bnn_accelerator_design_i/processing_system7_0/inst/PS7_i/SAXIHP0ACLK
                            (rising edge-triggered cell PS7 clocked by clk_fpga_0  {rise@0.000ns fall@10.000ns period=20.000ns})
  Destination:            bnn_accelerator_design_i/axi_mem_intercon/s01_couplers/auto_us/inst/gen_upsizer.gen_full_upsizer.axi_upsizer_inst/USE_WRITE.gen_non_fifo_w_upsizer.write_data_inst/WORD_LANE[0].USE_ALWAYS_PACKER.BYTE_LANE[3].USE_RTL_DATA.USE_REGISTER.M_AXI_WDATA_I_reg[27]/CE
                            (rising edge-triggered cell FDRE clocked by clk_fpga_0  {rise@0.000ns fall@10.000ns period=20.000ns})
  Path Group:             clk_fpga_0
  Path Type:              Setup (Max at Slow Process Corner)
  Requirement:            20.000ns  (clk_fpga_0 rise@20.000ns - clk_fpga_0 rise@0.000ns)
  Data Path Delay:        8.614ns  (logic 2.450ns (28.443%)  route 6.164ns (71.557%))
  Logic Levels:           6  (LUT3=2 LUT4=2 LUT5=1 LUT6=1)
  Clock Path Skew:        -0.239ns (DCD - SCD + CPR)
    Destination Clock Delay (DCD):    2.760ns = ( 22.760 - 20.000 ) 
    Source Clock Delay      (SCD):    3.114ns
    Clock Pessimism Removal (CPR):    0.115ns
  Clock Uncertainty:      0.302ns  ((TSJ^2 + TIJ^2)^1/2 + DJ) / 2 + PE
    Total System Jitter     (TSJ):    0.071ns
    Total Input Jitter      (TIJ):    0.600ns
    Discrete Jitter          (DJ):    0.000ns
    Phase Error              (PE):    0.000ns

    Location             Delay type                Incr(ns)  Path(ns)    Netlist Resource(s)
  -------------------------------------------------------------------    -------------------
                         (clock clk_fpga_0 rise edge)
                                                      0.000     0.000 r  
    PS7_X0Y0             PS7                          0.000     0.000 r  bnn_accelerator_design_i/processing_system7_0/inst/PS7_i/FCLKCLK[0]
                         net (fo=1, routed)           1.193     1.193    bnn_accelerator_design_i/processing_system7_0/inst/FCLK_CLK_unbuffered[0]
    BUFGCTRL_X0Y16       BUFG (Prop_bufg_I_O)         0.101     1.294 r  bnn_accelerator_design_i/processing_system7_0/inst/buffer_fclk_clk_0.FCLK_CLK_0_BUFG/O
                         net (fo=3768, routed)        1.820     3.114    bnn_accelerator_design_i/processing_system7_0/inst/S_AXI_HP0_ACLK
    PS7_X0Y0             PS7                                          r  bnn_accelerator_design_i/processing_system7_0/inst/PS7_i/SAXIHP0ACLK
  -------------------------------------------------------------------    -------------------
    PS7_X0Y0             PS7 (Prop_ps7_SAXIHP0ACLK_SAXIHP0WREADY)
                                                      1.277     4.391 r  bnn_accelerator_design_i/processing_system7_0/inst/PS7_i/SAXIHP0WREADY
                         net (fo=5, routed)           2.132     6.524    bnn_accelerator_design_i/axi_mem_intercon/m00_couplers/auto_pc/inst/gen_axi4_axi3.axi3_conv_inst/USE_WRITE.write_addr_inst/USE_BURSTS.cmd_queue/inst/m_axi_wready
    SLICE_X12Y33         LUT3 (Prop_lut3_I2_O)        0.148     6.672 r  bnn_accelerator_design_i/axi_mem_intercon/m00_couplers/auto_pc/inst/gen_axi4_axi3.axi3_conv_inst/USE_WRITE.write_addr_inst/USE_BURSTS.cmd_queue/inst/s_axi_wready_INST_0/O
                         net (fo=8, routed)           0.750     7.422    bnn_accelerator_design_i/axi_mem_intercon/xbar/inst/gen_samd.crossbar_samd/gen_master_slots[0].gen_mi_write.wdata_mux_w/gen_wmux.wmux_aw_fifo/m_axi_wready[0]
    SLICE_X13Y36         LUT4 (Prop_lut4_I2_O)        0.328     7.750 r  bnn_accelerator_design_i/axi_mem_intercon/xbar/inst/gen_samd.crossbar_samd/gen_master_slots[0].gen_mi_write.wdata_mux_w/gen_wmux.wmux_aw_fifo/s_axi_wready[1]_INST_0_i_1/O
                         net (fo=2, routed)           0.276     8.025    bnn_accelerator_design_i/axi_mem_intercon/xbar/inst/gen_samd.crossbar_samd/gen_master_slots[1].gen_mi_write.wdata_mux_w/gen_wmux.wmux_aw_fifo/s_axi_wready[1]
    SLICE_X13Y36         LUT6 (Prop_lut6_I0_O)        0.124     8.149 r  bnn_accelerator_design_i/axi_mem_intercon/xbar/inst/gen_samd.crossbar_samd/gen_master_slots[1].gen_mi_write.wdata_mux_w/gen_wmux.wmux_aw_fifo/s_axi_wready[1]_INST_0/O
                         net (fo=22, routed)          0.726     8.875    bnn_accelerator_design_i/axi_mem_intercon/s01_couplers/auto_us/inst/gen_upsizer.gen_full_upsizer.axi_upsizer_inst/USE_WRITE.write_addr_inst/GEN_CMD_QUEUE.cmd_queue/m_axi_wready
    SLICE_X19Y37         LUT4 (Prop_lut4_I2_O)        0.117     8.992 r  bnn_accelerator_design_i/axi_mem_intercon/s01_couplers/auto_us/inst/gen_upsizer.gen_full_upsizer.axi_upsizer_inst/USE_WRITE.write_addr_inst/GEN_CMD_QUEUE.cmd_queue/USE_RTL_CURR_WORD.first_word_q_i_1/O
                         net (fo=8, routed)           0.633     9.626    bnn_accelerator_design_i/axi_mem_intercon/s01_couplers/auto_us/inst/gen_upsizer.gen_full_upsizer.axi_upsizer_inst/USE_WRITE.write_addr_inst/GEN_CMD_QUEUE.cmd_queue/s_axi_wvalid_0[0]
    SLICE_X17Y37         LUT3 (Prop_lut3_I2_O)        0.332     9.958 r  bnn_accelerator_design_i/axi_mem_intercon/s01_couplers/auto_us/inst/gen_upsizer.gen_full_upsizer.axi_upsizer_inst/USE_WRITE.write_addr_inst/GEN_CMD_QUEUE.cmd_queue/WORD_LANE[1].USE_ALWAYS_PACKER.BYTE_LANE[3].USE_RTL_DATA.USE_REGISTER.M_AXI_WDATA_I[63]_i_5/O
                         net (fo=72, routed)          1.117    11.074    bnn_accelerator_design_i/axi_mem_intercon/s01_couplers/auto_us/inst/gen_upsizer.gen_full_upsizer.axi_upsizer_inst/USE_WRITE.gen_non_fifo_w_upsizer.write_data_inst/WORD_LANE[1].USE_ALWAYS_PACKER.BYTE_LANE[3].USE_RTL_DATA.USE_REGISTER.M_AXI_WDATA_I_reg[56]_0
    SLICE_X14Y48         LUT5 (Prop_lut5_I2_O)        0.124    11.198 r  bnn_accelerator_design_i/axi_mem_intercon/s01_couplers/auto_us/inst/gen_upsizer.gen_full_upsizer.axi_upsizer_inst/USE_WRITE.gen_non_fifo_w_upsizer.write_data_inst/WORD_LANE[0].USE_ALWAYS_PACKER.BYTE_LANE[3].USE_RTL_DATA.USE_REGISTER.M_AXI_WDATA_I[31]_i_1/O
                         net (fo=8, routed)           0.530    11.728    bnn_accelerator_design_i/axi_mem_intercon/s01_couplers/auto_us/inst/gen_upsizer.gen_full_upsizer.axi_upsizer_inst/USE_WRITE.gen_non_fifo_w_upsizer.write_data_inst/WORD_LANE[0].USE_ALWAYS_PACKER.BYTE_LANE[3].USE_RTL_DATA.USE_REGISTER.M_AXI_WDATA_I[31]_i_1_n_0
    SLICE_X16Y48         FDRE                                         r  bnn_accelerator_design_i/axi_mem_intercon/s01_couplers/auto_us/inst/gen_upsizer.gen_full_upsizer.axi_upsizer_inst/USE_WRITE.gen_non_fifo_w_upsizer.write_data_inst/WORD_LANE[0].USE_ALWAYS_PACKER.BYTE_LANE[3].USE_RTL_DATA.USE_REGISTER.M_AXI_WDATA_I_reg[27]/CE
  -------------------------------------------------------------------    -------------------

                         (clock clk_fpga_0 rise edge)
                                                     20.000    20.000 r  
    PS7_X0Y0             PS7                          0.000    20.000 r  bnn_accelerator_design_i/processing_system7_0/inst/PS7_i/FCLKCLK[0]
                         net (fo=1, routed)           1.088    21.088    bnn_accelerator_design_i/processing_system7_0/inst/FCLK_CLK_unbuffered[0]
    BUFGCTRL_X0Y16       BUFG (Prop_bufg_I_O)         0.091    21.179 r  bnn_accelerator_design_i/processing_system7_0/inst/buffer_fclk_clk_0.FCLK_CLK_0_BUFG/O
                         net (fo=3768, routed)        1.581    22.760    bnn_accelerator_design_i/axi_mem_intercon/s01_couplers/auto_us/inst/gen_upsizer.gen_full_upsizer.axi_upsizer_inst/USE_WRITE.gen_non_fifo_w_upsizer.write_data_inst/out
    SLICE_X16Y48         FDRE                                         r  bnn_accelerator_design_i/axi_mem_intercon/s01_couplers/auto_us/inst/gen_upsizer.gen_full_upsizer.axi_upsizer_inst/USE_WRITE.gen_non_fifo_w_upsizer.write_data_inst/WORD_LANE[0].USE_ALWAYS_PACKER.BYTE_LANE[3].USE_RTL_DATA.USE_REGISTER.M_AXI_WDATA_I_reg[27]/C
                         clock pessimism              0.115    22.875    
                         clock uncertainty           -0.302    22.573    
    SLICE_X16Y48         FDRE (Setup_fdre_C_CE)      -0.169    22.404    bnn_accelerator_design_i/axi_mem_intercon/s01_couplers/auto_us/inst/gen_upsizer.gen_full_upsizer.axi_upsizer_inst/USE_WRITE.gen_non_fifo_w_upsizer.write_data_inst/WORD_LANE[0].USE_ALWAYS_PACKER.BYTE_LANE[3].USE_RTL_DATA.USE_REGISTER.M_AXI_WDATA_I_reg[27]
  -------------------------------------------------------------------
                         required time                         22.404    
                         arrival time                         -11.728    
  -------------------------------------------------------------------
                         slack                                 10.676    

Slack (MET) :             10.676ns  (required time - arrival time)
  Source:                 bnn_accelerator_design_i/processing_system7_0/inst/PS7_i/SAXIHP0ACLK
                            (rising edge-triggered cell PS7 clocked by clk_fpga_0  {rise@0.000ns fall@10.000ns period=20.000ns})
  Destination:            bnn_accelerator_design_i/axi_mem_intercon/s01_couplers/auto_us/inst/gen_upsizer.gen_full_upsizer.axi_upsizer_inst/USE_WRITE.gen_non_fifo_w_upsizer.write_data_inst/WORD_LANE[0].USE_ALWAYS_PACKER.BYTE_LANE[3].USE_RTL_DATA.USE_REGISTER.M_AXI_WDATA_I_reg[31]/CE
                            (rising edge-triggered cell FDRE clocked by clk_fpga_0  {rise@0.000ns fall@10.000ns period=20.000ns})
  Path Group:             clk_fpga_0
  Path Type:              Setup (Max at Slow Process Corner)
  Requirement:            20.000ns  (clk_fpga_0 rise@20.000ns - clk_fpga_0 rise@0.000ns)
  Data Path Delay:        8.614ns  (logic 2.450ns (28.443%)  route 6.164ns (71.557%))
  Logic Levels:           6  (LUT3=2 LUT4=2 LUT5=1 LUT6=1)
  Clock Path Skew:        -0.239ns (DCD - SCD + CPR)
    Destination Clock Delay (DCD):    2.760ns = ( 22.760 - 20.000 ) 
    Source Clock Delay      (SCD):    3.114ns
    Clock Pessimism Removal (CPR):    0.115ns
  Clock Uncertainty:      0.302ns  ((TSJ^2 + TIJ^2)^1/2 + DJ) / 2 + PE
    Total System Jitter     (TSJ):    0.071ns
    Total Input Jitter      (TIJ):    0.600ns
    Discrete Jitter          (DJ):    0.000ns
    Phase Error              (PE):    0.000ns

    Location             Delay type                Incr(ns)  Path(ns)    Netlist Resource(s)
  -------------------------------------------------------------------    -------------------
                         (clock clk_fpga_0 rise edge)
                                                      0.000     0.000 r  
    PS7_X0Y0             PS7                          0.000     0.000 r  bnn_accelerator_design_i/processing_system7_0/inst/PS7_i/FCLKCLK[0]
                         net (fo=1, routed)           1.193     1.193    bnn_accelerator_design_i/processing_system7_0/inst/FCLK_CLK_unbuffered[0]
    BUFGCTRL_X0Y16       BUFG (Prop_bufg_I_O)         0.101     1.294 r  bnn_accelerator_design_i/processing_system7_0/inst/buffer_fclk_clk_0.FCLK_CLK_0_BUFG/O
                         net (fo=3768, routed)        1.820     3.114    bnn_accelerator_design_i/processing_system7_0/inst/S_AXI_HP0_ACLK
    PS7_X0Y0             PS7                                          r  bnn_accelerator_design_i/processing_system7_0/inst/PS7_i/SAXIHP0ACLK
  -------------------------------------------------------------------    -------------------
    PS7_X0Y0             PS7 (Prop_ps7_SAXIHP0ACLK_SAXIHP0WREADY)
                                                      1.277     4.391 r  bnn_accelerator_design_i/processing_system7_0/inst/PS7_i/SAXIHP0WREADY
                         net (fo=5, routed)           2.132     6.524    bnn_accelerator_design_i/axi_mem_intercon/m00_couplers/auto_pc/inst/gen_axi4_axi3.axi3_conv_inst/USE_WRITE.write_addr_inst/USE_BURSTS.cmd_queue/inst/m_axi_wready
    SLICE_X12Y33         LUT3 (Prop_lut3_I2_O)        0.148     6.672 r  bnn_accelerator_design_i/axi_mem_intercon/m00_couplers/auto_pc/inst/gen_axi4_axi3.axi3_conv_inst/USE_WRITE.write_addr_inst/USE_BURSTS.cmd_queue/inst/s_axi_wready_INST_0/O
                         net (fo=8, routed)           0.750     7.422    bnn_accelerator_design_i/axi_mem_intercon/xbar/inst/gen_samd.crossbar_samd/gen_master_slots[0].gen_mi_write.wdata_mux_w/gen_wmux.wmux_aw_fifo/m_axi_wready[0]
    SLICE_X13Y36         LUT4 (Prop_lut4_I2_O)        0.328     7.750 r  bnn_accelerator_design_i/axi_mem_intercon/xbar/inst/gen_samd.crossbar_samd/gen_master_slots[0].gen_mi_write.wdata_mux_w/gen_wmux.wmux_aw_fifo/s_axi_wready[1]_INST_0_i_1/O
                         net (fo=2, routed)           0.276     8.025    bnn_accelerator_design_i/axi_mem_intercon/xbar/inst/gen_samd.crossbar_samd/gen_master_slots[1].gen_mi_write.wdata_mux_w/gen_wmux.wmux_aw_fifo/s_axi_wready[1]
    SLICE_X13Y36         LUT6 (Prop_lut6_I0_O)        0.124     8.149 r  bnn_accelerator_design_i/axi_mem_intercon/xbar/inst/gen_samd.crossbar_samd/gen_master_slots[1].gen_mi_write.wdata_mux_w/gen_wmux.wmux_aw_fifo/s_axi_wready[1]_INST_0/O
                         net (fo=22, routed)          0.726     8.875    bnn_accelerator_design_i/axi_mem_intercon/s01_couplers/auto_us/inst/gen_upsizer.gen_full_upsizer.axi_upsizer_inst/USE_WRITE.write_addr_inst/GEN_CMD_QUEUE.cmd_queue/m_axi_wready
    SLICE_X19Y37         LUT4 (Prop_lut4_I2_O)        0.117     8.992 r  bnn_accelerator_design_i/axi_mem_intercon/s01_couplers/auto_us/inst/gen_upsizer.gen_full_upsizer.axi_upsizer_inst/USE_WRITE.write_addr_inst/GEN_CMD_QUEUE.cmd_queue/USE_RTL_CURR_WORD.first_word_q_i_1/O
                         net (fo=8, routed)           0.633     9.626    bnn_accelerator_design_i/axi_mem_intercon/s01_couplers/auto_us/inst/gen_upsizer.gen_full_upsizer.axi_upsizer_inst/USE_WRITE.write_addr_inst/GEN_CMD_QUEUE.cmd_queue/s_axi_wvalid_0[0]
    SLICE_X17Y37         LUT3 (Prop_lut3_I2_O)        0.332     9.958 r  bnn_accelerator_design_i/axi_mem_intercon/s01_couplers/auto_us/inst/gen_upsizer.gen_full_upsizer.axi_upsizer_inst/USE_WRITE.write_addr_inst/GEN_CMD_QUEUE.cmd_queue/WORD_LANE[1].USE_ALWAYS_PACKER.BYTE_LANE[3].USE_RTL_DATA.USE_REGISTER.M_AXI_WDATA_I[63]_i_5/O
                         net (fo=72, routed)          1.117    11.074    bnn_accelerator_design_i/axi_mem_intercon/s01_couplers/auto_us/inst/gen_upsizer.gen_full_upsizer.axi_upsizer_inst/USE_WRITE.gen_non_fifo_w_upsizer.write_data_inst/WORD_LANE[1].USE_ALWAYS_PACKER.BYTE_LANE[3].USE_RTL_DATA.USE_REGISTER.M_AXI_WDATA_I_reg[56]_0
    SLICE_X14Y48         LUT5 (Prop_lut5_I2_O)        0.124    11.198 r  bnn_accelerator_design_i/axi_mem_intercon/s01_couplers/auto_us/inst/gen_upsizer.gen_full_upsizer.axi_upsizer_inst/USE_WRITE.gen_non_fifo_w_upsizer.write_data_inst/WORD_LANE[0].USE_ALWAYS_PACKER.BYTE_LANE[3].USE_RTL_DATA.USE_REGISTER.M_AXI_WDATA_I[31]_i_1/O
                         net (fo=8, routed)           0.530    11.728    bnn_accelerator_design_i/axi_mem_intercon/s01_couplers/auto_us/inst/gen_upsizer.gen_full_upsizer.axi_upsizer_inst/USE_WRITE.gen_non_fifo_w_upsizer.write_data_inst/WORD_LANE[0].USE_ALWAYS_PACKER.BYTE_LANE[3].USE_RTL_DATA.USE_REGISTER.M_AXI_WDATA_I[31]_i_1_n_0
    SLICE_X16Y48         FDRE                                         r  bnn_accelerator_design_i/axi_mem_intercon/s01_couplers/auto_us/inst/gen_upsizer.gen_full_upsizer.axi_upsizer_inst/USE_WRITE.gen_non_fifo_w_upsizer.write_data_inst/WORD_LANE[0].USE_ALWAYS_PACKER.BYTE_LANE[3].USE_RTL_DATA.USE_REGISTER.M_AXI_WDATA_I_reg[31]/CE
  -------------------------------------------------------------------    -------------------

                         (clock clk_fpga_0 rise edge)
                                                     20.000    20.000 r  
    PS7_X0Y0             PS7                          0.000    20.000 r  bnn_accelerator_design_i/processing_system7_0/inst/PS7_i/FCLKCLK[0]
                         net (fo=1, routed)           1.088    21.088    bnn_accelerator_design_i/processing_system7_0/inst/FCLK_CLK_unbuffered[0]
    BUFGCTRL_X0Y16       BUFG (Prop_bufg_I_O)         0.091    21.179 r  bnn_accelerator_design_i/processing_system7_0/inst/buffer_fclk_clk_0.FCLK_CLK_0_BUFG/O
                         net (fo=3768, routed)        1.581    22.760    bnn_accelerator_design_i/axi_mem_intercon/s01_couplers/auto_us/inst/gen_upsizer.gen_full_upsizer.axi_upsizer_inst/USE_WRITE.gen_non_fifo_w_upsizer.write_data_inst/out
    SLICE_X16Y48         FDRE                                         r  bnn_accelerator_design_i/axi_mem_intercon/s01_couplers/auto_us/inst/gen_upsizer.gen_full_upsizer.axi_upsizer_inst/USE_WRITE.gen_non_fifo_w_upsizer.write_data_inst/WORD_LANE[0].USE_ALWAYS_PACKER.BYTE_LANE[3].USE_RTL_DATA.USE_REGISTER.M_AXI_WDATA_I_reg[31]/C
                         clock pessimism              0.115    22.875    
                         clock uncertainty           -0.302    22.573    
    SLICE_X16Y48         FDRE (Setup_fdre_C_CE)      -0.169    22.404    bnn_accelerator_design_i/axi_mem_intercon/s01_couplers/auto_us/inst/gen_upsizer.gen_full_upsizer.axi_upsizer_inst/USE_WRITE.gen_non_fifo_w_upsizer.write_data_inst/WORD_LANE[0].USE_ALWAYS_PACKER.BYTE_LANE[3].USE_RTL_DATA.USE_REGISTER.M_AXI_WDATA_I_reg[31]
  -------------------------------------------------------------------
                         required time                         22.404    
                         arrival time                         -11.728    
  -------------------------------------------------------------------
                         slack                                 10.676    

Slack (MET) :             10.708ns  (required time - arrival time)
  Source:                 bnn_accelerator_design_i/processing_system7_0/inst/PS7_i/SAXIHP0ACLK
                            (rising edge-triggered cell PS7 clocked by clk_fpga_0  {rise@0.000ns fall@10.000ns period=20.000ns})
  Destination:            bnn_accelerator_design_i/axi_mem_intercon/s01_couplers/auto_us/inst/gen_upsizer.gen_full_upsizer.axi_upsizer_inst/USE_WRITE.gen_non_fifo_w_upsizer.write_data_inst/WORD_LANE[1].USE_ALWAYS_PACKER.BYTE_LANE[3].USE_RTL_DATA.USE_REGISTER.M_AXI_WDATA_I_reg[57]/CE
                            (rising edge-triggered cell FDRE clocked by clk_fpga_0  {rise@0.000ns fall@10.000ns period=20.000ns})
  Path Group:             clk_fpga_0
  Path Type:              Setup (Max at Slow Process Corner)
  Requirement:            20.000ns  (clk_fpga_0 rise@20.000ns - clk_fpga_0 rise@0.000ns)
  Data Path Delay:        8.546ns  (logic 2.445ns (28.611%)  route 6.101ns (71.389%))
  Logic Levels:           6  (LUT3=1 LUT4=2 LUT5=2 LUT6=1)
  Clock Path Skew:        -0.239ns (DCD - SCD + CPR)
    Destination Clock Delay (DCD):    2.760ns = ( 22.760 - 20.000 ) 
    Source Clock Delay      (SCD):    3.114ns
    Clock Pessimism Removal (CPR):    0.115ns
  Clock Uncertainty:      0.302ns  ((TSJ^2 + TIJ^2)^1/2 + DJ) / 2 + PE
    Total System Jitter     (TSJ):    0.071ns
    Total Input Jitter      (TIJ):    0.600ns
    Discrete Jitter          (DJ):    0.000ns
    Phase Error              (PE):    0.000ns

    Location             Delay type                Incr(ns)  Path(ns)    Netlist Resource(s)
  -------------------------------------------------------------------    -------------------
                         (clock clk_fpga_0 rise edge)
                                                      0.000     0.000 r  
    PS7_X0Y0             PS7                          0.000     0.000 r  bnn_accelerator_design_i/processing_system7_0/inst/PS7_i/FCLKCLK[0]
                         net (fo=1, routed)           1.193     1.193    bnn_accelerator_design_i/processing_system7_0/inst/FCLK_CLK_unbuffered[0]
    BUFGCTRL_X0Y16       BUFG (Prop_bufg_I_O)         0.101     1.294 r  bnn_accelerator_design_i/processing_system7_0/inst/buffer_fclk_clk_0.FCLK_CLK_0_BUFG/O
                         net (fo=3768, routed)        1.820     3.114    bnn_accelerator_design_i/processing_system7_0/inst/S_AXI_HP0_ACLK
    PS7_X0Y0             PS7                                          r  bnn_accelerator_design_i/processing_system7_0/inst/PS7_i/SAXIHP0ACLK
  -------------------------------------------------------------------    -------------------
    PS7_X0Y0             PS7 (Prop_ps7_SAXIHP0ACLK_SAXIHP0WREADY)
                                                      1.277     4.391 r  bnn_accelerator_design_i/processing_system7_0/inst/PS7_i/SAXIHP0WREADY
                         net (fo=5, routed)           2.132     6.524    bnn_accelerator_design_i/axi_mem_intercon/m00_couplers/auto_pc/inst/gen_axi4_axi3.axi3_conv_inst/USE_WRITE.write_addr_inst/USE_BURSTS.cmd_queue/inst/m_axi_wready
    SLICE_X12Y33         LUT3 (Prop_lut3_I2_O)        0.148     6.672 r  bnn_accelerator_design_i/axi_mem_intercon/m00_couplers/auto_pc/inst/gen_axi4_axi3.axi3_conv_inst/USE_WRITE.write_addr_inst/USE_BURSTS.cmd_queue/inst/s_axi_wready_INST_0/O
                         net (fo=8, routed)           0.750     7.422    bnn_accelerator_design_i/axi_mem_intercon/xbar/inst/gen_samd.crossbar_samd/gen_master_slots[0].gen_mi_write.wdata_mux_w/gen_wmux.wmux_aw_fifo/m_axi_wready[0]
    SLICE_X13Y36         LUT4 (Prop_lut4_I2_O)        0.328     7.750 r  bnn_accelerator_design_i/axi_mem_intercon/xbar/inst/gen_samd.crossbar_samd/gen_master_slots[0].gen_mi_write.wdata_mux_w/gen_wmux.wmux_aw_fifo/s_axi_wready[1]_INST_0_i_1/O
                         net (fo=2, routed)           0.276     8.025    bnn_accelerator_design_i/axi_mem_intercon/xbar/inst/gen_samd.crossbar_samd/gen_master_slots[1].gen_mi_write.wdata_mux_w/gen_wmux.wmux_aw_fifo/s_axi_wready[1]
    SLICE_X13Y36         LUT6 (Prop_lut6_I0_O)        0.124     8.149 r  bnn_accelerator_design_i/axi_mem_intercon/xbar/inst/gen_samd.crossbar_samd/gen_master_slots[1].gen_mi_write.wdata_mux_w/gen_wmux.wmux_aw_fifo/s_axi_wready[1]_INST_0/O
                         net (fo=22, routed)          0.726     8.875    bnn_accelerator_design_i/axi_mem_intercon/s01_couplers/auto_us/inst/gen_upsizer.gen_full_upsizer.axi_upsizer_inst/USE_WRITE.gen_non_fifo_w_upsizer.write_data_inst/m_axi_wready
    SLICE_X19Y37         LUT4 (Prop_lut4_I1_O)        0.124     8.999 r  bnn_accelerator_design_i/axi_mem_intercon/s01_couplers/auto_us/inst/gen_upsizer.gen_full_upsizer.axi_upsizer_inst/USE_WRITE.gen_non_fifo_w_upsizer.write_data_inst/WORD_LANE[1].USE_ALWAYS_PACKER.BYTE_LANE[3].USE_RTL_DATA.USE_REGISTER.M_AXI_WDATA_I[63]_i_7/O
                         net (fo=2, routed)           0.576     9.575    bnn_accelerator_design_i/axi_mem_intercon/s01_couplers/auto_us/inst/gen_upsizer.gen_full_upsizer.axi_upsizer_inst/USE_WRITE.gen_non_fifo_w_upsizer.write_data_inst/WORD_LANE[1].USE_ALWAYS_PACKER.BYTE_LANE[3].USE_RTL_DATA.USE_REGISTER.M_AXI_WDATA_I[63]_i_7_n_0
    SLICE_X21Y39         LUT5 (Prop_lut5_I0_O)        0.118     9.693 r  bnn_accelerator_design_i/axi_mem_intercon/s01_couplers/auto_us/inst/gen_upsizer.gen_full_upsizer.axi_upsizer_inst/USE_WRITE.gen_non_fifo_w_upsizer.write_data_inst/WORD_LANE[1].USE_ALWAYS_PACKER.BYTE_LANE[3].USE_RTL_DATA.USE_REGISTER.M_AXI_WDATA_I[63]_i_4/O
                         net (fo=40, routed)          1.008    10.701    bnn_accelerator_design_i/axi_mem_intercon/s01_couplers/auto_us/inst/gen_upsizer.gen_full_upsizer.axi_upsizer_inst/USE_WRITE.gen_non_fifo_w_upsizer.write_data_inst/WORD_LANE[1].USE_ALWAYS_PACKER.BYTE_LANE[3].USE_RTL_DATA.USE_REGISTER.M_AXI_WDATA_I[63]_i_4_n_0
    SLICE_X15Y47         LUT5 (Prop_lut5_I1_O)        0.326    11.027 r  bnn_accelerator_design_i/axi_mem_intercon/s01_couplers/auto_us/inst/gen_upsizer.gen_full_upsizer.axi_upsizer_inst/USE_WRITE.gen_non_fifo_w_upsizer.write_data_inst/WORD_LANE[1].USE_ALWAYS_PACKER.BYTE_LANE[3].USE_RTL_DATA.USE_REGISTER.M_AXI_WDATA_I[63]_i_2/O
                         net (fo=8, routed)           0.633    11.660    bnn_accelerator_design_i/axi_mem_intercon/s01_couplers/auto_us/inst/gen_upsizer.gen_full_upsizer.axi_upsizer_inst/USE_WRITE.gen_non_fifo_w_upsizer.write_data_inst/WORD_LANE[1].USE_ALWAYS_PACKER.BYTE_LANE[3].USE_RTL_DATA.USE_REGISTER.M_AXI_WDATA_I[63]_i_2_n_0
    SLICE_X15Y49         FDRE                                         r  bnn_accelerator_design_i/axi_mem_intercon/s01_couplers/auto_us/inst/gen_upsizer.gen_full_upsizer.axi_upsizer_inst/USE_WRITE.gen_non_fifo_w_upsizer.write_data_inst/WORD_LANE[1].USE_ALWAYS_PACKER.BYTE_LANE[3].USE_RTL_DATA.USE_REGISTER.M_AXI_WDATA_I_reg[57]/CE
  -------------------------------------------------------------------    -------------------

                         (clock clk_fpga_0 rise edge)
                                                     20.000    20.000 r  
    PS7_X0Y0             PS7                          0.000    20.000 r  bnn_accelerator_design_i/processing_system7_0/inst/PS7_i/FCLKCLK[0]
                         net (fo=1, routed)           1.088    21.088    bnn_accelerator_design_i/processing_system7_0/inst/FCLK_CLK_unbuffered[0]
    BUFGCTRL_X0Y16       BUFG (Prop_bufg_I_O)         0.091    21.179 r  bnn_accelerator_design_i/processing_system7_0/inst/buffer_fclk_clk_0.FCLK_CLK_0_BUFG/O
                         net (fo=3768, routed)        1.581    22.760    bnn_accelerator_design_i/axi_mem_intercon/s01_couplers/auto_us/inst/gen_upsizer.gen_full_upsizer.axi_upsizer_inst/USE_WRITE.gen_non_fifo_w_upsizer.write_data_inst/out
    SLICE_X15Y49         FDRE                                         r  bnn_accelerator_design_i/axi_mem_intercon/s01_couplers/auto_us/inst/gen_upsizer.gen_full_upsizer.axi_upsizer_inst/USE_WRITE.gen_non_fifo_w_upsizer.write_data_inst/WORD_LANE[1].USE_ALWAYS_PACKER.BYTE_LANE[3].USE_RTL_DATA.USE_REGISTER.M_AXI_WDATA_I_reg[57]/C
                         clock pessimism              0.115    22.875    
                         clock uncertainty           -0.302    22.573    
    SLICE_X15Y49         FDRE (Setup_fdre_C_CE)      -0.205    22.368    bnn_accelerator_design_i/axi_mem_intercon/s01_couplers/auto_us/inst/gen_upsizer.gen_full_upsizer.axi_upsizer_inst/USE_WRITE.gen_non_fifo_w_upsizer.write_data_inst/WORD_LANE[1].USE_ALWAYS_PACKER.BYTE_LANE[3].USE_RTL_DATA.USE_REGISTER.M_AXI_WDATA_I_reg[57]
  -------------------------------------------------------------------
                         required time                         22.368    
                         arrival time                         -11.660    
  -------------------------------------------------------------------
                         slack                                 10.708    





Min Delay Paths
--------------------------------------------------------------------------------------
Slack (MET) :             0.042ns  (arrival time - required time)
  Source:                 bnn_accelerator_design_i/axi_dma_0/U0/I_PRMRY_DATAMOVER/GEN_MM2S_FULL.I_MM2S_FULL_WRAPPER/I_ADDR_CNTL/sig_next_addr_reg_reg[17]/C
                            (rising edge-triggered cell FDRE clocked by clk_fpga_0  {rise@0.000ns fall@10.000ns period=20.000ns})
  Destination:            bnn_accelerator_design_i/axi_mem_intercon/s00_couplers/auto_us/inst/gen_upsizer.gen_full_upsizer.axi_upsizer_inst/si_register_slice_inst/ar.ar_pipe/m_payload_i_reg[17]/D
                            (rising edge-triggered cell FDRE clocked by clk_fpga_0  {rise@0.000ns fall@10.000ns period=20.000ns})
  Path Group:             clk_fpga_0
  Path Type:              Hold (Min at Fast Process Corner)
  Requirement:            0.000ns  (clk_fpga_0 rise@0.000ns - clk_fpga_0 rise@0.000ns)
  Data Path Delay:        0.321ns  (logic 0.148ns (46.122%)  route 0.173ns (53.878%))
  Logic Levels:           0  
  Clock Path Skew:        0.286ns (DCD - SCD - CPR)
    Destination Clock Delay (DCD):    1.226ns
    Source Clock Delay      (SCD):    0.910ns
    Clock Pessimism Removal (CPR):    0.030ns

    Location             Delay type                Incr(ns)  Path(ns)    Netlist Resource(s)
  -------------------------------------------------------------------    -------------------
                         (clock clk_fpga_0 rise edge)
                                                      0.000     0.000 r  
    PS7_X0Y0             PS7                          0.000     0.000 r  bnn_accelerator_design_i/processing_system7_0/inst/PS7_i/FCLKCLK[0]
                         net (fo=1, routed)           0.310     0.310    bnn_accelerator_design_i/processing_system7_0/inst/FCLK_CLK_unbuffered[0]
    BUFGCTRL_X0Y16       BUFG (Prop_bufg_I_O)         0.026     0.336 r  bnn_accelerator_design_i/processing_system7_0/inst/buffer_fclk_clk_0.FCLK_CLK_0_BUFG/O
                         net (fo=3768, routed)        0.574     0.910    bnn_accelerator_design_i/axi_dma_0/U0/I_PRMRY_DATAMOVER/GEN_MM2S_FULL.I_MM2S_FULL_WRAPPER/I_ADDR_CNTL/m_axi_mm2s_aclk
    SLICE_X26Y50         FDRE                                         r  bnn_accelerator_design_i/axi_dma_0/U0/I_PRMRY_DATAMOVER/GEN_MM2S_FULL.I_MM2S_FULL_WRAPPER/I_ADDR_CNTL/sig_next_addr_reg_reg[17]/C
  -------------------------------------------------------------------    -------------------
    SLICE_X26Y50         FDRE (Prop_fdre_C_Q)         0.148     1.058 r  bnn_accelerator_design_i/axi_dma_0/U0/I_PRMRY_DATAMOVER/GEN_MM2S_FULL.I_MM2S_FULL_WRAPPER/I_ADDR_CNTL/sig_next_addr_reg_reg[17]/Q
                         net (fo=1, routed)           0.173     1.230    bnn_accelerator_design_i/axi_mem_intercon/s00_couplers/auto_us/inst/gen_upsizer.gen_full_upsizer.axi_upsizer_inst/si_register_slice_inst/ar.ar_pipe/D[17]
    SLICE_X27Y49         FDRE                                         r  bnn_accelerator_design_i/axi_mem_intercon/s00_couplers/auto_us/inst/gen_upsizer.gen_full_upsizer.axi_upsizer_inst/si_register_slice_inst/ar.ar_pipe/m_payload_i_reg[17]/D
  -------------------------------------------------------------------    -------------------

                         (clock clk_fpga_0 rise edge)
                                                      0.000     0.000 r  
    PS7_X0Y0             PS7                          0.000     0.000 r  bnn_accelerator_design_i/processing_system7_0/inst/PS7_i/FCLKCLK[0]
                         net (fo=1, routed)           0.337     0.337    bnn_accelerator_design_i/processing_system7_0/inst/FCLK_CLK_unbuffered[0]
    BUFGCTRL_X0Y16       BUFG (Prop_bufg_I_O)         0.029     0.366 r  bnn_accelerator_design_i/processing_system7_0/inst/buffer_fclk_clk_0.FCLK_CLK_0_BUFG/O
                         net (fo=3768, routed)        0.860     1.226    bnn_accelerator_design_i/axi_mem_intercon/s00_couplers/auto_us/inst/gen_upsizer.gen_full_upsizer.axi_upsizer_inst/si_register_slice_inst/ar.ar_pipe/out
    SLICE_X27Y49         FDRE                                         r  bnn_accelerator_design_i/axi_mem_intercon/s00_couplers/auto_us/inst/gen_upsizer.gen_full_upsizer.axi_upsizer_inst/si_register_slice_inst/ar.ar_pipe/m_payload_i_reg[17]/C
                         clock pessimism             -0.030     1.196    
    SLICE_X27Y49         FDRE (Hold_fdre_C_D)        -0.007     1.189    bnn_accelerator_design_i/axi_mem_intercon/s00_couplers/auto_us/inst/gen_upsizer.gen_full_upsizer.axi_upsizer_inst/si_register_slice_inst/ar.ar_pipe/m_payload_i_reg[17]
  -------------------------------------------------------------------
                         required time                         -1.189    
                         arrival time                           1.230    
  -------------------------------------------------------------------
                         slack                                  0.042    

Slack (MET) :             0.054ns  (arrival time - required time)
  Source:                 bnn_accelerator_design_i/axi_dma_0/U0/I_PRMRY_DATAMOVER/GEN_S2MM_FULL.I_S2MM_FULL_WRAPPER/GEN_INCLUDE_IBTTCC.I_S2MM_MSTR_IBTTCC/sig_child_addr_reg_reg[16]/C
                            (rising edge-triggered cell FDRE clocked by clk_fpga_0  {rise@0.000ns fall@10.000ns period=20.000ns})
  Destination:            bnn_accelerator_design_i/axi_dma_0/U0/I_PRMRY_DATAMOVER/GEN_S2MM_FULL.I_S2MM_FULL_WRAPPER/GEN_INCLUDE_IBTTCC.I_S2MM_MSTR_IBTTCC/sig_child_addr_cntr_msh_reg[0]/D
                            (rising edge-triggered cell FDRE clocked by clk_fpga_0  {rise@0.000ns fall@10.000ns period=20.000ns})
  Path Group:             clk_fpga_0
  Path Type:              Hold (Min at Fast Process Corner)
  Requirement:            0.000ns  (clk_fpga_0 rise@0.000ns - clk_fpga_0 rise@0.000ns)
  Data Path Delay:        0.461ns  (logic 0.256ns (55.588%)  route 0.205ns (44.412%))
  Logic Levels:           2  (CARRY4=1 LUT3=1)
  Clock Path Skew:        0.272ns (DCD - SCD - CPR)
    Destination Clock Delay (DCD):    1.197ns
    Source Clock Delay      (SCD):    0.895ns
    Clock Pessimism Removal (CPR):    0.030ns

    Location             Delay type                Incr(ns)  Path(ns)    Netlist Resource(s)
  -------------------------------------------------------------------    -------------------
                         (clock clk_fpga_0 rise edge)
                                                      0.000     0.000 r  
    PS7_X0Y0             PS7                          0.000     0.000 r  bnn_accelerator_design_i/processing_system7_0/inst/PS7_i/FCLKCLK[0]
                         net (fo=1, routed)           0.310     0.310    bnn_accelerator_design_i/processing_system7_0/inst/FCLK_CLK_unbuffered[0]
    BUFGCTRL_X0Y16       BUFG (Prop_bufg_I_O)         0.026     0.336 r  bnn_accelerator_design_i/processing_system7_0/inst/buffer_fclk_clk_0.FCLK_CLK_0_BUFG/O
                         net (fo=3768, routed)        0.559     0.895    bnn_accelerator_design_i/axi_dma_0/U0/I_PRMRY_DATAMOVER/GEN_S2MM_FULL.I_S2MM_FULL_WRAPPER/GEN_INCLUDE_IBTTCC.I_S2MM_MSTR_IBTTCC/m_axi_s2mm_aclk
    SLICE_X35Y50         FDRE                                         r  bnn_accelerator_design_i/axi_dma_0/U0/I_PRMRY_DATAMOVER/GEN_S2MM_FULL.I_S2MM_FULL_WRAPPER/GEN_INCLUDE_IBTTCC.I_S2MM_MSTR_IBTTCC/sig_child_addr_reg_reg[16]/C
  -------------------------------------------------------------------    -------------------
    SLICE_X35Y50         FDRE (Prop_fdre_C_Q)         0.141     1.036 r  bnn_accelerator_design_i/axi_dma_0/U0/I_PRMRY_DATAMOVER/GEN_S2MM_FULL.I_S2MM_FULL_WRAPPER/GEN_INCLUDE_IBTTCC.I_S2MM_MSTR_IBTTCC/sig_child_addr_reg_reg[16]/Q
                         net (fo=2, routed)           0.205     1.240    bnn_accelerator_design_i/axi_dma_0/U0/I_PRMRY_DATAMOVER/GEN_S2MM_FULL.I_S2MM_FULL_WRAPPER/GEN_INCLUDE_IBTTCC.I_S2MM_MSTR_IBTTCC/data[0]
    SLICE_X34Y49         LUT3 (Prop_lut3_I1_O)        0.045     1.285 r  bnn_accelerator_design_i/axi_dma_0/U0/I_PRMRY_DATAMOVER/GEN_S2MM_FULL.I_S2MM_FULL_WRAPPER/GEN_INCLUDE_IBTTCC.I_S2MM_MSTR_IBTTCC/sig_child_addr_cntr_msh[0]_i_7/O
                         net (fo=1, routed)           0.000     1.285    bnn_accelerator_design_i/axi_dma_0/U0/I_PRMRY_DATAMOVER/GEN_S2MM_FULL.I_S2MM_FULL_WRAPPER/GEN_INCLUDE_IBTTCC.I_S2MM_MSTR_IBTTCC/sig_child_addr_cntr_msh[0]_i_7_n_0
    SLICE_X34Y49         CARRY4 (Prop_carry4_S[0]_O[0])
                                                      0.070     1.355 r  bnn_accelerator_design_i/axi_dma_0/U0/I_PRMRY_DATAMOVER/GEN_S2MM_FULL.I_S2MM_FULL_WRAPPER/GEN_INCLUDE_IBTTCC.I_S2MM_MSTR_IBTTCC/sig_child_addr_cntr_msh_reg[0]_i_2/O[0]
                         net (fo=1, routed)           0.000     1.355    bnn_accelerator_design_i/axi_dma_0/U0/I_PRMRY_DATAMOVER/GEN_S2MM_FULL.I_S2MM_FULL_WRAPPER/GEN_INCLUDE_IBTTCC.I_S2MM_MSTR_IBTTCC/sig_child_addr_cntr_msh_reg[0]_i_2_n_7
    SLICE_X34Y49         FDRE                                         r  bnn_accelerator_design_i/axi_dma_0/U0/I_PRMRY_DATAMOVER/GEN_S2MM_FULL.I_S2MM_FULL_WRAPPER/GEN_INCLUDE_IBTTCC.I_S2MM_MSTR_IBTTCC/sig_child_addr_cntr_msh_reg[0]/D
  -------------------------------------------------------------------    -------------------

                         (clock clk_fpga_0 rise edge)
                                                      0.000     0.000 r  
    PS7_X0Y0             PS7                          0.000     0.000 r  bnn_accelerator_design_i/processing_system7_0/inst/PS7_i/FCLKCLK[0]
                         net (fo=1, routed)           0.337     0.337    bnn_accelerator_design_i/processing_system7_0/inst/FCLK_CLK_unbuffered[0]
    BUFGCTRL_X0Y16       BUFG (Prop_bufg_I_O)         0.029     0.366 r  bnn_accelerator_design_i/processing_system7_0/inst/buffer_fclk_clk_0.FCLK_CLK_0_BUFG/O
                         net (fo=3768, routed)        0.831     1.197    bnn_accelerator_design_i/axi_dma_0/U0/I_PRMRY_DATAMOVER/GEN_S2MM_FULL.I_S2MM_FULL_WRAPPER/GEN_INCLUDE_IBTTCC.I_S2MM_MSTR_IBTTCC/m_axi_s2mm_aclk
    SLICE_X34Y49         FDRE                                         r  bnn_accelerator_design_i/axi_dma_0/U0/I_PRMRY_DATAMOVER/GEN_S2MM_FULL.I_S2MM_FULL_WRAPPER/GEN_INCLUDE_IBTTCC.I_S2MM_MSTR_IBTTCC/sig_child_addr_cntr_msh_reg[0]/C
                         clock pessimism             -0.030     1.167    
    SLICE_X34Y49         FDRE (Hold_fdre_C_D)         0.134     1.301    bnn_accelerator_design_i/axi_dma_0/U0/I_PRMRY_DATAMOVER/GEN_S2MM_FULL.I_S2MM_FULL_WRAPPER/GEN_INCLUDE_IBTTCC.I_S2MM_MSTR_IBTTCC/sig_child_addr_cntr_msh_reg[0]
  -------------------------------------------------------------------
                         required time                         -1.301    
                         arrival time                           1.355    
  -------------------------------------------------------------------
                         slack                                  0.054    

Slack (MET) :             0.055ns  (arrival time - required time)
  Source:                 bnn_accelerator_design_i/axi_dma_0/U0/I_PRMRY_DATAMOVER/GEN_S2MM_FULL.I_S2MM_FULL_WRAPPER/GEN_INCLUDE_IBTTCC.I_S2MM_MSTR_IBTTCC/sig_child_addr_reg_reg[19]/C
                            (rising edge-triggered cell FDRE clocked by clk_fpga_0  {rise@0.000ns fall@10.000ns period=20.000ns})
  Destination:            bnn_accelerator_design_i/axi_dma_0/U0/I_PRMRY_DATAMOVER/GEN_S2MM_FULL.I_S2MM_FULL_WRAPPER/GEN_INCLUDE_IBTTCC.I_S2MM_MSTR_IBTTCC/sig_child_addr_cntr_msh_reg[3]/D
                            (rising edge-triggered cell FDRE clocked by clk_fpga_0  {rise@0.000ns fall@10.000ns period=20.000ns})
  Path Group:             clk_fpga_0
  Path Type:              Hold (Min at Fast Process Corner)
  Requirement:            0.000ns  (clk_fpga_0 rise@0.000ns - clk_fpga_0 rise@0.000ns)
  Data Path Delay:        0.462ns  (logic 0.250ns (54.167%)  route 0.212ns (45.833%))
  Logic Levels:           2  (CARRY4=1 LUT3=1)
  Clock Path Skew:        0.272ns (DCD - SCD - CPR)
    Destination Clock Delay (DCD):    1.197ns
    Source Clock Delay      (SCD):    0.895ns
    Clock Pessimism Removal (CPR):    0.030ns

    Location             Delay type                Incr(ns)  Path(ns)    Netlist Resource(s)
  -------------------------------------------------------------------    -------------------
                         (clock clk_fpga_0 rise edge)
                                                      0.000     0.000 r  
    PS7_X0Y0             PS7                          0.000     0.000 r  bnn_accelerator_design_i/processing_system7_0/inst/PS7_i/FCLKCLK[0]
                         net (fo=1, routed)           0.310     0.310    bnn_accelerator_design_i/processing_system7_0/inst/FCLK_CLK_unbuffered[0]
    BUFGCTRL_X0Y16       BUFG (Prop_bufg_I_O)         0.026     0.336 r  bnn_accelerator_design_i/processing_system7_0/inst/buffer_fclk_clk_0.FCLK_CLK_0_BUFG/O
                         net (fo=3768, routed)        0.559     0.895    bnn_accelerator_design_i/axi_dma_0/U0/I_PRMRY_DATAMOVER/GEN_S2MM_FULL.I_S2MM_FULL_WRAPPER/GEN_INCLUDE_IBTTCC.I_S2MM_MSTR_IBTTCC/m_axi_s2mm_aclk
    SLICE_X35Y50         FDRE                                         r  bnn_accelerator_design_i/axi_dma_0/U0/I_PRMRY_DATAMOVER/GEN_S2MM_FULL.I_S2MM_FULL_WRAPPER/GEN_INCLUDE_IBTTCC.I_S2MM_MSTR_IBTTCC/sig_child_addr_reg_reg[19]/C
  -------------------------------------------------------------------    -------------------
    SLICE_X35Y50         FDRE (Prop_fdre_C_Q)         0.141     1.036 r  bnn_accelerator_design_i/axi_dma_0/U0/I_PRMRY_DATAMOVER/GEN_S2MM_FULL.I_S2MM_FULL_WRAPPER/GEN_INCLUDE_IBTTCC.I_S2MM_MSTR_IBTTCC/sig_child_addr_reg_reg[19]/Q
                         net (fo=1, routed)           0.212     1.247    bnn_accelerator_design_i/axi_dma_0/U0/I_PRMRY_DATAMOVER/GEN_S2MM_FULL.I_S2MM_FULL_WRAPPER/GEN_INCLUDE_IBTTCC.I_S2MM_MSTR_IBTTCC/data[3]
    SLICE_X34Y49         LUT3 (Prop_lut3_I0_O)        0.045     1.292 r  bnn_accelerator_design_i/axi_dma_0/U0/I_PRMRY_DATAMOVER/GEN_S2MM_FULL.I_S2MM_FULL_WRAPPER/GEN_INCLUDE_IBTTCC.I_S2MM_MSTR_IBTTCC/sig_child_addr_cntr_msh[0]_i_4/O
                         net (fo=1, routed)           0.000     1.292    bnn_accelerator_design_i/axi_dma_0/U0/I_PRMRY_DATAMOVER/GEN_S2MM_FULL.I_S2MM_FULL_WRAPPER/GEN_INCLUDE_IBTTCC.I_S2MM_MSTR_IBTTCC/sig_child_addr_cntr_msh[0]_i_4_n_0
    SLICE_X34Y49         CARRY4 (Prop_carry4_S[3]_O[3])
                                                      0.064     1.356 r  bnn_accelerator_design_i/axi_dma_0/U0/I_PRMRY_DATAMOVER/GEN_S2MM_FULL.I_S2MM_FULL_WRAPPER/GEN_INCLUDE_IBTTCC.I_S2MM_MSTR_IBTTCC/sig_child_addr_cntr_msh_reg[0]_i_2/O[3]
                         net (fo=1, routed)           0.000     1.356    bnn_accelerator_design_i/axi_dma_0/U0/I_PRMRY_DATAMOVER/GEN_S2MM_FULL.I_S2MM_FULL_WRAPPER/GEN_INCLUDE_IBTTCC.I_S2MM_MSTR_IBTTCC/sig_child_addr_cntr_msh_reg[0]_i_2_n_4
    SLICE_X34Y49         FDRE                                         r  bnn_accelerator_design_i/axi_dma_0/U0/I_PRMRY_DATAMOVER/GEN_S2MM_FULL.I_S2MM_FULL_WRAPPER/GEN_INCLUDE_IBTTCC.I_S2MM_MSTR_IBTTCC/sig_child_addr_cntr_msh_reg[3]/D
  -------------------------------------------------------------------    -------------------

                         (clock clk_fpga_0 rise edge)
                                                      0.000     0.000 r  
    PS7_X0Y0             PS7                          0.000     0.000 r  bnn_accelerator_design_i/processing_system7_0/inst/PS7_i/FCLKCLK[0]
                         net (fo=1, routed)           0.337     0.337    bnn_accelerator_design_i/processing_system7_0/inst/FCLK_CLK_unbuffered[0]
    BUFGCTRL_X0Y16       BUFG (Prop_bufg_I_O)         0.029     0.366 r  bnn_accelerator_design_i/processing_system7_0/inst/buffer_fclk_clk_0.FCLK_CLK_0_BUFG/O
                         net (fo=3768, routed)        0.831     1.197    bnn_accelerator_design_i/axi_dma_0/U0/I_PRMRY_DATAMOVER/GEN_S2MM_FULL.I_S2MM_FULL_WRAPPER/GEN_INCLUDE_IBTTCC.I_S2MM_MSTR_IBTTCC/m_axi_s2mm_aclk
    SLICE_X34Y49         FDRE                                         r  bnn_accelerator_design_i/axi_dma_0/U0/I_PRMRY_DATAMOVER/GEN_S2MM_FULL.I_S2MM_FULL_WRAPPER/GEN_INCLUDE_IBTTCC.I_S2MM_MSTR_IBTTCC/sig_child_addr_cntr_msh_reg[3]/C
                         clock pessimism             -0.030     1.167    
    SLICE_X34Y49         FDRE (Hold_fdre_C_D)         0.134     1.301    bnn_accelerator_design_i/axi_dma_0/U0/I_PRMRY_DATAMOVER/GEN_S2MM_FULL.I_S2MM_FULL_WRAPPER/GEN_INCLUDE_IBTTCC.I_S2MM_MSTR_IBTTCC/sig_child_addr_cntr_msh_reg[3]
  -------------------------------------------------------------------
                         required time                         -1.301    
                         arrival time                           1.356    
  -------------------------------------------------------------------
                         slack                                  0.055    

Slack (MET) :             0.057ns  (arrival time - required time)
  Source:                 bnn_accelerator_design_i/axi_dma_0/U0/I_PRMRY_DATAMOVER/GEN_MM2S_FULL.I_MM2S_FULL_WRAPPER/I_ADDR_CNTL/sig_next_addr_reg_reg[19]/C
                            (rising edge-triggered cell FDRE clocked by clk_fpga_0  {rise@0.000ns fall@10.000ns period=20.000ns})
  Destination:            bnn_accelerator_design_i/axi_mem_intercon/s00_couplers/auto_us/inst/gen_upsizer.gen_full_upsizer.axi_upsizer_inst/si_register_slice_inst/ar.ar_pipe/m_payload_i_reg[19]/D
                            (rising edge-triggered cell FDRE clocked by clk_fpga_0  {rise@0.000ns fall@10.000ns period=20.000ns})
  Path Group:             clk_fpga_0
  Path Type:              Hold (Min at Fast Process Corner)
  Requirement:            0.000ns  (clk_fpga_0 rise@0.000ns - clk_fpga_0 rise@0.000ns)
  Data Path Delay:        0.390ns  (logic 0.164ns (42.068%)  route 0.226ns (57.932%))
  Logic Levels:           0  
  Clock Path Skew:        0.286ns (DCD - SCD - CPR)
    Destination Clock Delay (DCD):    1.226ns
    Source Clock Delay      (SCD):    0.910ns
    Clock Pessimism Removal (CPR):    0.030ns

    Location             Delay type                Incr(ns)  Path(ns)    Netlist Resource(s)
  -------------------------------------------------------------------    -------------------
                         (clock clk_fpga_0 rise edge)
                                                      0.000     0.000 r  
    PS7_X0Y0             PS7                          0.000     0.000 r  bnn_accelerator_design_i/processing_system7_0/inst/PS7_i/FCLKCLK[0]
                         net (fo=1, routed)           0.310     0.310    bnn_accelerator_design_i/processing_system7_0/inst/FCLK_CLK_unbuffered[0]
    BUFGCTRL_X0Y16       BUFG (Prop_bufg_I_O)         0.026     0.336 r  bnn_accelerator_design_i/processing_system7_0/inst/buffer_fclk_clk_0.FCLK_CLK_0_BUFG/O
                         net (fo=3768, routed)        0.574     0.910    bnn_accelerator_design_i/axi_dma_0/U0/I_PRMRY_DATAMOVER/GEN_MM2S_FULL.I_MM2S_FULL_WRAPPER/I_ADDR_CNTL/m_axi_mm2s_aclk
    SLICE_X26Y50         FDRE                                         r  bnn_accelerator_design_i/axi_dma_0/U0/I_PRMRY_DATAMOVER/GEN_MM2S_FULL.I_MM2S_FULL_WRAPPER/I_ADDR_CNTL/sig_next_addr_reg_reg[19]/C
  -------------------------------------------------------------------    -------------------
    SLICE_X26Y50         FDRE (Prop_fdre_C_Q)         0.164     1.074 r  bnn_accelerator_design_i/axi_dma_0/U0/I_PRMRY_DATAMOVER/GEN_MM2S_FULL.I_MM2S_FULL_WRAPPER/I_ADDR_CNTL/sig_next_addr_reg_reg[19]/Q
                         net (fo=1, routed)           0.226     1.299    bnn_accelerator_design_i/axi_mem_intercon/s00_couplers/auto_us/inst/gen_upsizer.gen_full_upsizer.axi_upsizer_inst/si_register_slice_inst/ar.ar_pipe/D[19]
    SLICE_X27Y49         FDRE                                         r  bnn_accelerator_design_i/axi_mem_intercon/s00_couplers/auto_us/inst/gen_upsizer.gen_full_upsizer.axi_upsizer_inst/si_register_slice_inst/ar.ar_pipe/m_payload_i_reg[19]/D
  -------------------------------------------------------------------    -------------------

                         (clock clk_fpga_0 rise edge)
                                                      0.000     0.000 r  
    PS7_X0Y0             PS7                          0.000     0.000 r  bnn_accelerator_design_i/processing_system7_0/inst/PS7_i/FCLKCLK[0]
                         net (fo=1, routed)           0.337     0.337    bnn_accelerator_design_i/processing_system7_0/inst/FCLK_CLK_unbuffered[0]
    BUFGCTRL_X0Y16       BUFG (Prop_bufg_I_O)         0.029     0.366 r  bnn_accelerator_design_i/processing_system7_0/inst/buffer_fclk_clk_0.FCLK_CLK_0_BUFG/O
                         net (fo=3768, routed)        0.860     1.226    bnn_accelerator_design_i/axi_mem_intercon/s00_couplers/auto_us/inst/gen_upsizer.gen_full_upsizer.axi_upsizer_inst/si_register_slice_inst/ar.ar_pipe/out
    SLICE_X27Y49         FDRE                                         r  bnn_accelerator_design_i/axi_mem_intercon/s00_couplers/auto_us/inst/gen_upsizer.gen_full_upsizer.axi_upsizer_inst/si_register_slice_inst/ar.ar_pipe/m_payload_i_reg[19]/C
                         clock pessimism             -0.030     1.196    
    SLICE_X27Y49         FDRE (Hold_fdre_C_D)         0.047     1.243    bnn_accelerator_design_i/axi_mem_intercon/s00_couplers/auto_us/inst/gen_upsizer.gen_full_upsizer.axi_upsizer_inst/si_register_slice_inst/ar.ar_pipe/m_payload_i_reg[19]
  -------------------------------------------------------------------
                         required time                         -1.243    
                         arrival time                           1.299    
  -------------------------------------------------------------------
                         slack                                  0.057    

Slack (MET) :             0.057ns  (arrival time - required time)
  Source:                 bnn_accelerator_design_i/axi_mem_intercon/s00_couplers/auto_us/inst/gen_upsizer.gen_full_upsizer.axi_upsizer_inst/si_register_slice_inst/ar.ar_pipe/m_payload_i_reg[25]/C
                            (rising edge-triggered cell FDRE clocked by clk_fpga_0  {rise@0.000ns fall@10.000ns period=20.000ns})
  Destination:            bnn_accelerator_design_i/axi_mem_intercon/xbar/inst/gen_samd.crossbar_samd/addr_arbiter_ar/gen_arbiter.m_mesg_i_reg[26]/D
                            (rising edge-triggered cell FDRE clocked by clk_fpga_0  {rise@0.000ns fall@10.000ns period=20.000ns})
  Path Group:             clk_fpga_0
  Path Type:              Hold (Min at Fast Process Corner)
  Requirement:            0.000ns  (clk_fpga_0 rise@0.000ns - clk_fpga_0 rise@0.000ns)
  Data Path Delay:        0.403ns  (logic 0.164ns (40.672%)  route 0.239ns (59.328%))
  Logic Levels:           0  
  Clock Path Skew:        0.286ns (DCD - SCD - CPR)
    Destination Clock Delay (DCD):    1.226ns
    Source Clock Delay      (SCD):    0.910ns
    Clock Pessimism Removal (CPR):    0.030ns

    Location             Delay type                Incr(ns)  Path(ns)    Netlist Resource(s)
  -------------------------------------------------------------------    -------------------
                         (clock clk_fpga_0 rise edge)
                                                      0.000     0.000 r  
    PS7_X0Y0             PS7                          0.000     0.000 r  bnn_accelerator_design_i/processing_system7_0/inst/PS7_i/FCLKCLK[0]
                         net (fo=1, routed)           0.310     0.310    bnn_accelerator_design_i/processing_system7_0/inst/FCLK_CLK_unbuffered[0]
    BUFGCTRL_X0Y16       BUFG (Prop_bufg_I_O)         0.026     0.336 r  bnn_accelerator_design_i/processing_system7_0/inst/buffer_fclk_clk_0.FCLK_CLK_0_BUFG/O
                         net (fo=3768, routed)        0.574     0.910    bnn_accelerator_design_i/axi_mem_intercon/s00_couplers/auto_us/inst/gen_upsizer.gen_full_upsizer.axi_upsizer_inst/si_register_slice_inst/ar.ar_pipe/out
    SLICE_X26Y52         FDRE                                         r  bnn_accelerator_design_i/axi_mem_intercon/s00_couplers/auto_us/inst/gen_upsizer.gen_full_upsizer.axi_upsizer_inst/si_register_slice_inst/ar.ar_pipe/m_payload_i_reg[25]/C
  -------------------------------------------------------------------    -------------------
    SLICE_X26Y52         FDRE (Prop_fdre_C_Q)         0.164     1.074 r  bnn_accelerator_design_i/axi_mem_intercon/s00_couplers/auto_us/inst/gen_upsizer.gen_full_upsizer.axi_upsizer_inst/si_register_slice_inst/ar.ar_pipe/m_payload_i_reg[25]/Q
                         net (fo=1, routed)           0.239     1.313    bnn_accelerator_design_i/axi_mem_intercon/xbar/inst/gen_samd.crossbar_samd/addr_arbiter_ar/D[25]
    SLICE_X26Y49         FDRE                                         r  bnn_accelerator_design_i/axi_mem_intercon/xbar/inst/gen_samd.crossbar_samd/addr_arbiter_ar/gen_arbiter.m_mesg_i_reg[26]/D
  -------------------------------------------------------------------    -------------------

                         (clock clk_fpga_0 rise edge)
                                                      0.000     0.000 r  
    PS7_X0Y0             PS7                          0.000     0.000 r  bnn_accelerator_design_i/processing_system7_0/inst/PS7_i/FCLKCLK[0]
                         net (fo=1, routed)           0.337     0.337    bnn_accelerator_design_i/processing_system7_0/inst/FCLK_CLK_unbuffered[0]
    BUFGCTRL_X0Y16       BUFG (Prop_bufg_I_O)         0.029     0.366 r  bnn_accelerator_design_i/processing_system7_0/inst/buffer_fclk_clk_0.FCLK_CLK_0_BUFG/O
                         net (fo=3768, routed)        0.860     1.226    bnn_accelerator_design_i/axi_mem_intercon/xbar/inst/gen_samd.crossbar_samd/addr_arbiter_ar/aclk
    SLICE_X26Y49         FDRE                                         r  bnn_accelerator_design_i/axi_mem_intercon/xbar/inst/gen_samd.crossbar_samd/addr_arbiter_ar/gen_arbiter.m_mesg_i_reg[26]/C
                         clock pessimism             -0.030     1.196    
    SLICE_X26Y49         FDRE (Hold_fdre_C_D)         0.060     1.256    bnn_accelerator_design_i/axi_mem_intercon/xbar/inst/gen_samd.crossbar_samd/addr_arbiter_ar/gen_arbiter.m_mesg_i_reg[26]
  -------------------------------------------------------------------
                         required time                         -1.256    
                         arrival time                           1.313    
  -------------------------------------------------------------------
                         slack                                  0.057    

Slack (MET) :             0.066ns  (arrival time - required time)
  Source:                 <hidden>
                            (rising edge-triggered cell FDCE clocked by clk_fpga_0  {rise@0.000ns fall@10.000ns period=20.000ns})
  Destination:            <hidden>
                            (rising edge-triggered cell RAMD32 clocked by clk_fpga_0  {rise@0.000ns fall@10.000ns period=20.000ns})
  Path Group:             clk_fpga_0
  Path Type:              Hold (Min at Fast Process Corner)
  Requirement:            0.000ns  (clk_fpga_0 rise@0.000ns - clk_fpga_0 rise@0.000ns)
  Data Path Delay:        0.320ns  (logic 0.141ns (44.020%)  route 0.179ns (55.980%))
  Logic Levels:           0  
  Clock Path Skew:        0.014ns (DCD - SCD - CPR)
    Destination Clock Delay (DCD):    1.255ns
    Source Clock Delay      (SCD):    0.957ns
    Clock Pessimism Removal (CPR):    0.284ns

    Location             Delay type                Incr(ns)  Path(ns)    Netlist Resource(s)
  -------------------------------------------------------------------    -------------------
                         (clock clk_fpga_0 rise edge)
                                                      0.000     0.000 r  
    PS7_X0Y0             PS7                          0.000     0.000 r  bnn_accelerator_design_i/processing_system7_0/inst/PS7_i/FCLKCLK[0]
                         net (fo=1, routed)           0.310     0.310    bnn_accelerator_design_i/processing_system7_0/inst/FCLK_CLK_unbuffered[0]
    BUFGCTRL_X0Y16       BUFG (Prop_bufg_I_O)         0.026     0.336 r  bnn_accelerator_design_i/processing_system7_0/inst/buffer_fclk_clk_0.FCLK_CLK_0_BUFG/O
                         net (fo=3768, routed)        0.621     0.957    <hidden>
    SLICE_X1Y34          FDCE                                         r  <hidden>
  -------------------------------------------------------------------    -------------------
    SLICE_X1Y34          FDCE (Prop_fdce_C_Q)         0.141     1.098 r  <hidden>
                         net (fo=5, routed)           0.179     1.277    <hidden>
    SLICE_X2Y34          RAMD32                                       r  <hidden>
  -------------------------------------------------------------------    -------------------

                         (clock clk_fpga_0 rise edge)
                                                      0.000     0.000 r  
    PS7_X0Y0             PS7                          0.000     0.000 r  bnn_accelerator_design_i/processing_system7_0/inst/PS7_i/FCLKCLK[0]
                         net (fo=1, routed)           0.337     0.337    bnn_accelerator_design_i/processing_system7_0/inst/FCLK_CLK_unbuffered[0]
    BUFGCTRL_X0Y16       BUFG (Prop_bufg_I_O)         0.029     0.366 r  bnn_accelerator_design_i/processing_system7_0/inst/buffer_fclk_clk_0.FCLK_CLK_0_BUFG/O
                         net (fo=3768, routed)        0.889     1.255    <hidden>
    SLICE_X2Y34          RAMD32                                       r  <hidden>
                         clock pessimism             -0.284     0.971    
    SLICE_X2Y34          RAMD32 (Hold_ramd32_CLK_WADR3)
                                                      0.240     1.211    <hidden>
  -------------------------------------------------------------------
                         required time                         -1.211    
                         arrival time                           1.277    
  -------------------------------------------------------------------
                         slack                                  0.066    

Slack (MET) :             0.066ns  (arrival time - required time)
  Source:                 <hidden>
                            (rising edge-triggered cell FDCE clocked by clk_fpga_0  {rise@0.000ns fall@10.000ns period=20.000ns})
  Destination:            <hidden>
                            (rising edge-triggered cell RAMD32 clocked by clk_fpga_0  {rise@0.000ns fall@10.000ns period=20.000ns})
  Path Group:             clk_fpga_0
  Path Type:              Hold (Min at Fast Process Corner)
  Requirement:            0.000ns  (clk_fpga_0 rise@0.000ns - clk_fpga_0 rise@0.000ns)
  Data Path Delay:        0.320ns  (logic 0.141ns (44.020%)  route 0.179ns (55.980%))
  Logic Levels:           0  
  Clock Path Skew:        0.014ns (DCD - SCD - CPR)
    Destination Clock Delay (DCD):    1.255ns
    Source Clock Delay      (SCD):    0.957ns
    Clock Pessimism Removal (CPR):    0.284ns

    Location             Delay type                Incr(ns)  Path(ns)    Netlist Resource(s)
  -------------------------------------------------------------------    -------------------
                         (clock clk_fpga_0 rise edge)
                                                      0.000     0.000 r  
    PS7_X0Y0             PS7                          0.000     0.000 r  bnn_accelerator_design_i/processing_system7_0/inst/PS7_i/FCLKCLK[0]
                         net (fo=1, routed)           0.310     0.310    bnn_accelerator_design_i/processing_system7_0/inst/FCLK_CLK_unbuffered[0]
    BUFGCTRL_X0Y16       BUFG (Prop_bufg_I_O)         0.026     0.336 r  bnn_accelerator_design_i/processing_system7_0/inst/buffer_fclk_clk_0.FCLK_CLK_0_BUFG/O
                         net (fo=3768, routed)        0.621     0.957    <hidden>
    SLICE_X1Y34          FDCE                                         r  <hidden>
  -------------------------------------------------------------------    -------------------
    SLICE_X1Y34          FDCE (Prop_fdce_C_Q)         0.141     1.098 r  <hidden>
                         net (fo=5, routed)           0.179     1.277    <hidden>
    SLICE_X2Y34          RAMD32                                       r  <hidden>
  -------------------------------------------------------------------    -------------------

                         (clock clk_fpga_0 rise edge)
                                                      0.000     0.000 r  
    PS7_X0Y0             PS7                          0.000     0.000 r  bnn_accelerator_design_i/processing_system7_0/inst/PS7_i/FCLKCLK[0]
                         net (fo=1, routed)           0.337     0.337    bnn_accelerator_design_i/processing_system7_0/inst/FCLK_CLK_unbuffered[0]
    BUFGCTRL_X0Y16       BUFG (Prop_bufg_I_O)         0.029     0.366 r  bnn_accelerator_design_i/processing_system7_0/inst/buffer_fclk_clk_0.FCLK_CLK_0_BUFG/O
                         net (fo=3768, routed)        0.889     1.255    <hidden>
    SLICE_X2Y34          RAMD32                                       r  <hidden>
                         clock pessimism             -0.284     0.971    
    SLICE_X2Y34          RAMD32 (Hold_ramd32_CLK_WADR3)
                                                      0.240     1.211    <hidden>
  -------------------------------------------------------------------
                         required time                         -1.211    
                         arrival time                           1.277    
  -------------------------------------------------------------------
                         slack                                  0.066    

Slack (MET) :             0.066ns  (arrival time - required time)
  Source:                 <hidden>
                            (rising edge-triggered cell FDCE clocked by clk_fpga_0  {rise@0.000ns fall@10.000ns period=20.000ns})
  Destination:            <hidden>
                            (rising edge-triggered cell RAMD32 clocked by clk_fpga_0  {rise@0.000ns fall@10.000ns period=20.000ns})
  Path Group:             clk_fpga_0
  Path Type:              Hold (Min at Fast Process Corner)
  Requirement:            0.000ns  (clk_fpga_0 rise@0.000ns - clk_fpga_0 rise@0.000ns)
  Data Path Delay:        0.389ns  (logic 0.141ns (36.218%)  route 0.248ns (63.782%))
  Logic Levels:           0  
  Clock Path Skew:        0.014ns (DCD - SCD - CPR)
    Destination Clock Delay (DCD):    1.255ns
    Source Clock Delay      (SCD):    0.957ns
    Clock Pessimism Removal (CPR):    0.284ns

    Location             Delay type                Incr(ns)  Path(ns)    Netlist Resource(s)
  -------------------------------------------------------------------    -------------------
                         (clock clk_fpga_0 rise edge)
                                                      0.000     0.000 r  
    PS7_X0Y0             PS7                          0.000     0.000 r  bnn_accelerator_design_i/processing_system7_0/inst/PS7_i/FCLKCLK[0]
                         net (fo=1, routed)           0.310     0.310    bnn_accelerator_design_i/processing_system7_0/inst/FCLK_CLK_unbuffered[0]
    BUFGCTRL_X0Y16       BUFG (Prop_bufg_I_O)         0.026     0.336 r  bnn_accelerator_design_i/processing_system7_0/inst/buffer_fclk_clk_0.FCLK_CLK_0_BUFG/O
                         net (fo=3768, routed)        0.621     0.957    <hidden>
    SLICE_X1Y34          FDCE                                         r  <hidden>
  -------------------------------------------------------------------    -------------------
    SLICE_X1Y34          FDCE (Prop_fdce_C_Q)         0.141     1.098 r  <hidden>
                         net (fo=5, routed)           0.248     1.346    <hidden>
    SLICE_X2Y34          RAMD32                                       r  <hidden>
  -------------------------------------------------------------------    -------------------

                         (clock clk_fpga_0 rise edge)
                                                      0.000     0.000 r  
    PS7_X0Y0             PS7                          0.000     0.000 r  bnn_accelerator_design_i/processing_system7_0/inst/PS7_i/FCLKCLK[0]
                         net (fo=1, routed)           0.337     0.337    bnn_accelerator_design_i/processing_system7_0/inst/FCLK_CLK_unbuffered[0]
    BUFGCTRL_X0Y16       BUFG (Prop_bufg_I_O)         0.029     0.366 r  bnn_accelerator_design_i/processing_system7_0/inst/buffer_fclk_clk_0.FCLK_CLK_0_BUFG/O
                         net (fo=3768, routed)        0.889     1.255    <hidden>
    SLICE_X2Y34          RAMD32                                       r  <hidden>
                         clock pessimism             -0.284     0.971    
    SLICE_X2Y34          RAMD32 (Hold_ramd32_CLK_WADR1)
                                                      0.309     1.280    <hidden>
  -------------------------------------------------------------------
                         required time                         -1.280    
                         arrival time                           1.346    
  -------------------------------------------------------------------
                         slack                                  0.066    

Slack (MET) :             0.066ns  (arrival time - required time)
  Source:                 <hidden>
                            (rising edge-triggered cell FDCE clocked by clk_fpga_0  {rise@0.000ns fall@10.000ns period=20.000ns})
  Destination:            <hidden>
                            (rising edge-triggered cell RAMD32 clocked by clk_fpga_0  {rise@0.000ns fall@10.000ns period=20.000ns})
  Path Group:             clk_fpga_0
  Path Type:              Hold (Min at Fast Process Corner)
  Requirement:            0.000ns  (clk_fpga_0 rise@0.000ns - clk_fpga_0 rise@0.000ns)
  Data Path Delay:        0.389ns  (logic 0.141ns (36.218%)  route 0.248ns (63.782%))
  Logic Levels:           0  
  Clock Path Skew:        0.014ns (DCD - SCD - CPR)
    Destination Clock Delay (DCD):    1.255ns
    Source Clock Delay      (SCD):    0.957ns
    Clock Pessimism Removal (CPR):    0.284ns

    Location             Delay type                Incr(ns)  Path(ns)    Netlist Resource(s)
  -------------------------------------------------------------------    -------------------
                         (clock clk_fpga_0 rise edge)
                                                      0.000     0.000 r  
    PS7_X0Y0             PS7                          0.000     0.000 r  bnn_accelerator_design_i/processing_system7_0/inst/PS7_i/FCLKCLK[0]
                         net (fo=1, routed)           0.310     0.310    bnn_accelerator_design_i/processing_system7_0/inst/FCLK_CLK_unbuffered[0]
    BUFGCTRL_X0Y16       BUFG (Prop_bufg_I_O)         0.026     0.336 r  bnn_accelerator_design_i/processing_system7_0/inst/buffer_fclk_clk_0.FCLK_CLK_0_BUFG/O
                         net (fo=3768, routed)        0.621     0.957    <hidden>
    SLICE_X1Y34          FDCE                                         r  <hidden>
  -------------------------------------------------------------------    -------------------
    SLICE_X1Y34          FDCE (Prop_fdce_C_Q)         0.141     1.098 r  <hidden>
                         net (fo=5, routed)           0.248     1.346    <hidden>
    SLICE_X2Y34          RAMD32                                       r  <hidden>
  -------------------------------------------------------------------    -------------------

                         (clock clk_fpga_0 rise edge)
                                                      0.000     0.000 r  
    PS7_X0Y0             PS7                          0.000     0.000 r  bnn_accelerator_design_i/processing_system7_0/inst/PS7_i/FCLKCLK[0]
                         net (fo=1, routed)           0.337     0.337    bnn_accelerator_design_i/processing_system7_0/inst/FCLK_CLK_unbuffered[0]
    BUFGCTRL_X0Y16       BUFG (Prop_bufg_I_O)         0.029     0.366 r  bnn_accelerator_design_i/processing_system7_0/inst/buffer_fclk_clk_0.FCLK_CLK_0_BUFG/O
                         net (fo=3768, routed)        0.889     1.255    <hidden>
    SLICE_X2Y34          RAMD32                                       r  <hidden>
                         clock pessimism             -0.284     0.971    
    SLICE_X2Y34          RAMD32 (Hold_ramd32_CLK_WADR1)
                                                      0.309     1.280    <hidden>
  -------------------------------------------------------------------
                         required time                         -1.280    
                         arrival time                           1.346    
  -------------------------------------------------------------------
                         slack                                  0.066    

Slack (MET) :             0.068ns  (arrival time - required time)
  Source:                 <hidden>
                            (rising edge-triggered cell FDCE clocked by clk_fpga_0  {rise@0.000ns fall@10.000ns period=20.000ns})
  Destination:            <hidden>
                            (rising edge-triggered cell RAMD32 clocked by clk_fpga_0  {rise@0.000ns fall@10.000ns period=20.000ns})
  Path Group:             clk_fpga_0
  Path Type:              Hold (Min at Fast Process Corner)
  Requirement:            0.000ns  (clk_fpga_0 rise@0.000ns - clk_fpga_0 rise@0.000ns)
  Data Path Delay:        0.336ns  (logic 0.141ns (41.926%)  route 0.195ns (58.074%))
  Logic Levels:           0  
  Clock Path Skew:        0.014ns (DCD - SCD - CPR)
    Destination Clock Delay (DCD):    1.255ns
    Source Clock Delay      (SCD):    0.957ns
    Clock Pessimism Removal (CPR):    0.284ns

    Location             Delay type                Incr(ns)  Path(ns)    Netlist Resource(s)
  -------------------------------------------------------------------    -------------------
                         (clock clk_fpga_0 rise edge)
                                                      0.000     0.000 r  
    PS7_X0Y0             PS7                          0.000     0.000 r  bnn_accelerator_design_i/processing_system7_0/inst/PS7_i/FCLKCLK[0]
                         net (fo=1, routed)           0.310     0.310    bnn_accelerator_design_i/processing_system7_0/inst/FCLK_CLK_unbuffered[0]
    BUFGCTRL_X0Y16       BUFG (Prop_bufg_I_O)         0.026     0.336 r  bnn_accelerator_design_i/processing_system7_0/inst/buffer_fclk_clk_0.FCLK_CLK_0_BUFG/O
                         net (fo=3768, routed)        0.621     0.957    <hidden>
    SLICE_X1Y34          FDCE                                         r  <hidden>
  -------------------------------------------------------------------    -------------------
    SLICE_X1Y34          FDCE (Prop_fdce_C_Q)         0.141     1.098 r  <hidden>
                         net (fo=5, routed)           0.195     1.293    <hidden>
    SLICE_X2Y34          RAMD32                                       r  <hidden>
  -------------------------------------------------------------------    -------------------

                         (clock clk_fpga_0 rise edge)
                                                      0.000     0.000 r  
    PS7_X0Y0             PS7                          0.000     0.000 r  bnn_accelerator_design_i/processing_system7_0/inst/PS7_i/FCLKCLK[0]
                         net (fo=1, routed)           0.337     0.337    bnn_accelerator_design_i/processing_system7_0/inst/FCLK_CLK_unbuffered[0]
    BUFGCTRL_X0Y16       BUFG (Prop_bufg_I_O)         0.029     0.366 r  bnn_accelerator_design_i/processing_system7_0/inst/buffer_fclk_clk_0.FCLK_CLK_0_BUFG/O
                         net (fo=3768, routed)        0.889     1.255    <hidden>
    SLICE_X2Y34          RAMD32                                       r  <hidden>
                         clock pessimism             -0.284     0.971    
    SLICE_X2Y34          RAMD32 (Hold_ramd32_CLK_WADR2)
                                                      0.254     1.225    <hidden>
  -------------------------------------------------------------------
                         required time                         -1.225    
                         arrival time                           1.293    
  -------------------------------------------------------------------
                         slack                                  0.068    





Pulse Width Checks
--------------------------------------------------------------------------------------
Clock Name:         clk_fpga_0
Waveform(ns):       { 0.000 10.000 }
Period(ns):         20.000
Sources:            { bnn_accelerator_design_i/processing_system7_0/inst/PS7_i/FCLKCLK[0] }

Check Type        Corner  Lib Pin             Reference Pin  Required(ns)  Actual(ns)  Slack(ns)  Location        Pin
Min Period        n/a     RAMB36E1/CLKARDCLK  n/a            2.576         20.000      17.424     RAMB36_X0Y8     bnn_accelerator_design_i/axi_dma_0/U0/I_PRMRY_DATAMOVER/GEN_MM2S_FULL.I_MM2S_FULL_WRAPPER/GEN_INCLUDE_MM2S_SF.I_RD_SF/I_DATA_FIFO/BLK_MEM.I_SYNC_FIFOGEN_FIFO/xpm_fifo_instance.xpm_fifo_sync_inst/xpm_fifo_base_inst/gen_sdpram.xpm_memory_base_inst/gen_wr_a.gen_word_narrow.mem_reg/CLKARDCLK
Min Period        n/a     RAMB36E1/CLKBWRCLK  n/a            2.576         20.000      17.424     RAMB36_X0Y8     bnn_accelerator_design_i/axi_dma_0/U0/I_PRMRY_DATAMOVER/GEN_MM2S_FULL.I_MM2S_FULL_WRAPPER/GEN_INCLUDE_MM2S_SF.I_RD_SF/I_DATA_FIFO/BLK_MEM.I_SYNC_FIFOGEN_FIFO/xpm_fifo_instance.xpm_fifo_sync_inst/xpm_fifo_base_inst/gen_sdpram.xpm_memory_base_inst/gen_wr_a.gen_word_narrow.mem_reg/CLKBWRCLK
Min Period        n/a     RAMB36E1/CLKARDCLK  n/a            2.576         20.000      17.424     RAMB36_X1Y6     bnn_accelerator_design_i/axi_dma_0/U0/I_PRMRY_DATAMOVER/GEN_S2MM_FULL.I_S2MM_FULL_WRAPPER/GEN_ENABLE_INDET_BTT_SF.I_INDET_BTT/I_DATA_FIFO/BLK_MEM.I_SYNC_FIFOGEN_FIFO/xpm_fifo_instance.xpm_fifo_sync_inst/xpm_fifo_base_inst/gen_sdpram.xpm_memory_base_inst/gen_wr_a.gen_word_narrow.mem_reg/CLKARDCLK
Min Period        n/a     RAMB36E1/CLKBWRCLK  n/a            2.576         20.000      17.424     RAMB36_X1Y6     bnn_accelerator_design_i/axi_dma_0/U0/I_PRMRY_DATAMOVER/GEN_S2MM_FULL.I_S2MM_FULL_WRAPPER/GEN_ENABLE_INDET_BTT_SF.I_INDET_BTT/I_DATA_FIFO/BLK_MEM.I_SYNC_FIFOGEN_FIFO/xpm_fifo_instance.xpm_fifo_sync_inst/xpm_fifo_base_inst/gen_sdpram.xpm_memory_base_inst/gen_wr_a.gen_word_narrow.mem_reg/CLKBWRCLK
Min Period        n/a     BUFG/I              n/a            2.155         20.000      17.845     BUFGCTRL_X0Y16  bnn_accelerator_design_i/processing_system7_0/inst/buffer_fclk_clk_0.FCLK_CLK_0_BUFG/I
Min Period        n/a     FDRE/C              n/a            1.000         20.000      19.000     SLICE_X34Y41    bnn_accelerator_design_i/axi_dma_0/U0/INCLUDE_MM2S_SOF_EOF_GENERATOR.I_MM2S_DMA_MNGR/GEN_MM2S_DMA_CONTROL.mm2s_stop_reg/C
Min Period        n/a     FDRE/C              n/a            1.000         20.000      19.000     SLICE_X30Y41    bnn_accelerator_design_i/axi_dma_0/U0/INCLUDE_MM2S_SOF_EOF_GENERATOR.I_MM2S_DMA_MNGR/GEN_MM2S_DMA_CONTROL.GEN_SIMPLE_DMA_MODE.I_MM2S_SMPL_SM/FSM_sequential_smpl_cs_reg[0]/C
Min Period        n/a     FDRE/C              n/a            1.000         20.000      19.000     SLICE_X30Y41    bnn_accelerator_design_i/axi_dma_0/U0/INCLUDE_MM2S_SOF_EOF_GENERATOR.I_MM2S_DMA_MNGR/GEN_MM2S_DMA_CONTROL.GEN_SIMPLE_DMA_MODE.I_MM2S_SMPL_SM/FSM_sequential_smpl_cs_reg[1]/C
Min Period        n/a     FDRE/C              n/a            1.000         20.000      19.000     SLICE_X33Y44    bnn_accelerator_design_i/axi_dma_0/U0/INCLUDE_MM2S_SOF_EOF_GENERATOR.I_MM2S_DMA_MNGR/GEN_MM2S_DMA_CONTROL.GEN_SIMPLE_DMA_MODE.I_MM2S_SMPL_SM/GEN_CMD_BTT_EQL_23.cmnd_data_reg[0]/C
Min Period        n/a     FDRE/C              n/a            1.000         20.000      19.000     SLICE_X33Y44    bnn_accelerator_design_i/axi_dma_0/U0/INCLUDE_MM2S_SOF_EOF_GENERATOR.I_MM2S_DMA_MNGR/GEN_MM2S_DMA_CONTROL.GEN_SIMPLE_DMA_MODE.I_MM2S_SMPL_SM/GEN_CMD_BTT_EQL_23.cmnd_data_reg[10]/C
Low Pulse Width   Slow    RAMD32/CLK          n/a            1.250         10.000      8.750      SLICE_X30Y31    bnn_accelerator_design_i/axi_dma_0/U0/I_PRMRY_DATAMOVER/GEN_S2MM_FULL.I_S2MM_FULL_WRAPPER/GEN_ENABLE_INDET_BTT_SF.I_INDET_BTT/I_XD_FIFO/NON_BLK_MEM.I_SYNC_FIFOGEN_FIFO/xpm_fifo_instance.xpm_fifo_sync_inst/xpm_fifo_base_inst/gen_sdpram.xpm_memory_base_inst/gen_wr_a.gen_word_narrow.mem_reg_0_15_0_5/RAMA/CLK
Low Pulse Width   Fast    RAMD32/CLK          n/a            1.250         10.000      8.750      SLICE_X30Y31    bnn_accelerator_design_i/axi_dma_0/U0/I_PRMRY_DATAMOVER/GEN_S2MM_FULL.I_S2MM_FULL_WRAPPER/GEN_ENABLE_INDET_BTT_SF.I_INDET_BTT/I_XD_FIFO/NON_BLK_MEM.I_SYNC_FIFOGEN_FIFO/xpm_fifo_instance.xpm_fifo_sync_inst/xpm_fifo_base_inst/gen_sdpram.xpm_memory_base_inst/gen_wr_a.gen_word_narrow.mem_reg_0_15_0_5/RAMA/CLK
Low Pulse Width   Slow    RAMD32/CLK          n/a            1.250         10.000      8.750      SLICE_X30Y31    bnn_accelerator_design_i/axi_dma_0/U0/I_PRMRY_DATAMOVER/GEN_S2MM_FULL.I_S2MM_FULL_WRAPPER/GEN_ENABLE_INDET_BTT_SF.I_INDET_BTT/I_XD_FIFO/NON_BLK_MEM.I_SYNC_FIFOGEN_FIFO/xpm_fifo_instance.xpm_fifo_sync_inst/xpm_fifo_base_inst/gen_sdpram.xpm_memory_base_inst/gen_wr_a.gen_word_narrow.mem_reg_0_15_0_5/RAMA_D1/CLK
Low Pulse Width   Fast    RAMD32/CLK          n/a            1.250         10.000      8.750      SLICE_X30Y31    bnn_accelerator_design_i/axi_dma_0/U0/I_PRMRY_DATAMOVER/GEN_S2MM_FULL.I_S2MM_FULL_WRAPPER/GEN_ENABLE_INDET_BTT_SF.I_INDET_BTT/I_XD_FIFO/NON_BLK_MEM.I_SYNC_FIFOGEN_FIFO/xpm_fifo_instance.xpm_fifo_sync_inst/xpm_fifo_base_inst/gen_sdpram.xpm_memory_base_inst/gen_wr_a.gen_word_narrow.mem_reg_0_15_0_5/RAMA_D1/CLK
Low Pulse Width   Slow    RAMD32/CLK          n/a            1.250         10.000      8.750      SLICE_X30Y31    bnn_accelerator_design_i/axi_dma_0/U0/I_PRMRY_DATAMOVER/GEN_S2MM_FULL.I_S2MM_FULL_WRAPPER/GEN_ENABLE_INDET_BTT_SF.I_INDET_BTT/I_XD_FIFO/NON_BLK_MEM.I_SYNC_FIFOGEN_FIFO/xpm_fifo_instance.xpm_fifo_sync_inst/xpm_fifo_base_inst/gen_sdpram.xpm_memory_base_inst/gen_wr_a.gen_word_narrow.mem_reg_0_15_0_5/RAMB/CLK
Low Pulse Width   Fast    RAMD32/CLK          n/a            1.250         10.000      8.750      SLICE_X30Y31    bnn_accelerator_design_i/axi_dma_0/U0/I_PRMRY_DATAMOVER/GEN_S2MM_FULL.I_S2MM_FULL_WRAPPER/GEN_ENABLE_INDET_BTT_SF.I_INDET_BTT/I_XD_FIFO/NON_BLK_MEM.I_SYNC_FIFOGEN_FIFO/xpm_fifo_instance.xpm_fifo_sync_inst/xpm_fifo_base_inst/gen_sdpram.xpm_memory_base_inst/gen_wr_a.gen_word_narrow.mem_reg_0_15_0_5/RAMB/CLK
Low Pulse Width   Slow    RAMD32/CLK          n/a            1.250         10.000      8.750      SLICE_X30Y31    bnn_accelerator_design_i/axi_dma_0/U0/I_PRMRY_DATAMOVER/GEN_S2MM_FULL.I_S2MM_FULL_WRAPPER/GEN_ENABLE_INDET_BTT_SF.I_INDET_BTT/I_XD_FIFO/NON_BLK_MEM.I_SYNC_FIFOGEN_FIFO/xpm_fifo_instance.xpm_fifo_sync_inst/xpm_fifo_base_inst/gen_sdpram.xpm_memory_base_inst/gen_wr_a.gen_word_narrow.mem_reg_0_15_0_5/RAMB_D1/CLK
Low Pulse Width   Fast    RAMD32/CLK          n/a            1.250         10.000      8.750      SLICE_X30Y31    bnn_accelerator_design_i/axi_dma_0/U0/I_PRMRY_DATAMOVER/GEN_S2MM_FULL.I_S2MM_FULL_WRAPPER/GEN_ENABLE_INDET_BTT_SF.I_INDET_BTT/I_XD_FIFO/NON_BLK_MEM.I_SYNC_FIFOGEN_FIFO/xpm_fifo_instance.xpm_fifo_sync_inst/xpm_fifo_base_inst/gen_sdpram.xpm_memory_base_inst/gen_wr_a.gen_word_narrow.mem_reg_0_15_0_5/RAMB_D1/CLK
Low Pulse Width   Slow    RAMD32/CLK          n/a            1.250         10.000      8.750      SLICE_X30Y31    bnn_accelerator_design_i/axi_dma_0/U0/I_PRMRY_DATAMOVER/GEN_S2MM_FULL.I_S2MM_FULL_WRAPPER/GEN_ENABLE_INDET_BTT_SF.I_INDET_BTT/I_XD_FIFO/NON_BLK_MEM.I_SYNC_FIFOGEN_FIFO/xpm_fifo_instance.xpm_fifo_sync_inst/xpm_fifo_base_inst/gen_sdpram.xpm_memory_base_inst/gen_wr_a.gen_word_narrow.mem_reg_0_15_0_5/RAMC/CLK
Low Pulse Width   Fast    RAMD32/CLK          n/a            1.250         10.000      8.750      SLICE_X30Y31    bnn_accelerator_design_i/axi_dma_0/U0/I_PRMRY_DATAMOVER/GEN_S2MM_FULL.I_S2MM_FULL_WRAPPER/GEN_ENABLE_INDET_BTT_SF.I_INDET_BTT/I_XD_FIFO/NON_BLK_MEM.I_SYNC_FIFOGEN_FIFO/xpm_fifo_instance.xpm_fifo_sync_inst/xpm_fifo_base_inst/gen_sdpram.xpm_memory_base_inst/gen_wr_a.gen_word_narrow.mem_reg_0_15_0_5/RAMC/CLK
High Pulse Width  Slow    RAMD32/CLK          n/a            1.250         10.000      8.750      SLICE_X30Y31    bnn_accelerator_design_i/axi_dma_0/U0/I_PRMRY_DATAMOVER/GEN_S2MM_FULL.I_S2MM_FULL_WRAPPER/GEN_ENABLE_INDET_BTT_SF.I_INDET_BTT/I_XD_FIFO/NON_BLK_MEM.I_SYNC_FIFOGEN_FIFO/xpm_fifo_instance.xpm_fifo_sync_inst/xpm_fifo_base_inst/gen_sdpram.xpm_memory_base_inst/gen_wr_a.gen_word_narrow.mem_reg_0_15_0_5/RAMA/CLK
High Pulse Width  Fast    RAMD32/CLK          n/a            1.250         10.000      8.750      SLICE_X30Y31    bnn_accelerator_design_i/axi_dma_0/U0/I_PRMRY_DATAMOVER/GEN_S2MM_FULL.I_S2MM_FULL_WRAPPER/GEN_ENABLE_INDET_BTT_SF.I_INDET_BTT/I_XD_FIFO/NON_BLK_MEM.I_SYNC_FIFOGEN_FIFO/xpm_fifo_instance.xpm_fifo_sync_inst/xpm_fifo_base_inst/gen_sdpram.xpm_memory_base_inst/gen_wr_a.gen_word_narrow.mem_reg_0_15_0_5/RAMA/CLK
High Pulse Width  Slow    RAMD32/CLK          n/a            1.250         10.000      8.750      SLICE_X30Y31    bnn_accelerator_design_i/axi_dma_0/U0/I_PRMRY_DATAMOVER/GEN_S2MM_FULL.I_S2MM_FULL_WRAPPER/GEN_ENABLE_INDET_BTT_SF.I_INDET_BTT/I_XD_FIFO/NON_BLK_MEM.I_SYNC_FIFOGEN_FIFO/xpm_fifo_instance.xpm_fifo_sync_inst/xpm_fifo_base_inst/gen_sdpram.xpm_memory_base_inst/gen_wr_a.gen_word_narrow.mem_reg_0_15_0_5/RAMA_D1/CLK
High Pulse Width  Fast    RAMD32/CLK          n/a            1.250         10.000      8.750      SLICE_X30Y31    bnn_accelerator_design_i/axi_dma_0/U0/I_PRMRY_DATAMOVER/GEN_S2MM_FULL.I_S2MM_FULL_WRAPPER/GEN_ENABLE_INDET_BTT_SF.I_INDET_BTT/I_XD_FIFO/NON_BLK_MEM.I_SYNC_FIFOGEN_FIFO/xpm_fifo_instance.xpm_fifo_sync_inst/xpm_fifo_base_inst/gen_sdpram.xpm_memory_base_inst/gen_wr_a.gen_word_narrow.mem_reg_0_15_0_5/RAMA_D1/CLK
High Pulse Width  Slow    RAMD32/CLK          n/a            1.250         10.000      8.750      SLICE_X30Y31    bnn_accelerator_design_i/axi_dma_0/U0/I_PRMRY_DATAMOVER/GEN_S2MM_FULL.I_S2MM_FULL_WRAPPER/GEN_ENABLE_INDET_BTT_SF.I_INDET_BTT/I_XD_FIFO/NON_BLK_MEM.I_SYNC_FIFOGEN_FIFO/xpm_fifo_instance.xpm_fifo_sync_inst/xpm_fifo_base_inst/gen_sdpram.xpm_memory_base_inst/gen_wr_a.gen_word_narrow.mem_reg_0_15_0_5/RAMB/CLK
High Pulse Width  Fast    RAMD32/CLK          n/a            1.250         10.000      8.750      SLICE_X30Y31    bnn_accelerator_design_i/axi_dma_0/U0/I_PRMRY_DATAMOVER/GEN_S2MM_FULL.I_S2MM_FULL_WRAPPER/GEN_ENABLE_INDET_BTT_SF.I_INDET_BTT/I_XD_FIFO/NON_BLK_MEM.I_SYNC_FIFOGEN_FIFO/xpm_fifo_instance.xpm_fifo_sync_inst/xpm_fifo_base_inst/gen_sdpram.xpm_memory_base_inst/gen_wr_a.gen_word_narrow.mem_reg_0_15_0_5/RAMB/CLK
High Pulse Width  Slow    RAMD32/CLK          n/a            1.250         10.000      8.750      SLICE_X30Y31    bnn_accelerator_design_i/axi_dma_0/U0/I_PRMRY_DATAMOVER/GEN_S2MM_FULL.I_S2MM_FULL_WRAPPER/GEN_ENABLE_INDET_BTT_SF.I_INDET_BTT/I_XD_FIFO/NON_BLK_MEM.I_SYNC_FIFOGEN_FIFO/xpm_fifo_instance.xpm_fifo_sync_inst/xpm_fifo_base_inst/gen_sdpram.xpm_memory_base_inst/gen_wr_a.gen_word_narrow.mem_reg_0_15_0_5/RAMB_D1/CLK
High Pulse Width  Fast    RAMD32/CLK          n/a            1.250         10.000      8.750      SLICE_X30Y31    bnn_accelerator_design_i/axi_dma_0/U0/I_PRMRY_DATAMOVER/GEN_S2MM_FULL.I_S2MM_FULL_WRAPPER/GEN_ENABLE_INDET_BTT_SF.I_INDET_BTT/I_XD_FIFO/NON_BLK_MEM.I_SYNC_FIFOGEN_FIFO/xpm_fifo_instance.xpm_fifo_sync_inst/xpm_fifo_base_inst/gen_sdpram.xpm_memory_base_inst/gen_wr_a.gen_word_narrow.mem_reg_0_15_0_5/RAMB_D1/CLK
High Pulse Width  Slow    RAMD32/CLK          n/a            1.250         10.000      8.750      SLICE_X30Y31    bnn_accelerator_design_i/axi_dma_0/U0/I_PRMRY_DATAMOVER/GEN_S2MM_FULL.I_S2MM_FULL_WRAPPER/GEN_ENABLE_INDET_BTT_SF.I_INDET_BTT/I_XD_FIFO/NON_BLK_MEM.I_SYNC_FIFOGEN_FIFO/xpm_fifo_instance.xpm_fifo_sync_inst/xpm_fifo_base_inst/gen_sdpram.xpm_memory_base_inst/gen_wr_a.gen_word_narrow.mem_reg_0_15_0_5/RAMC/CLK
High Pulse Width  Fast    RAMD32/CLK          n/a            1.250         10.000      8.750      SLICE_X30Y31    bnn_accelerator_design_i/axi_dma_0/U0/I_PRMRY_DATAMOVER/GEN_S2MM_FULL.I_S2MM_FULL_WRAPPER/GEN_ENABLE_INDET_BTT_SF.I_INDET_BTT/I_XD_FIFO/NON_BLK_MEM.I_SYNC_FIFOGEN_FIFO/xpm_fifo_instance.xpm_fifo_sync_inst/xpm_fifo_base_inst/gen_sdpram.xpm_memory_base_inst/gen_wr_a.gen_word_narrow.mem_reg_0_15_0_5/RAMC/CLK



---------------------------------------------------------------------------------------------------
Path Group:  **async_default**
From Clock:  clk_fpga_0
  To Clock:  clk_fpga_0

Setup :            0  Failing Endpoints,  Worst Slack       16.358ns,  Total Violation        0.000ns
Hold  :            0  Failing Endpoints,  Worst Slack        0.528ns,  Total Violation        0.000ns
---------------------------------------------------------------------------------------------------


Max Delay Paths
--------------------------------------------------------------------------------------
Slack (MET) :             16.358ns  (required time - arrival time)
  Source:                 <hidden>
                            (rising edge-triggered cell FDPE clocked by clk_fpga_0  {rise@0.000ns fall@10.000ns period=20.000ns})
  Destination:            <hidden>
                            (recovery check against rising-edge clock clk_fpga_0  {rise@0.000ns fall@10.000ns period=20.000ns})
  Path Group:             **async_default**
  Path Type:              Recovery (Max at Slow Process Corner)
  Requirement:            20.000ns  (clk_fpga_0 rise@20.000ns - clk_fpga_0 rise@0.000ns)
  Data Path Delay:        2.878ns  (logic 0.773ns (26.859%)  route 2.105ns (73.141%))
  Logic Levels:           1  (LUT3=1)
  Clock Path Skew:        -0.057ns (DCD - SCD + CPR)
    Destination Clock Delay (DCD):    2.752ns = ( 22.753 - 20.000 ) 
    Source Clock Delay      (SCD):    3.039ns
    Clock Pessimism Removal (CPR):    0.230ns
  Clock Uncertainty:      0.302ns  ((TSJ^2 + TIJ^2)^1/2 + DJ) / 2 + PE
    Total System Jitter     (TSJ):    0.071ns
    Total Input Jitter      (TIJ):    0.600ns
    Discrete Jitter          (DJ):    0.000ns
    Phase Error              (PE):    0.000ns

    Location             Delay type                Incr(ns)  Path(ns)    Netlist Resource(s)
  -------------------------------------------------------------------    -------------------
                         (clock clk_fpga_0 rise edge)
                                                      0.000     0.000 r  
    PS7_X0Y0             PS7                          0.000     0.000 r  bnn_accelerator_design_i/processing_system7_0/inst/PS7_i/FCLKCLK[0]
                         net (fo=1, routed)           1.193     1.193    bnn_accelerator_design_i/processing_system7_0/inst/FCLK_CLK_unbuffered[0]
    BUFGCTRL_X0Y16       BUFG (Prop_bufg_I_O)         0.101     1.294 r  bnn_accelerator_design_i/processing_system7_0/inst/buffer_fclk_clk_0.FCLK_CLK_0_BUFG/O
                         net (fo=3768, routed)        1.745     3.039    <hidden>
    SLICE_X10Y30         FDPE                                         r  <hidden>
  -------------------------------------------------------------------    -------------------
    SLICE_X10Y30         FDPE (Prop_fdpe_C_Q)         0.478     3.517 f  <hidden>
                         net (fo=3, routed)           0.876     4.393    <hidden>
    SLICE_X10Y30         LUT3 (Prop_lut3_I2_O)        0.295     4.688 f  <hidden>
                         net (fo=32, routed)          1.229     5.917    <hidden>
    SLICE_X9Y33          FDCE                                         f  <hidden>
  -------------------------------------------------------------------    -------------------

                         (clock clk_fpga_0 rise edge)
                                                     20.000    20.000 r  
    PS7_X0Y0             PS7                          0.000    20.000 r  bnn_accelerator_design_i/processing_system7_0/inst/PS7_i/FCLKCLK[0]
                         net (fo=1, routed)           1.088    21.088    bnn_accelerator_design_i/processing_system7_0/inst/FCLK_CLK_unbuffered[0]
    BUFGCTRL_X0Y16       BUFG (Prop_bufg_I_O)         0.091    21.179 r  bnn_accelerator_design_i/processing_system7_0/inst/buffer_fclk_clk_0.FCLK_CLK_0_BUFG/O
                         net (fo=3768, routed)        1.573    22.753    <hidden>
    SLICE_X9Y33          FDCE                                         r  <hidden>
                         clock pessimism              0.230    22.982    
                         clock uncertainty           -0.302    22.680    
    SLICE_X9Y33          FDCE (Recov_fdce_C_CLR)     -0.405    22.275    <hidden>
  -------------------------------------------------------------------
                         required time                         22.275    
                         arrival time                          -5.917    
  -------------------------------------------------------------------
                         slack                                 16.358    

Slack (MET) :             16.358ns  (required time - arrival time)
  Source:                 <hidden>
                            (rising edge-triggered cell FDPE clocked by clk_fpga_0  {rise@0.000ns fall@10.000ns period=20.000ns})
  Destination:            <hidden>
                            (recovery check against rising-edge clock clk_fpga_0  {rise@0.000ns fall@10.000ns period=20.000ns})
  Path Group:             **async_default**
  Path Type:              Recovery (Max at Slow Process Corner)
  Requirement:            20.000ns  (clk_fpga_0 rise@20.000ns - clk_fpga_0 rise@0.000ns)
  Data Path Delay:        2.878ns  (logic 0.773ns (26.859%)  route 2.105ns (73.141%))
  Logic Levels:           1  (LUT3=1)
  Clock Path Skew:        -0.057ns (DCD - SCD + CPR)
    Destination Clock Delay (DCD):    2.752ns = ( 22.753 - 20.000 ) 
    Source Clock Delay      (SCD):    3.039ns
    Clock Pessimism Removal (CPR):    0.230ns
  Clock Uncertainty:      0.302ns  ((TSJ^2 + TIJ^2)^1/2 + DJ) / 2 + PE
    Total System Jitter     (TSJ):    0.071ns
    Total Input Jitter      (TIJ):    0.600ns
    Discrete Jitter          (DJ):    0.000ns
    Phase Error              (PE):    0.000ns

    Location             Delay type                Incr(ns)  Path(ns)    Netlist Resource(s)
  -------------------------------------------------------------------    -------------------
                         (clock clk_fpga_0 rise edge)
                                                      0.000     0.000 r  
    PS7_X0Y0             PS7                          0.000     0.000 r  bnn_accelerator_design_i/processing_system7_0/inst/PS7_i/FCLKCLK[0]
                         net (fo=1, routed)           1.193     1.193    bnn_accelerator_design_i/processing_system7_0/inst/FCLK_CLK_unbuffered[0]
    BUFGCTRL_X0Y16       BUFG (Prop_bufg_I_O)         0.101     1.294 r  bnn_accelerator_design_i/processing_system7_0/inst/buffer_fclk_clk_0.FCLK_CLK_0_BUFG/O
                         net (fo=3768, routed)        1.745     3.039    <hidden>
    SLICE_X10Y30         FDPE                                         r  <hidden>
  -------------------------------------------------------------------    -------------------
    SLICE_X10Y30         FDPE (Prop_fdpe_C_Q)         0.478     3.517 f  <hidden>
                         net (fo=3, routed)           0.876     4.393    <hidden>
    SLICE_X10Y30         LUT3 (Prop_lut3_I2_O)        0.295     4.688 f  <hidden>
                         net (fo=32, routed)          1.229     5.917    <hidden>
    SLICE_X9Y33          FDCE                                         f  <hidden>
  -------------------------------------------------------------------    -------------------

                         (clock clk_fpga_0 rise edge)
                                                     20.000    20.000 r  
    PS7_X0Y0             PS7                          0.000    20.000 r  bnn_accelerator_design_i/processing_system7_0/inst/PS7_i/FCLKCLK[0]
                         net (fo=1, routed)           1.088    21.088    bnn_accelerator_design_i/processing_system7_0/inst/FCLK_CLK_unbuffered[0]
    BUFGCTRL_X0Y16       BUFG (Prop_bufg_I_O)         0.091    21.179 r  bnn_accelerator_design_i/processing_system7_0/inst/buffer_fclk_clk_0.FCLK_CLK_0_BUFG/O
                         net (fo=3768, routed)        1.573    22.753    <hidden>
    SLICE_X9Y33          FDCE                                         r  <hidden>
                         clock pessimism              0.230    22.982    
                         clock uncertainty           -0.302    22.680    
    SLICE_X9Y33          FDCE (Recov_fdce_C_CLR)     -0.405    22.275    <hidden>
  -------------------------------------------------------------------
                         required time                         22.275    
                         arrival time                          -5.917    
  -------------------------------------------------------------------
                         slack                                 16.358    

Slack (MET) :             16.358ns  (required time - arrival time)
  Source:                 <hidden>
                            (rising edge-triggered cell FDPE clocked by clk_fpga_0  {rise@0.000ns fall@10.000ns period=20.000ns})
  Destination:            <hidden>
                            (recovery check against rising-edge clock clk_fpga_0  {rise@0.000ns fall@10.000ns period=20.000ns})
  Path Group:             **async_default**
  Path Type:              Recovery (Max at Slow Process Corner)
  Requirement:            20.000ns  (clk_fpga_0 rise@20.000ns - clk_fpga_0 rise@0.000ns)
  Data Path Delay:        2.878ns  (logic 0.773ns (26.859%)  route 2.105ns (73.141%))
  Logic Levels:           1  (LUT3=1)
  Clock Path Skew:        -0.057ns (DCD - SCD + CPR)
    Destination Clock Delay (DCD):    2.752ns = ( 22.753 - 20.000 ) 
    Source Clock Delay      (SCD):    3.039ns
    Clock Pessimism Removal (CPR):    0.230ns
  Clock Uncertainty:      0.302ns  ((TSJ^2 + TIJ^2)^1/2 + DJ) / 2 + PE
    Total System Jitter     (TSJ):    0.071ns
    Total Input Jitter      (TIJ):    0.600ns
    Discrete Jitter          (DJ):    0.000ns
    Phase Error              (PE):    0.000ns

    Location             Delay type                Incr(ns)  Path(ns)    Netlist Resource(s)
  -------------------------------------------------------------------    -------------------
                         (clock clk_fpga_0 rise edge)
                                                      0.000     0.000 r  
    PS7_X0Y0             PS7                          0.000     0.000 r  bnn_accelerator_design_i/processing_system7_0/inst/PS7_i/FCLKCLK[0]
                         net (fo=1, routed)           1.193     1.193    bnn_accelerator_design_i/processing_system7_0/inst/FCLK_CLK_unbuffered[0]
    BUFGCTRL_X0Y16       BUFG (Prop_bufg_I_O)         0.101     1.294 r  bnn_accelerator_design_i/processing_system7_0/inst/buffer_fclk_clk_0.FCLK_CLK_0_BUFG/O
                         net (fo=3768, routed)        1.745     3.039    <hidden>
    SLICE_X10Y30         FDPE                                         r  <hidden>
  -------------------------------------------------------------------    -------------------
    SLICE_X10Y30         FDPE (Prop_fdpe_C_Q)         0.478     3.517 f  <hidden>
                         net (fo=3, routed)           0.876     4.393    <hidden>
    SLICE_X10Y30         LUT3 (Prop_lut3_I2_O)        0.295     4.688 f  <hidden>
                         net (fo=32, routed)          1.229     5.917    <hidden>
    SLICE_X9Y33          FDCE                                         f  <hidden>
  -------------------------------------------------------------------    -------------------

                         (clock clk_fpga_0 rise edge)
                                                     20.000    20.000 r  
    PS7_X0Y0             PS7                          0.000    20.000 r  bnn_accelerator_design_i/processing_system7_0/inst/PS7_i/FCLKCLK[0]
                         net (fo=1, routed)           1.088    21.088    bnn_accelerator_design_i/processing_system7_0/inst/FCLK_CLK_unbuffered[0]
    BUFGCTRL_X0Y16       BUFG (Prop_bufg_I_O)         0.091    21.179 r  bnn_accelerator_design_i/processing_system7_0/inst/buffer_fclk_clk_0.FCLK_CLK_0_BUFG/O
                         net (fo=3768, routed)        1.573    22.753    <hidden>
    SLICE_X9Y33          FDCE                                         r  <hidden>
                         clock pessimism              0.230    22.982    
                         clock uncertainty           -0.302    22.680    
    SLICE_X9Y33          FDCE (Recov_fdce_C_CLR)     -0.405    22.275    <hidden>
  -------------------------------------------------------------------
                         required time                         22.275    
                         arrival time                          -5.917    
  -------------------------------------------------------------------
                         slack                                 16.358    

Slack (MET) :             16.358ns  (required time - arrival time)
  Source:                 <hidden>
                            (rising edge-triggered cell FDPE clocked by clk_fpga_0  {rise@0.000ns fall@10.000ns period=20.000ns})
  Destination:            <hidden>
                            (recovery check against rising-edge clock clk_fpga_0  {rise@0.000ns fall@10.000ns period=20.000ns})
  Path Group:             **async_default**
  Path Type:              Recovery (Max at Slow Process Corner)
  Requirement:            20.000ns  (clk_fpga_0 rise@20.000ns - clk_fpga_0 rise@0.000ns)
  Data Path Delay:        2.878ns  (logic 0.773ns (26.859%)  route 2.105ns (73.141%))
  Logic Levels:           1  (LUT3=1)
  Clock Path Skew:        -0.057ns (DCD - SCD + CPR)
    Destination Clock Delay (DCD):    2.752ns = ( 22.753 - 20.000 ) 
    Source Clock Delay      (SCD):    3.039ns
    Clock Pessimism Removal (CPR):    0.230ns
  Clock Uncertainty:      0.302ns  ((TSJ^2 + TIJ^2)^1/2 + DJ) / 2 + PE
    Total System Jitter     (TSJ):    0.071ns
    Total Input Jitter      (TIJ):    0.600ns
    Discrete Jitter          (DJ):    0.000ns
    Phase Error              (PE):    0.000ns

    Location             Delay type                Incr(ns)  Path(ns)    Netlist Resource(s)
  -------------------------------------------------------------------    -------------------
                         (clock clk_fpga_0 rise edge)
                                                      0.000     0.000 r  
    PS7_X0Y0             PS7                          0.000     0.000 r  bnn_accelerator_design_i/processing_system7_0/inst/PS7_i/FCLKCLK[0]
                         net (fo=1, routed)           1.193     1.193    bnn_accelerator_design_i/processing_system7_0/inst/FCLK_CLK_unbuffered[0]
    BUFGCTRL_X0Y16       BUFG (Prop_bufg_I_O)         0.101     1.294 r  bnn_accelerator_design_i/processing_system7_0/inst/buffer_fclk_clk_0.FCLK_CLK_0_BUFG/O
                         net (fo=3768, routed)        1.745     3.039    <hidden>
    SLICE_X10Y30         FDPE                                         r  <hidden>
  -------------------------------------------------------------------    -------------------
    SLICE_X10Y30         FDPE (Prop_fdpe_C_Q)         0.478     3.517 f  <hidden>
                         net (fo=3, routed)           0.876     4.393    <hidden>
    SLICE_X10Y30         LUT3 (Prop_lut3_I2_O)        0.295     4.688 f  <hidden>
                         net (fo=32, routed)          1.229     5.917    <hidden>
    SLICE_X9Y33          FDCE                                         f  <hidden>
  -------------------------------------------------------------------    -------------------

                         (clock clk_fpga_0 rise edge)
                                                     20.000    20.000 r  
    PS7_X0Y0             PS7                          0.000    20.000 r  bnn_accelerator_design_i/processing_system7_0/inst/PS7_i/FCLKCLK[0]
                         net (fo=1, routed)           1.088    21.088    bnn_accelerator_design_i/processing_system7_0/inst/FCLK_CLK_unbuffered[0]
    BUFGCTRL_X0Y16       BUFG (Prop_bufg_I_O)         0.091    21.179 r  bnn_accelerator_design_i/processing_system7_0/inst/buffer_fclk_clk_0.FCLK_CLK_0_BUFG/O
                         net (fo=3768, routed)        1.573    22.753    <hidden>
    SLICE_X9Y33          FDCE                                         r  <hidden>
                         clock pessimism              0.230    22.982    
                         clock uncertainty           -0.302    22.680    
    SLICE_X9Y33          FDCE (Recov_fdce_C_CLR)     -0.405    22.275    <hidden>
  -------------------------------------------------------------------
                         required time                         22.275    
                         arrival time                          -5.917    
  -------------------------------------------------------------------
                         slack                                 16.358    

Slack (MET) :             16.402ns  (required time - arrival time)
  Source:                 <hidden>
                            (rising edge-triggered cell FDPE clocked by clk_fpga_0  {rise@0.000ns fall@10.000ns period=20.000ns})
  Destination:            <hidden>
                            (recovery check against rising-edge clock clk_fpga_0  {rise@0.000ns fall@10.000ns period=20.000ns})
  Path Group:             **async_default**
  Path Type:              Recovery (Max at Slow Process Corner)
  Requirement:            20.000ns  (clk_fpga_0 rise@20.000ns - clk_fpga_0 rise@0.000ns)
  Data Path Delay:        2.878ns  (logic 0.773ns (26.859%)  route 2.105ns (73.141%))
  Logic Levels:           1  (LUT3=1)
  Clock Path Skew:        -0.057ns (DCD - SCD + CPR)
    Destination Clock Delay (DCD):    2.752ns = ( 22.753 - 20.000 ) 
    Source Clock Delay      (SCD):    3.039ns
    Clock Pessimism Removal (CPR):    0.230ns
  Clock Uncertainty:      0.302ns  ((TSJ^2 + TIJ^2)^1/2 + DJ) / 2 + PE
    Total System Jitter     (TSJ):    0.071ns
    Total Input Jitter      (TIJ):    0.600ns
    Discrete Jitter          (DJ):    0.000ns
    Phase Error              (PE):    0.000ns

    Location             Delay type                Incr(ns)  Path(ns)    Netlist Resource(s)
  -------------------------------------------------------------------    -------------------
                         (clock clk_fpga_0 rise edge)
                                                      0.000     0.000 r  
    PS7_X0Y0             PS7                          0.000     0.000 r  bnn_accelerator_design_i/processing_system7_0/inst/PS7_i/FCLKCLK[0]
                         net (fo=1, routed)           1.193     1.193    bnn_accelerator_design_i/processing_system7_0/inst/FCLK_CLK_unbuffered[0]
    BUFGCTRL_X0Y16       BUFG (Prop_bufg_I_O)         0.101     1.294 r  bnn_accelerator_design_i/processing_system7_0/inst/buffer_fclk_clk_0.FCLK_CLK_0_BUFG/O
                         net (fo=3768, routed)        1.745     3.039    <hidden>
    SLICE_X10Y30         FDPE                                         r  <hidden>
  -------------------------------------------------------------------    -------------------
    SLICE_X10Y30         FDPE (Prop_fdpe_C_Q)         0.478     3.517 f  <hidden>
                         net (fo=3, routed)           0.876     4.393    <hidden>
    SLICE_X10Y30         LUT3 (Prop_lut3_I2_O)        0.295     4.688 f  <hidden>
                         net (fo=32, routed)          1.229     5.917    <hidden>
    SLICE_X8Y33          FDCE                                         f  <hidden>
  -------------------------------------------------------------------    -------------------

                         (clock clk_fpga_0 rise edge)
                                                     20.000    20.000 r  
    PS7_X0Y0             PS7                          0.000    20.000 r  bnn_accelerator_design_i/processing_system7_0/inst/PS7_i/FCLKCLK[0]
                         net (fo=1, routed)           1.088    21.088    bnn_accelerator_design_i/processing_system7_0/inst/FCLK_CLK_unbuffered[0]
    BUFGCTRL_X0Y16       BUFG (Prop_bufg_I_O)         0.091    21.179 r  bnn_accelerator_design_i/processing_system7_0/inst/buffer_fclk_clk_0.FCLK_CLK_0_BUFG/O
                         net (fo=3768, routed)        1.573    22.753    <hidden>
    SLICE_X8Y33          FDCE                                         r  <hidden>
                         clock pessimism              0.230    22.982    
                         clock uncertainty           -0.302    22.680    
    SLICE_X8Y33          FDCE (Recov_fdce_C_CLR)     -0.361    22.319    <hidden>
  -------------------------------------------------------------------
                         required time                         22.319    
                         arrival time                          -5.917    
  -------------------------------------------------------------------
                         slack                                 16.402    

Slack (MET) :             16.402ns  (required time - arrival time)
  Source:                 <hidden>
                            (rising edge-triggered cell FDPE clocked by clk_fpga_0  {rise@0.000ns fall@10.000ns period=20.000ns})
  Destination:            <hidden>
                            (recovery check against rising-edge clock clk_fpga_0  {rise@0.000ns fall@10.000ns period=20.000ns})
  Path Group:             **async_default**
  Path Type:              Recovery (Max at Slow Process Corner)
  Requirement:            20.000ns  (clk_fpga_0 rise@20.000ns - clk_fpga_0 rise@0.000ns)
  Data Path Delay:        2.878ns  (logic 0.773ns (26.859%)  route 2.105ns (73.141%))
  Logic Levels:           1  (LUT3=1)
  Clock Path Skew:        -0.057ns (DCD - SCD + CPR)
    Destination Clock Delay (DCD):    2.752ns = ( 22.753 - 20.000 ) 
    Source Clock Delay      (SCD):    3.039ns
    Clock Pessimism Removal (CPR):    0.230ns
  Clock Uncertainty:      0.302ns  ((TSJ^2 + TIJ^2)^1/2 + DJ) / 2 + PE
    Total System Jitter     (TSJ):    0.071ns
    Total Input Jitter      (TIJ):    0.600ns
    Discrete Jitter          (DJ):    0.000ns
    Phase Error              (PE):    0.000ns

    Location             Delay type                Incr(ns)  Path(ns)    Netlist Resource(s)
  -------------------------------------------------------------------    -------------------
                         (clock clk_fpga_0 rise edge)
                                                      0.000     0.000 r  
    PS7_X0Y0             PS7                          0.000     0.000 r  bnn_accelerator_design_i/processing_system7_0/inst/PS7_i/FCLKCLK[0]
                         net (fo=1, routed)           1.193     1.193    bnn_accelerator_design_i/processing_system7_0/inst/FCLK_CLK_unbuffered[0]
    BUFGCTRL_X0Y16       BUFG (Prop_bufg_I_O)         0.101     1.294 r  bnn_accelerator_design_i/processing_system7_0/inst/buffer_fclk_clk_0.FCLK_CLK_0_BUFG/O
                         net (fo=3768, routed)        1.745     3.039    <hidden>
    SLICE_X10Y30         FDPE                                         r  <hidden>
  -------------------------------------------------------------------    -------------------
    SLICE_X10Y30         FDPE (Prop_fdpe_C_Q)         0.478     3.517 f  <hidden>
                         net (fo=3, routed)           0.876     4.393    <hidden>
    SLICE_X10Y30         LUT3 (Prop_lut3_I2_O)        0.295     4.688 f  <hidden>
                         net (fo=32, routed)          1.229     5.917    <hidden>
    SLICE_X8Y33          FDPE                                         f  <hidden>
  -------------------------------------------------------------------    -------------------

                         (clock clk_fpga_0 rise edge)
                                                     20.000    20.000 r  
    PS7_X0Y0             PS7                          0.000    20.000 r  bnn_accelerator_design_i/processing_system7_0/inst/PS7_i/FCLKCLK[0]
                         net (fo=1, routed)           1.088    21.088    bnn_accelerator_design_i/processing_system7_0/inst/FCLK_CLK_unbuffered[0]
    BUFGCTRL_X0Y16       BUFG (Prop_bufg_I_O)         0.091    21.179 r  bnn_accelerator_design_i/processing_system7_0/inst/buffer_fclk_clk_0.FCLK_CLK_0_BUFG/O
                         net (fo=3768, routed)        1.573    22.753    <hidden>
    SLICE_X8Y33          FDPE                                         r  <hidden>
                         clock pessimism              0.230    22.982    
                         clock uncertainty           -0.302    22.680    
    SLICE_X8Y33          FDPE (Recov_fdpe_C_PRE)     -0.361    22.319    <hidden>
  -------------------------------------------------------------------
                         required time                         22.319    
                         arrival time                          -5.917    
  -------------------------------------------------------------------
                         slack                                 16.402    

Slack (MET) :             16.402ns  (required time - arrival time)
  Source:                 <hidden>
                            (rising edge-triggered cell FDPE clocked by clk_fpga_0  {rise@0.000ns fall@10.000ns period=20.000ns})
  Destination:            <hidden>
                            (recovery check against rising-edge clock clk_fpga_0  {rise@0.000ns fall@10.000ns period=20.000ns})
  Path Group:             **async_default**
  Path Type:              Recovery (Max at Slow Process Corner)
  Requirement:            20.000ns  (clk_fpga_0 rise@20.000ns - clk_fpga_0 rise@0.000ns)
  Data Path Delay:        2.878ns  (logic 0.773ns (26.859%)  route 2.105ns (73.141%))
  Logic Levels:           1  (LUT3=1)
  Clock Path Skew:        -0.057ns (DCD - SCD + CPR)
    Destination Clock Delay (DCD):    2.752ns = ( 22.753 - 20.000 ) 
    Source Clock Delay      (SCD):    3.039ns
    Clock Pessimism Removal (CPR):    0.230ns
  Clock Uncertainty:      0.302ns  ((TSJ^2 + TIJ^2)^1/2 + DJ) / 2 + PE
    Total System Jitter     (TSJ):    0.071ns
    Total Input Jitter      (TIJ):    0.600ns
    Discrete Jitter          (DJ):    0.000ns
    Phase Error              (PE):    0.000ns

    Location             Delay type                Incr(ns)  Path(ns)    Netlist Resource(s)
  -------------------------------------------------------------------    -------------------
                         (clock clk_fpga_0 rise edge)
                                                      0.000     0.000 r  
    PS7_X0Y0             PS7                          0.000     0.000 r  bnn_accelerator_design_i/processing_system7_0/inst/PS7_i/FCLKCLK[0]
                         net (fo=1, routed)           1.193     1.193    bnn_accelerator_design_i/processing_system7_0/inst/FCLK_CLK_unbuffered[0]
    BUFGCTRL_X0Y16       BUFG (Prop_bufg_I_O)         0.101     1.294 r  bnn_accelerator_design_i/processing_system7_0/inst/buffer_fclk_clk_0.FCLK_CLK_0_BUFG/O
                         net (fo=3768, routed)        1.745     3.039    <hidden>
    SLICE_X10Y30         FDPE                                         r  <hidden>
  -------------------------------------------------------------------    -------------------
    SLICE_X10Y30         FDPE (Prop_fdpe_C_Q)         0.478     3.517 f  <hidden>
                         net (fo=3, routed)           0.876     4.393    <hidden>
    SLICE_X10Y30         LUT3 (Prop_lut3_I2_O)        0.295     4.688 f  <hidden>
                         net (fo=32, routed)          1.229     5.917    <hidden>
    SLICE_X8Y33          FDCE                                         f  <hidden>
  -------------------------------------------------------------------    -------------------

                         (clock clk_fpga_0 rise edge)
                                                     20.000    20.000 r  
    PS7_X0Y0             PS7                          0.000    20.000 r  bnn_accelerator_design_i/processing_system7_0/inst/PS7_i/FCLKCLK[0]
                         net (fo=1, routed)           1.088    21.088    bnn_accelerator_design_i/processing_system7_0/inst/FCLK_CLK_unbuffered[0]
    BUFGCTRL_X0Y16       BUFG (Prop_bufg_I_O)         0.091    21.179 r  bnn_accelerator_design_i/processing_system7_0/inst/buffer_fclk_clk_0.FCLK_CLK_0_BUFG/O
                         net (fo=3768, routed)        1.573    22.753    <hidden>
    SLICE_X8Y33          FDCE                                         r  <hidden>
                         clock pessimism              0.230    22.982    
                         clock uncertainty           -0.302    22.680    
    SLICE_X8Y33          FDCE (Recov_fdce_C_CLR)     -0.361    22.319    <hidden>
  -------------------------------------------------------------------
                         required time                         22.319    
                         arrival time                          -5.917    
  -------------------------------------------------------------------
                         slack                                 16.402    

Slack (MET) :             16.402ns  (required time - arrival time)
  Source:                 <hidden>
                            (rising edge-triggered cell FDPE clocked by clk_fpga_0  {rise@0.000ns fall@10.000ns period=20.000ns})
  Destination:            <hidden>
                            (recovery check against rising-edge clock clk_fpga_0  {rise@0.000ns fall@10.000ns period=20.000ns})
  Path Group:             **async_default**
  Path Type:              Recovery (Max at Slow Process Corner)
  Requirement:            20.000ns  (clk_fpga_0 rise@20.000ns - clk_fpga_0 rise@0.000ns)
  Data Path Delay:        2.878ns  (logic 0.773ns (26.859%)  route 2.105ns (73.141%))
  Logic Levels:           1  (LUT3=1)
  Clock Path Skew:        -0.057ns (DCD - SCD + CPR)
    Destination Clock Delay (DCD):    2.752ns = ( 22.753 - 20.000 ) 
    Source Clock Delay      (SCD):    3.039ns
    Clock Pessimism Removal (CPR):    0.230ns
  Clock Uncertainty:      0.302ns  ((TSJ^2 + TIJ^2)^1/2 + DJ) / 2 + PE
    Total System Jitter     (TSJ):    0.071ns
    Total Input Jitter      (TIJ):    0.600ns
    Discrete Jitter          (DJ):    0.000ns
    Phase Error              (PE):    0.000ns

    Location             Delay type                Incr(ns)  Path(ns)    Netlist Resource(s)
  -------------------------------------------------------------------    -------------------
                         (clock clk_fpga_0 rise edge)
                                                      0.000     0.000 r  
    PS7_X0Y0             PS7                          0.000     0.000 r  bnn_accelerator_design_i/processing_system7_0/inst/PS7_i/FCLKCLK[0]
                         net (fo=1, routed)           1.193     1.193    bnn_accelerator_design_i/processing_system7_0/inst/FCLK_CLK_unbuffered[0]
    BUFGCTRL_X0Y16       BUFG (Prop_bufg_I_O)         0.101     1.294 r  bnn_accelerator_design_i/processing_system7_0/inst/buffer_fclk_clk_0.FCLK_CLK_0_BUFG/O
                         net (fo=3768, routed)        1.745     3.039    <hidden>
    SLICE_X10Y30         FDPE                                         r  <hidden>
  -------------------------------------------------------------------    -------------------
    SLICE_X10Y30         FDPE (Prop_fdpe_C_Q)         0.478     3.517 f  <hidden>
                         net (fo=3, routed)           0.876     4.393    <hidden>
    SLICE_X10Y30         LUT3 (Prop_lut3_I2_O)        0.295     4.688 f  <hidden>
                         net (fo=32, routed)          1.229     5.917    <hidden>
    SLICE_X8Y33          FDCE                                         f  <hidden>
  -------------------------------------------------------------------    -------------------

                         (clock clk_fpga_0 rise edge)
                                                     20.000    20.000 r  
    PS7_X0Y0             PS7                          0.000    20.000 r  bnn_accelerator_design_i/processing_system7_0/inst/PS7_i/FCLKCLK[0]
                         net (fo=1, routed)           1.088    21.088    bnn_accelerator_design_i/processing_system7_0/inst/FCLK_CLK_unbuffered[0]
    BUFGCTRL_X0Y16       BUFG (Prop_bufg_I_O)         0.091    21.179 r  bnn_accelerator_design_i/processing_system7_0/inst/buffer_fclk_clk_0.FCLK_CLK_0_BUFG/O
                         net (fo=3768, routed)        1.573    22.753    <hidden>
    SLICE_X8Y33          FDCE                                         r  <hidden>
                         clock pessimism              0.230    22.982    
                         clock uncertainty           -0.302    22.680    
    SLICE_X8Y33          FDCE (Recov_fdce_C_CLR)     -0.361    22.319    <hidden>
  -------------------------------------------------------------------
                         required time                         22.319    
                         arrival time                          -5.917    
  -------------------------------------------------------------------
                         slack                                 16.402    

Slack (MET) :             16.444ns  (required time - arrival time)
  Source:                 <hidden>
                            (rising edge-triggered cell FDPE clocked by clk_fpga_0  {rise@0.000ns fall@10.000ns period=20.000ns})
  Destination:            <hidden>
                            (recovery check against rising-edge clock clk_fpga_0  {rise@0.000ns fall@10.000ns period=20.000ns})
  Path Group:             **async_default**
  Path Type:              Recovery (Max at Slow Process Corner)
  Requirement:            20.000ns  (clk_fpga_0 rise@20.000ns - clk_fpga_0 rise@0.000ns)
  Data Path Delay:        2.878ns  (logic 0.773ns (26.859%)  route 2.105ns (73.141%))
  Logic Levels:           1  (LUT3=1)
  Clock Path Skew:        -0.057ns (DCD - SCD + CPR)
    Destination Clock Delay (DCD):    2.752ns = ( 22.753 - 20.000 ) 
    Source Clock Delay      (SCD):    3.039ns
    Clock Pessimism Removal (CPR):    0.230ns
  Clock Uncertainty:      0.302ns  ((TSJ^2 + TIJ^2)^1/2 + DJ) / 2 + PE
    Total System Jitter     (TSJ):    0.071ns
    Total Input Jitter      (TIJ):    0.600ns
    Discrete Jitter          (DJ):    0.000ns
    Phase Error              (PE):    0.000ns

    Location             Delay type                Incr(ns)  Path(ns)    Netlist Resource(s)
  -------------------------------------------------------------------    -------------------
                         (clock clk_fpga_0 rise edge)
                                                      0.000     0.000 r  
    PS7_X0Y0             PS7                          0.000     0.000 r  bnn_accelerator_design_i/processing_system7_0/inst/PS7_i/FCLKCLK[0]
                         net (fo=1, routed)           1.193     1.193    bnn_accelerator_design_i/processing_system7_0/inst/FCLK_CLK_unbuffered[0]
    BUFGCTRL_X0Y16       BUFG (Prop_bufg_I_O)         0.101     1.294 r  bnn_accelerator_design_i/processing_system7_0/inst/buffer_fclk_clk_0.FCLK_CLK_0_BUFG/O
                         net (fo=3768, routed)        1.745     3.039    <hidden>
    SLICE_X10Y30         FDPE                                         r  <hidden>
  -------------------------------------------------------------------    -------------------
    SLICE_X10Y30         FDPE (Prop_fdpe_C_Q)         0.478     3.517 f  <hidden>
                         net (fo=3, routed)           0.876     4.393    <hidden>
    SLICE_X10Y30         LUT3 (Prop_lut3_I2_O)        0.295     4.688 f  <hidden>
                         net (fo=32, routed)          1.229     5.917    <hidden>
    SLICE_X8Y33          FDCE                                         f  <hidden>
  -------------------------------------------------------------------    -------------------

                         (clock clk_fpga_0 rise edge)
                                                     20.000    20.000 r  
    PS7_X0Y0             PS7                          0.000    20.000 r  bnn_accelerator_design_i/processing_system7_0/inst/PS7_i/FCLKCLK[0]
                         net (fo=1, routed)           1.088    21.088    bnn_accelerator_design_i/processing_system7_0/inst/FCLK_CLK_unbuffered[0]
    BUFGCTRL_X0Y16       BUFG (Prop_bufg_I_O)         0.091    21.179 r  bnn_accelerator_design_i/processing_system7_0/inst/buffer_fclk_clk_0.FCLK_CLK_0_BUFG/O
                         net (fo=3768, routed)        1.573    22.753    <hidden>
    SLICE_X8Y33          FDCE                                         r  <hidden>
                         clock pessimism              0.230    22.982    
                         clock uncertainty           -0.302    22.680    
    SLICE_X8Y33          FDCE (Recov_fdce_C_CLR)     -0.319    22.361    <hidden>
  -------------------------------------------------------------------
                         required time                         22.361    
                         arrival time                          -5.917    
  -------------------------------------------------------------------
                         slack                                 16.444    

Slack (MET) :             16.444ns  (required time - arrival time)
  Source:                 <hidden>
                            (rising edge-triggered cell FDPE clocked by clk_fpga_0  {rise@0.000ns fall@10.000ns period=20.000ns})
  Destination:            <hidden>
                            (recovery check against rising-edge clock clk_fpga_0  {rise@0.000ns fall@10.000ns period=20.000ns})
  Path Group:             **async_default**
  Path Type:              Recovery (Max at Slow Process Corner)
  Requirement:            20.000ns  (clk_fpga_0 rise@20.000ns - clk_fpga_0 rise@0.000ns)
  Data Path Delay:        2.878ns  (logic 0.773ns (26.859%)  route 2.105ns (73.141%))
  Logic Levels:           1  (LUT3=1)
  Clock Path Skew:        -0.057ns (DCD - SCD + CPR)
    Destination Clock Delay (DCD):    2.752ns = ( 22.753 - 20.000 ) 
    Source Clock Delay      (SCD):    3.039ns
    Clock Pessimism Removal (CPR):    0.230ns
  Clock Uncertainty:      0.302ns  ((TSJ^2 + TIJ^2)^1/2 + DJ) / 2 + PE
    Total System Jitter     (TSJ):    0.071ns
    Total Input Jitter      (TIJ):    0.600ns
    Discrete Jitter          (DJ):    0.000ns
    Phase Error              (PE):    0.000ns

    Location             Delay type                Incr(ns)  Path(ns)    Netlist Resource(s)
  -------------------------------------------------------------------    -------------------
                         (clock clk_fpga_0 rise edge)
                                                      0.000     0.000 r  
    PS7_X0Y0             PS7                          0.000     0.000 r  bnn_accelerator_design_i/processing_system7_0/inst/PS7_i/FCLKCLK[0]
                         net (fo=1, routed)           1.193     1.193    bnn_accelerator_design_i/processing_system7_0/inst/FCLK_CLK_unbuffered[0]
    BUFGCTRL_X0Y16       BUFG (Prop_bufg_I_O)         0.101     1.294 r  bnn_accelerator_design_i/processing_system7_0/inst/buffer_fclk_clk_0.FCLK_CLK_0_BUFG/O
                         net (fo=3768, routed)        1.745     3.039    <hidden>
    SLICE_X10Y30         FDPE                                         r  <hidden>
  -------------------------------------------------------------------    -------------------
    SLICE_X10Y30         FDPE (Prop_fdpe_C_Q)         0.478     3.517 f  <hidden>
                         net (fo=3, routed)           0.876     4.393    <hidden>
    SLICE_X10Y30         LUT3 (Prop_lut3_I2_O)        0.295     4.688 f  <hidden>
                         net (fo=32, routed)          1.229     5.917    <hidden>
    SLICE_X8Y33          FDCE                                         f  <hidden>
  -------------------------------------------------------------------    -------------------

                         (clock clk_fpga_0 rise edge)
                                                     20.000    20.000 r  
    PS7_X0Y0             PS7                          0.000    20.000 r  bnn_accelerator_design_i/processing_system7_0/inst/PS7_i/FCLKCLK[0]
                         net (fo=1, routed)           1.088    21.088    bnn_accelerator_design_i/processing_system7_0/inst/FCLK_CLK_unbuffered[0]
    BUFGCTRL_X0Y16       BUFG (Prop_bufg_I_O)         0.091    21.179 r  bnn_accelerator_design_i/processing_system7_0/inst/buffer_fclk_clk_0.FCLK_CLK_0_BUFG/O
                         net (fo=3768, routed)        1.573    22.753    <hidden>
    SLICE_X8Y33          FDCE                                         r  <hidden>
                         clock pessimism              0.230    22.982    
                         clock uncertainty           -0.302    22.680    
    SLICE_X8Y33          FDCE (Recov_fdce_C_CLR)     -0.319    22.361    <hidden>
  -------------------------------------------------------------------
                         required time                         22.361    
                         arrival time                          -5.917    
  -------------------------------------------------------------------
                         slack                                 16.444    





Min Delay Paths
--------------------------------------------------------------------------------------
Slack (MET) :             0.528ns  (arrival time - required time)
  Source:                 <hidden>
                            (rising edge-triggered cell FDRE clocked by clk_fpga_0  {rise@0.000ns fall@10.000ns period=20.000ns})
  Destination:            <hidden>
                            (removal check against rising-edge clock clk_fpga_0  {rise@0.000ns fall@10.000ns period=20.000ns})
  Path Group:             **async_default**
  Path Type:              Removal (Min at Fast Process Corner)
  Requirement:            0.000ns  (clk_fpga_0 rise@0.000ns - clk_fpga_0 rise@0.000ns)
  Data Path Delay:        0.476ns  (logic 0.186ns (39.113%)  route 0.290ns (60.887%))
  Logic Levels:           1  (LUT3=1)
  Clock Path Skew:        0.015ns (DCD - SCD - CPR)
    Destination Clock Delay (DCD):    1.254ns
    Source Clock Delay      (SCD):    0.955ns
    Clock Pessimism Removal (CPR):    0.284ns

    Location             Delay type                Incr(ns)  Path(ns)    Netlist Resource(s)
  -------------------------------------------------------------------    -------------------
                         (clock clk_fpga_0 rise edge)
                                                      0.000     0.000 r  
    PS7_X0Y0             PS7                          0.000     0.000 r  bnn_accelerator_design_i/processing_system7_0/inst/PS7_i/FCLKCLK[0]
                         net (fo=1, routed)           0.310     0.310    bnn_accelerator_design_i/processing_system7_0/inst/FCLK_CLK_unbuffered[0]
    BUFGCTRL_X0Y16       BUFG (Prop_bufg_I_O)         0.026     0.336 r  bnn_accelerator_design_i/processing_system7_0/inst/buffer_fclk_clk_0.FCLK_CLK_0_BUFG/O
                         net (fo=3768, routed)        0.619     0.955    <hidden>
    SLICE_X3Y32          FDRE                                         r  <hidden>
  -------------------------------------------------------------------    -------------------
    SLICE_X3Y32          FDRE (Prop_fdre_C_Q)         0.141     1.096 f  <hidden>
                         net (fo=2, routed)           0.103     1.199    <hidden>
    SLICE_X2Y32          LUT3 (Prop_lut3_I1_O)        0.045     1.244 f  <hidden>
                         net (fo=33, routed)          0.186     1.430    <hidden>
    SLICE_X0Y33          FDCE                                         f  <hidden>
  -------------------------------------------------------------------    -------------------

                         (clock clk_fpga_0 rise edge)
                                                      0.000     0.000 r  
    PS7_X0Y0             PS7                          0.000     0.000 r  bnn_accelerator_design_i/processing_system7_0/inst/PS7_i/FCLKCLK[0]
                         net (fo=1, routed)           0.337     0.337    bnn_accelerator_design_i/processing_system7_0/inst/FCLK_CLK_unbuffered[0]
    BUFGCTRL_X0Y16       BUFG (Prop_bufg_I_O)         0.029     0.366 r  bnn_accelerator_design_i/processing_system7_0/inst/buffer_fclk_clk_0.FCLK_CLK_0_BUFG/O
                         net (fo=3768, routed)        0.888     1.254    <hidden>
    SLICE_X0Y33          FDCE                                         r  <hidden>
                         clock pessimism             -0.284     0.970    
    SLICE_X0Y33          FDCE (Remov_fdce_C_CLR)     -0.067     0.903    <hidden>
  -------------------------------------------------------------------
                         required time                         -0.903    
                         arrival time                           1.430    
  -------------------------------------------------------------------
                         slack                                  0.528    

Slack (MET) :             0.528ns  (arrival time - required time)
  Source:                 <hidden>
                            (rising edge-triggered cell FDRE clocked by clk_fpga_0  {rise@0.000ns fall@10.000ns period=20.000ns})
  Destination:            <hidden>
                            (removal check against rising-edge clock clk_fpga_0  {rise@0.000ns fall@10.000ns period=20.000ns})
  Path Group:             **async_default**
  Path Type:              Removal (Min at Fast Process Corner)
  Requirement:            0.000ns  (clk_fpga_0 rise@0.000ns - clk_fpga_0 rise@0.000ns)
  Data Path Delay:        0.476ns  (logic 0.186ns (39.113%)  route 0.290ns (60.887%))
  Logic Levels:           1  (LUT3=1)
  Clock Path Skew:        0.015ns (DCD - SCD - CPR)
    Destination Clock Delay (DCD):    1.254ns
    Source Clock Delay      (SCD):    0.955ns
    Clock Pessimism Removal (CPR):    0.284ns

    Location             Delay type                Incr(ns)  Path(ns)    Netlist Resource(s)
  -------------------------------------------------------------------    -------------------
                         (clock clk_fpga_0 rise edge)
                                                      0.000     0.000 r  
    PS7_X0Y0             PS7                          0.000     0.000 r  bnn_accelerator_design_i/processing_system7_0/inst/PS7_i/FCLKCLK[0]
                         net (fo=1, routed)           0.310     0.310    bnn_accelerator_design_i/processing_system7_0/inst/FCLK_CLK_unbuffered[0]
    BUFGCTRL_X0Y16       BUFG (Prop_bufg_I_O)         0.026     0.336 r  bnn_accelerator_design_i/processing_system7_0/inst/buffer_fclk_clk_0.FCLK_CLK_0_BUFG/O
                         net (fo=3768, routed)        0.619     0.955    <hidden>
    SLICE_X3Y32          FDRE                                         r  <hidden>
  -------------------------------------------------------------------    -------------------
    SLICE_X3Y32          FDRE (Prop_fdre_C_Q)         0.141     1.096 f  <hidden>
                         net (fo=2, routed)           0.103     1.199    <hidden>
    SLICE_X2Y32          LUT3 (Prop_lut3_I1_O)        0.045     1.244 f  <hidden>
                         net (fo=33, routed)          0.186     1.430    <hidden>
    SLICE_X0Y33          FDCE                                         f  <hidden>
  -------------------------------------------------------------------    -------------------

                         (clock clk_fpga_0 rise edge)
                                                      0.000     0.000 r  
    PS7_X0Y0             PS7                          0.000     0.000 r  bnn_accelerator_design_i/processing_system7_0/inst/PS7_i/FCLKCLK[0]
                         net (fo=1, routed)           0.337     0.337    bnn_accelerator_design_i/processing_system7_0/inst/FCLK_CLK_unbuffered[0]
    BUFGCTRL_X0Y16       BUFG (Prop_bufg_I_O)         0.029     0.366 r  bnn_accelerator_design_i/processing_system7_0/inst/buffer_fclk_clk_0.FCLK_CLK_0_BUFG/O
                         net (fo=3768, routed)        0.888     1.254    <hidden>
    SLICE_X0Y33          FDCE                                         r  <hidden>
                         clock pessimism             -0.284     0.970    
    SLICE_X0Y33          FDCE (Remov_fdce_C_CLR)     -0.067     0.903    <hidden>
  -------------------------------------------------------------------
                         required time                         -0.903    
                         arrival time                           1.430    
  -------------------------------------------------------------------
                         slack                                  0.528    

Slack (MET) :             0.528ns  (arrival time - required time)
  Source:                 <hidden>
                            (rising edge-triggered cell FDRE clocked by clk_fpga_0  {rise@0.000ns fall@10.000ns period=20.000ns})
  Destination:            <hidden>
                            (removal check against rising-edge clock clk_fpga_0  {rise@0.000ns fall@10.000ns period=20.000ns})
  Path Group:             **async_default**
  Path Type:              Removal (Min at Fast Process Corner)
  Requirement:            0.000ns  (clk_fpga_0 rise@0.000ns - clk_fpga_0 rise@0.000ns)
  Data Path Delay:        0.476ns  (logic 0.186ns (39.113%)  route 0.290ns (60.887%))
  Logic Levels:           1  (LUT3=1)
  Clock Path Skew:        0.015ns (DCD - SCD - CPR)
    Destination Clock Delay (DCD):    1.254ns
    Source Clock Delay      (SCD):    0.955ns
    Clock Pessimism Removal (CPR):    0.284ns

    Location             Delay type                Incr(ns)  Path(ns)    Netlist Resource(s)
  -------------------------------------------------------------------    -------------------
                         (clock clk_fpga_0 rise edge)
                                                      0.000     0.000 r  
    PS7_X0Y0             PS7                          0.000     0.000 r  bnn_accelerator_design_i/processing_system7_0/inst/PS7_i/FCLKCLK[0]
                         net (fo=1, routed)           0.310     0.310    bnn_accelerator_design_i/processing_system7_0/inst/FCLK_CLK_unbuffered[0]
    BUFGCTRL_X0Y16       BUFG (Prop_bufg_I_O)         0.026     0.336 r  bnn_accelerator_design_i/processing_system7_0/inst/buffer_fclk_clk_0.FCLK_CLK_0_BUFG/O
                         net (fo=3768, routed)        0.619     0.955    <hidden>
    SLICE_X3Y32          FDRE                                         r  <hidden>
  -------------------------------------------------------------------    -------------------
    SLICE_X3Y32          FDRE (Prop_fdre_C_Q)         0.141     1.096 f  <hidden>
                         net (fo=2, routed)           0.103     1.199    <hidden>
    SLICE_X2Y32          LUT3 (Prop_lut3_I1_O)        0.045     1.244 f  <hidden>
                         net (fo=33, routed)          0.186     1.430    <hidden>
    SLICE_X0Y33          FDCE                                         f  <hidden>
  -------------------------------------------------------------------    -------------------

                         (clock clk_fpga_0 rise edge)
                                                      0.000     0.000 r  
    PS7_X0Y0             PS7                          0.000     0.000 r  bnn_accelerator_design_i/processing_system7_0/inst/PS7_i/FCLKCLK[0]
                         net (fo=1, routed)           0.337     0.337    bnn_accelerator_design_i/processing_system7_0/inst/FCLK_CLK_unbuffered[0]
    BUFGCTRL_X0Y16       BUFG (Prop_bufg_I_O)         0.029     0.366 r  bnn_accelerator_design_i/processing_system7_0/inst/buffer_fclk_clk_0.FCLK_CLK_0_BUFG/O
                         net (fo=3768, routed)        0.888     1.254    <hidden>
    SLICE_X0Y33          FDCE                                         r  <hidden>
                         clock pessimism             -0.284     0.970    
    SLICE_X0Y33          FDCE (Remov_fdce_C_CLR)     -0.067     0.903    <hidden>
  -------------------------------------------------------------------
                         required time                         -0.903    
                         arrival time                           1.430    
  -------------------------------------------------------------------
                         slack                                  0.528    

Slack (MET) :             0.528ns  (arrival time - required time)
  Source:                 <hidden>
                            (rising edge-triggered cell FDRE clocked by clk_fpga_0  {rise@0.000ns fall@10.000ns period=20.000ns})
  Destination:            <hidden>
                            (removal check against rising-edge clock clk_fpga_0  {rise@0.000ns fall@10.000ns period=20.000ns})
  Path Group:             **async_default**
  Path Type:              Removal (Min at Fast Process Corner)
  Requirement:            0.000ns  (clk_fpga_0 rise@0.000ns - clk_fpga_0 rise@0.000ns)
  Data Path Delay:        0.476ns  (logic 0.186ns (39.113%)  route 0.290ns (60.887%))
  Logic Levels:           1  (LUT3=1)
  Clock Path Skew:        0.015ns (DCD - SCD - CPR)
    Destination Clock Delay (DCD):    1.254ns
    Source Clock Delay      (SCD):    0.955ns
    Clock Pessimism Removal (CPR):    0.284ns

    Location             Delay type                Incr(ns)  Path(ns)    Netlist Resource(s)
  -------------------------------------------------------------------    -------------------
                         (clock clk_fpga_0 rise edge)
                                                      0.000     0.000 r  
    PS7_X0Y0             PS7                          0.000     0.000 r  bnn_accelerator_design_i/processing_system7_0/inst/PS7_i/FCLKCLK[0]
                         net (fo=1, routed)           0.310     0.310    bnn_accelerator_design_i/processing_system7_0/inst/FCLK_CLK_unbuffered[0]
    BUFGCTRL_X0Y16       BUFG (Prop_bufg_I_O)         0.026     0.336 r  bnn_accelerator_design_i/processing_system7_0/inst/buffer_fclk_clk_0.FCLK_CLK_0_BUFG/O
                         net (fo=3768, routed)        0.619     0.955    <hidden>
    SLICE_X3Y32          FDRE                                         r  <hidden>
  -------------------------------------------------------------------    -------------------
    SLICE_X3Y32          FDRE (Prop_fdre_C_Q)         0.141     1.096 f  <hidden>
                         net (fo=2, routed)           0.103     1.199    <hidden>
    SLICE_X2Y32          LUT3 (Prop_lut3_I1_O)        0.045     1.244 f  <hidden>
                         net (fo=33, routed)          0.186     1.430    <hidden>
    SLICE_X0Y33          FDCE                                         f  <hidden>
  -------------------------------------------------------------------    -------------------

                         (clock clk_fpga_0 rise edge)
                                                      0.000     0.000 r  
    PS7_X0Y0             PS7                          0.000     0.000 r  bnn_accelerator_design_i/processing_system7_0/inst/PS7_i/FCLKCLK[0]
                         net (fo=1, routed)           0.337     0.337    bnn_accelerator_design_i/processing_system7_0/inst/FCLK_CLK_unbuffered[0]
    BUFGCTRL_X0Y16       BUFG (Prop_bufg_I_O)         0.029     0.366 r  bnn_accelerator_design_i/processing_system7_0/inst/buffer_fclk_clk_0.FCLK_CLK_0_BUFG/O
                         net (fo=3768, routed)        0.888     1.254    <hidden>
    SLICE_X0Y33          FDCE                                         r  <hidden>
                         clock pessimism             -0.284     0.970    
    SLICE_X0Y33          FDCE (Remov_fdce_C_CLR)     -0.067     0.903    <hidden>
  -------------------------------------------------------------------
                         required time                         -0.903    
                         arrival time                           1.430    
  -------------------------------------------------------------------
                         slack                                  0.528    

Slack (MET) :             0.528ns  (arrival time - required time)
  Source:                 <hidden>
                            (rising edge-triggered cell FDRE clocked by clk_fpga_0  {rise@0.000ns fall@10.000ns period=20.000ns})
  Destination:            <hidden>
                            (removal check against rising-edge clock clk_fpga_0  {rise@0.000ns fall@10.000ns period=20.000ns})
  Path Group:             **async_default**
  Path Type:              Removal (Min at Fast Process Corner)
  Requirement:            0.000ns  (clk_fpga_0 rise@0.000ns - clk_fpga_0 rise@0.000ns)
  Data Path Delay:        0.476ns  (logic 0.186ns (39.113%)  route 0.290ns (60.887%))
  Logic Levels:           1  (LUT3=1)
  Clock Path Skew:        0.015ns (DCD - SCD - CPR)
    Destination Clock Delay (DCD):    1.254ns
    Source Clock Delay      (SCD):    0.955ns
    Clock Pessimism Removal (CPR):    0.284ns

    Location             Delay type                Incr(ns)  Path(ns)    Netlist Resource(s)
  -------------------------------------------------------------------    -------------------
                         (clock clk_fpga_0 rise edge)
                                                      0.000     0.000 r  
    PS7_X0Y0             PS7                          0.000     0.000 r  bnn_accelerator_design_i/processing_system7_0/inst/PS7_i/FCLKCLK[0]
                         net (fo=1, routed)           0.310     0.310    bnn_accelerator_design_i/processing_system7_0/inst/FCLK_CLK_unbuffered[0]
    BUFGCTRL_X0Y16       BUFG (Prop_bufg_I_O)         0.026     0.336 r  bnn_accelerator_design_i/processing_system7_0/inst/buffer_fclk_clk_0.FCLK_CLK_0_BUFG/O
                         net (fo=3768, routed)        0.619     0.955    <hidden>
    SLICE_X3Y32          FDRE                                         r  <hidden>
  -------------------------------------------------------------------    -------------------
    SLICE_X3Y32          FDRE (Prop_fdre_C_Q)         0.141     1.096 f  <hidden>
                         net (fo=2, routed)           0.103     1.199    <hidden>
    SLICE_X2Y32          LUT3 (Prop_lut3_I1_O)        0.045     1.244 f  <hidden>
                         net (fo=33, routed)          0.186     1.430    <hidden>
    SLICE_X0Y33          FDCE                                         f  <hidden>
  -------------------------------------------------------------------    -------------------

                         (clock clk_fpga_0 rise edge)
                                                      0.000     0.000 r  
    PS7_X0Y0             PS7                          0.000     0.000 r  bnn_accelerator_design_i/processing_system7_0/inst/PS7_i/FCLKCLK[0]
                         net (fo=1, routed)           0.337     0.337    bnn_accelerator_design_i/processing_system7_0/inst/FCLK_CLK_unbuffered[0]
    BUFGCTRL_X0Y16       BUFG (Prop_bufg_I_O)         0.029     0.366 r  bnn_accelerator_design_i/processing_system7_0/inst/buffer_fclk_clk_0.FCLK_CLK_0_BUFG/O
                         net (fo=3768, routed)        0.888     1.254    <hidden>
    SLICE_X0Y33          FDCE                                         r  <hidden>
                         clock pessimism             -0.284     0.970    
    SLICE_X0Y33          FDCE (Remov_fdce_C_CLR)     -0.067     0.903    <hidden>
  -------------------------------------------------------------------
                         required time                         -0.903    
                         arrival time                           1.430    
  -------------------------------------------------------------------
                         slack                                  0.528    

Slack (MET) :             0.528ns  (arrival time - required time)
  Source:                 <hidden>
                            (rising edge-triggered cell FDRE clocked by clk_fpga_0  {rise@0.000ns fall@10.000ns period=20.000ns})
  Destination:            <hidden>
                            (removal check against rising-edge clock clk_fpga_0  {rise@0.000ns fall@10.000ns period=20.000ns})
  Path Group:             **async_default**
  Path Type:              Removal (Min at Fast Process Corner)
  Requirement:            0.000ns  (clk_fpga_0 rise@0.000ns - clk_fpga_0 rise@0.000ns)
  Data Path Delay:        0.476ns  (logic 0.186ns (39.113%)  route 0.290ns (60.887%))
  Logic Levels:           1  (LUT3=1)
  Clock Path Skew:        0.015ns (DCD - SCD - CPR)
    Destination Clock Delay (DCD):    1.254ns
    Source Clock Delay      (SCD):    0.955ns
    Clock Pessimism Removal (CPR):    0.284ns

    Location             Delay type                Incr(ns)  Path(ns)    Netlist Resource(s)
  -------------------------------------------------------------------    -------------------
                         (clock clk_fpga_0 rise edge)
                                                      0.000     0.000 r  
    PS7_X0Y0             PS7                          0.000     0.000 r  bnn_accelerator_design_i/processing_system7_0/inst/PS7_i/FCLKCLK[0]
                         net (fo=1, routed)           0.310     0.310    bnn_accelerator_design_i/processing_system7_0/inst/FCLK_CLK_unbuffered[0]
    BUFGCTRL_X0Y16       BUFG (Prop_bufg_I_O)         0.026     0.336 r  bnn_accelerator_design_i/processing_system7_0/inst/buffer_fclk_clk_0.FCLK_CLK_0_BUFG/O
                         net (fo=3768, routed)        0.619     0.955    <hidden>
    SLICE_X3Y32          FDRE                                         r  <hidden>
  -------------------------------------------------------------------    -------------------
    SLICE_X3Y32          FDRE (Prop_fdre_C_Q)         0.141     1.096 f  <hidden>
                         net (fo=2, routed)           0.103     1.199    <hidden>
    SLICE_X2Y32          LUT3 (Prop_lut3_I1_O)        0.045     1.244 f  <hidden>
                         net (fo=33, routed)          0.186     1.430    <hidden>
    SLICE_X0Y33          FDCE                                         f  <hidden>
  -------------------------------------------------------------------    -------------------

                         (clock clk_fpga_0 rise edge)
                                                      0.000     0.000 r  
    PS7_X0Y0             PS7                          0.000     0.000 r  bnn_accelerator_design_i/processing_system7_0/inst/PS7_i/FCLKCLK[0]
                         net (fo=1, routed)           0.337     0.337    bnn_accelerator_design_i/processing_system7_0/inst/FCLK_CLK_unbuffered[0]
    BUFGCTRL_X0Y16       BUFG (Prop_bufg_I_O)         0.029     0.366 r  bnn_accelerator_design_i/processing_system7_0/inst/buffer_fclk_clk_0.FCLK_CLK_0_BUFG/O
                         net (fo=3768, routed)        0.888     1.254    <hidden>
    SLICE_X0Y33          FDCE                                         r  <hidden>
                         clock pessimism             -0.284     0.970    
    SLICE_X0Y33          FDCE (Remov_fdce_C_CLR)     -0.067     0.903    <hidden>
  -------------------------------------------------------------------
                         required time                         -0.903    
                         arrival time                           1.430    
  -------------------------------------------------------------------
                         slack                                  0.528    

Slack (MET) :             0.547ns  (arrival time - required time)
  Source:                 <hidden>
                            (rising edge-triggered cell FDRE clocked by clk_fpga_0  {rise@0.000ns fall@10.000ns period=20.000ns})
  Destination:            <hidden>
                            (removal check against rising-edge clock clk_fpga_0  {rise@0.000ns fall@10.000ns period=20.000ns})
  Path Group:             **async_default**
  Path Type:              Removal (Min at Fast Process Corner)
  Requirement:            0.000ns  (clk_fpga_0 rise@0.000ns - clk_fpga_0 rise@0.000ns)
  Data Path Delay:        0.495ns  (logic 0.186ns (37.560%)  route 0.309ns (62.440%))
  Logic Levels:           1  (LUT3=1)
  Clock Path Skew:        0.015ns (DCD - SCD - CPR)
    Destination Clock Delay (DCD):    1.254ns
    Source Clock Delay      (SCD):    0.955ns
    Clock Pessimism Removal (CPR):    0.284ns

    Location             Delay type                Incr(ns)  Path(ns)    Netlist Resource(s)
  -------------------------------------------------------------------    -------------------
                         (clock clk_fpga_0 rise edge)
                                                      0.000     0.000 r  
    PS7_X0Y0             PS7                          0.000     0.000 r  bnn_accelerator_design_i/processing_system7_0/inst/PS7_i/FCLKCLK[0]
                         net (fo=1, routed)           0.310     0.310    bnn_accelerator_design_i/processing_system7_0/inst/FCLK_CLK_unbuffered[0]
    BUFGCTRL_X0Y16       BUFG (Prop_bufg_I_O)         0.026     0.336 r  bnn_accelerator_design_i/processing_system7_0/inst/buffer_fclk_clk_0.FCLK_CLK_0_BUFG/O
                         net (fo=3768, routed)        0.619     0.955    <hidden>
    SLICE_X3Y32          FDRE                                         r  <hidden>
  -------------------------------------------------------------------    -------------------
    SLICE_X3Y32          FDRE (Prop_fdre_C_Q)         0.141     1.096 f  <hidden>
                         net (fo=2, routed)           0.103     1.199    <hidden>
    SLICE_X2Y32          LUT3 (Prop_lut3_I1_O)        0.045     1.244 f  <hidden>
                         net (fo=33, routed)          0.206     1.450    <hidden>
    SLICE_X2Y33          FDCE                                         f  <hidden>
  -------------------------------------------------------------------    -------------------

                         (clock clk_fpga_0 rise edge)
                                                      0.000     0.000 r  
    PS7_X0Y0             PS7                          0.000     0.000 r  bnn_accelerator_design_i/processing_system7_0/inst/PS7_i/FCLKCLK[0]
                         net (fo=1, routed)           0.337     0.337    bnn_accelerator_design_i/processing_system7_0/inst/FCLK_CLK_unbuffered[0]
    BUFGCTRL_X0Y16       BUFG (Prop_bufg_I_O)         0.029     0.366 r  bnn_accelerator_design_i/processing_system7_0/inst/buffer_fclk_clk_0.FCLK_CLK_0_BUFG/O
                         net (fo=3768, routed)        0.888     1.254    <hidden>
    SLICE_X2Y33          FDCE                                         r  <hidden>
                         clock pessimism             -0.284     0.970    
    SLICE_X2Y33          FDCE (Remov_fdce_C_CLR)     -0.067     0.903    <hidden>
  -------------------------------------------------------------------
                         required time                         -0.903    
                         arrival time                           1.450    
  -------------------------------------------------------------------
                         slack                                  0.547    

Slack (MET) :             0.547ns  (arrival time - required time)
  Source:                 <hidden>
                            (rising edge-triggered cell FDRE clocked by clk_fpga_0  {rise@0.000ns fall@10.000ns period=20.000ns})
  Destination:            <hidden>
                            (removal check against rising-edge clock clk_fpga_0  {rise@0.000ns fall@10.000ns period=20.000ns})
  Path Group:             **async_default**
  Path Type:              Removal (Min at Fast Process Corner)
  Requirement:            0.000ns  (clk_fpga_0 rise@0.000ns - clk_fpga_0 rise@0.000ns)
  Data Path Delay:        0.495ns  (logic 0.186ns (37.560%)  route 0.309ns (62.440%))
  Logic Levels:           1  (LUT3=1)
  Clock Path Skew:        0.015ns (DCD - SCD - CPR)
    Destination Clock Delay (DCD):    1.254ns
    Source Clock Delay      (SCD):    0.955ns
    Clock Pessimism Removal (CPR):    0.284ns

    Location             Delay type                Incr(ns)  Path(ns)    Netlist Resource(s)
  -------------------------------------------------------------------    -------------------
                         (clock clk_fpga_0 rise edge)
                                                      0.000     0.000 r  
    PS7_X0Y0             PS7                          0.000     0.000 r  bnn_accelerator_design_i/processing_system7_0/inst/PS7_i/FCLKCLK[0]
                         net (fo=1, routed)           0.310     0.310    bnn_accelerator_design_i/processing_system7_0/inst/FCLK_CLK_unbuffered[0]
    BUFGCTRL_X0Y16       BUFG (Prop_bufg_I_O)         0.026     0.336 r  bnn_accelerator_design_i/processing_system7_0/inst/buffer_fclk_clk_0.FCLK_CLK_0_BUFG/O
                         net (fo=3768, routed)        0.619     0.955    <hidden>
    SLICE_X3Y32          FDRE                                         r  <hidden>
  -------------------------------------------------------------------    -------------------
    SLICE_X3Y32          FDRE (Prop_fdre_C_Q)         0.141     1.096 f  <hidden>
                         net (fo=2, routed)           0.103     1.199    <hidden>
    SLICE_X2Y32          LUT3 (Prop_lut3_I1_O)        0.045     1.244 f  <hidden>
                         net (fo=33, routed)          0.206     1.450    <hidden>
    SLICE_X2Y33          FDCE                                         f  <hidden>
  -------------------------------------------------------------------    -------------------

                         (clock clk_fpga_0 rise edge)
                                                      0.000     0.000 r  
    PS7_X0Y0             PS7                          0.000     0.000 r  bnn_accelerator_design_i/processing_system7_0/inst/PS7_i/FCLKCLK[0]
                         net (fo=1, routed)           0.337     0.337    bnn_accelerator_design_i/processing_system7_0/inst/FCLK_CLK_unbuffered[0]
    BUFGCTRL_X0Y16       BUFG (Prop_bufg_I_O)         0.029     0.366 r  bnn_accelerator_design_i/processing_system7_0/inst/buffer_fclk_clk_0.FCLK_CLK_0_BUFG/O
                         net (fo=3768, routed)        0.888     1.254    <hidden>
    SLICE_X2Y33          FDCE                                         r  <hidden>
                         clock pessimism             -0.284     0.970    
    SLICE_X2Y33          FDCE (Remov_fdce_C_CLR)     -0.067     0.903    <hidden>
  -------------------------------------------------------------------
                         required time                         -0.903    
                         arrival time                           1.450    
  -------------------------------------------------------------------
                         slack                                  0.547    

Slack (MET) :             0.547ns  (arrival time - required time)
  Source:                 <hidden>
                            (rising edge-triggered cell FDRE clocked by clk_fpga_0  {rise@0.000ns fall@10.000ns period=20.000ns})
  Destination:            <hidden>
                            (removal check against rising-edge clock clk_fpga_0  {rise@0.000ns fall@10.000ns period=20.000ns})
  Path Group:             **async_default**
  Path Type:              Removal (Min at Fast Process Corner)
  Requirement:            0.000ns  (clk_fpga_0 rise@0.000ns - clk_fpga_0 rise@0.000ns)
  Data Path Delay:        0.495ns  (logic 0.186ns (37.560%)  route 0.309ns (62.440%))
  Logic Levels:           1  (LUT3=1)
  Clock Path Skew:        0.015ns (DCD - SCD - CPR)
    Destination Clock Delay (DCD):    1.254ns
    Source Clock Delay      (SCD):    0.955ns
    Clock Pessimism Removal (CPR):    0.284ns

    Location             Delay type                Incr(ns)  Path(ns)    Netlist Resource(s)
  -------------------------------------------------------------------    -------------------
                         (clock clk_fpga_0 rise edge)
                                                      0.000     0.000 r  
    PS7_X0Y0             PS7                          0.000     0.000 r  bnn_accelerator_design_i/processing_system7_0/inst/PS7_i/FCLKCLK[0]
                         net (fo=1, routed)           0.310     0.310    bnn_accelerator_design_i/processing_system7_0/inst/FCLK_CLK_unbuffered[0]
    BUFGCTRL_X0Y16       BUFG (Prop_bufg_I_O)         0.026     0.336 r  bnn_accelerator_design_i/processing_system7_0/inst/buffer_fclk_clk_0.FCLK_CLK_0_BUFG/O
                         net (fo=3768, routed)        0.619     0.955    <hidden>
    SLICE_X3Y32          FDRE                                         r  <hidden>
  -------------------------------------------------------------------    -------------------
    SLICE_X3Y32          FDRE (Prop_fdre_C_Q)         0.141     1.096 f  <hidden>
                         net (fo=2, routed)           0.103     1.199    <hidden>
    SLICE_X2Y32          LUT3 (Prop_lut3_I1_O)        0.045     1.244 f  <hidden>
                         net (fo=33, routed)          0.206     1.450    <hidden>
    SLICE_X2Y33          FDCE                                         f  <hidden>
  -------------------------------------------------------------------    -------------------

                         (clock clk_fpga_0 rise edge)
                                                      0.000     0.000 r  
    PS7_X0Y0             PS7                          0.000     0.000 r  bnn_accelerator_design_i/processing_system7_0/inst/PS7_i/FCLKCLK[0]
                         net (fo=1, routed)           0.337     0.337    bnn_accelerator_design_i/processing_system7_0/inst/FCLK_CLK_unbuffered[0]
    BUFGCTRL_X0Y16       BUFG (Prop_bufg_I_O)         0.029     0.366 r  bnn_accelerator_design_i/processing_system7_0/inst/buffer_fclk_clk_0.FCLK_CLK_0_BUFG/O
                         net (fo=3768, routed)        0.888     1.254    <hidden>
    SLICE_X2Y33          FDCE                                         r  <hidden>
                         clock pessimism             -0.284     0.970    
    SLICE_X2Y33          FDCE (Remov_fdce_C_CLR)     -0.067     0.903    <hidden>
  -------------------------------------------------------------------
                         required time                         -0.903    
                         arrival time                           1.450    
  -------------------------------------------------------------------
                         slack                                  0.547    

Slack (MET) :             0.551ns  (arrival time - required time)
  Source:                 <hidden>
                            (rising edge-triggered cell FDRE clocked by clk_fpga_0  {rise@0.000ns fall@10.000ns period=20.000ns})
  Destination:            <hidden>
                            (removal check against rising-edge clock clk_fpga_0  {rise@0.000ns fall@10.000ns period=20.000ns})
  Path Group:             **async_default**
  Path Type:              Removal (Min at Fast Process Corner)
  Requirement:            0.000ns  (clk_fpga_0 rise@0.000ns - clk_fpga_0 rise@0.000ns)
  Data Path Delay:        0.495ns  (logic 0.186ns (37.560%)  route 0.309ns (62.440%))
  Logic Levels:           1  (LUT3=1)
  Clock Path Skew:        0.015ns (DCD - SCD - CPR)
    Destination Clock Delay (DCD):    1.254ns
    Source Clock Delay      (SCD):    0.955ns
    Clock Pessimism Removal (CPR):    0.284ns

    Location             Delay type                Incr(ns)  Path(ns)    Netlist Resource(s)
  -------------------------------------------------------------------    -------------------
                         (clock clk_fpga_0 rise edge)
                                                      0.000     0.000 r  
    PS7_X0Y0             PS7                          0.000     0.000 r  bnn_accelerator_design_i/processing_system7_0/inst/PS7_i/FCLKCLK[0]
                         net (fo=1, routed)           0.310     0.310    bnn_accelerator_design_i/processing_system7_0/inst/FCLK_CLK_unbuffered[0]
    BUFGCTRL_X0Y16       BUFG (Prop_bufg_I_O)         0.026     0.336 r  bnn_accelerator_design_i/processing_system7_0/inst/buffer_fclk_clk_0.FCLK_CLK_0_BUFG/O
                         net (fo=3768, routed)        0.619     0.955    <hidden>
    SLICE_X3Y32          FDRE                                         r  <hidden>
  -------------------------------------------------------------------    -------------------
    SLICE_X3Y32          FDRE (Prop_fdre_C_Q)         0.141     1.096 f  <hidden>
                         net (fo=2, routed)           0.103     1.199    <hidden>
    SLICE_X2Y32          LUT3 (Prop_lut3_I1_O)        0.045     1.244 f  <hidden>
                         net (fo=33, routed)          0.206     1.450    <hidden>
    SLICE_X2Y33          FDPE                                         f  <hidden>
  -------------------------------------------------------------------    -------------------

                         (clock clk_fpga_0 rise edge)
                                                      0.000     0.000 r  
    PS7_X0Y0             PS7                          0.000     0.000 r  bnn_accelerator_design_i/processing_system7_0/inst/PS7_i/FCLKCLK[0]
                         net (fo=1, routed)           0.337     0.337    bnn_accelerator_design_i/processing_system7_0/inst/FCLK_CLK_unbuffered[0]
    BUFGCTRL_X0Y16       BUFG (Prop_bufg_I_O)         0.029     0.366 r  bnn_accelerator_design_i/processing_system7_0/inst/buffer_fclk_clk_0.FCLK_CLK_0_BUFG/O
                         net (fo=3768, routed)        0.888     1.254    <hidden>
    SLICE_X2Y33          FDPE                                         r  <hidden>
                         clock pessimism             -0.284     0.970    
    SLICE_X2Y33          FDPE (Remov_fdpe_C_PRE)     -0.071     0.899    <hidden>
  -------------------------------------------------------------------
                         required time                         -0.899    
                         arrival time                           1.450    
  -------------------------------------------------------------------
                         slack                                  0.551    





--------------------------------------------------------------------------------------
Path Group:  (none)
From Clock:  
  To Clock:  clk_fpga_0

Max Delay             1 Endpoint
Min Delay             1 Endpoint
--------------------------------------------------------------------------------------


Max Delay Paths
--------------------------------------------------------------------------------------
Slack:                    inf
  Source:                 bnn_accelerator_design_i/processing_system7_0/inst/PS7_i/FCLKRESETN[0]
                            (internal pin)
  Destination:            bnn_accelerator_design_i/rst_ps7_0_50M/U0/EXT_LPF/ACTIVE_LOW_EXT.ACT_LO_EXT/GENERATE_LEVEL_P_S_CDC.SINGLE_BIT.CROSS_PLEVEL_IN2SCNDRY_IN_cdc_to/D
                            (rising edge-triggered cell FDRE clocked by clk_fpga_0  {rise@0.000ns fall@10.000ns period=20.000ns})
  Path Group:             (none)
  Path Type:              Setup (Max at Slow Process Corner)
  Data Path Delay:        1.524ns  (logic 0.124ns (8.136%)  route 1.400ns (91.864%))
  Logic Levels:           1  (LUT1=1)
  Clock Uncertainty:      0.301ns  ((TSJ^2 + TIJ^2)^1/2 + DJ) / 2 + PE
    Total System Jitter     (TSJ):    0.050ns
    Total Input Jitter      (TIJ):    0.600ns
    Discrete Jitter          (DJ):    0.000ns
    Phase Error              (PE):    0.000ns
  Timing Exception:       False Path

    Location             Delay type                Incr(ns)  Path(ns)    Netlist Resource(s)
  -------------------------------------------------------------------    -------------------
    PS7_X0Y0             PS7                          0.000     0.000 f  bnn_accelerator_design_i/processing_system7_0/inst/PS7_i/FCLKRESETN[0]
                         net (fo=1, routed)           1.400     1.400    bnn_accelerator_design_i/rst_ps7_0_50M/U0/EXT_LPF/ACTIVE_LOW_EXT.ACT_LO_EXT/ext_reset_in
    SLICE_X28Y80         LUT1 (Prop_lut1_I0_O)        0.124     1.524 r  bnn_accelerator_design_i/rst_ps7_0_50M/U0/EXT_LPF/ACTIVE_LOW_EXT.ACT_LO_EXT/GENERATE_LEVEL_P_S_CDC.SINGLE_BIT.CROSS_PLEVEL_IN2SCNDRY_IN_cdc_to_i_1/O
                         net (fo=1, routed)           0.000     1.524    bnn_accelerator_design_i/rst_ps7_0_50M/U0/EXT_LPF/ACTIVE_LOW_EXT.ACT_LO_EXT/exr_d1
    SLICE_X28Y80         FDRE                                         r  bnn_accelerator_design_i/rst_ps7_0_50M/U0/EXT_LPF/ACTIVE_LOW_EXT.ACT_LO_EXT/GENERATE_LEVEL_P_S_CDC.SINGLE_BIT.CROSS_PLEVEL_IN2SCNDRY_IN_cdc_to/D
  -------------------------------------------------------------------    -------------------

                         (clock clk_fpga_0 rise edge)
                                                      0.000     0.000 r  
    PS7_X0Y0             PS7                          0.000     0.000 r  bnn_accelerator_design_i/processing_system7_0/inst/PS7_i/FCLKCLK[0]
                         net (fo=1, routed)           1.088     1.088    bnn_accelerator_design_i/processing_system7_0/inst/FCLK_CLK_unbuffered[0]
    BUFGCTRL_X0Y16       BUFG (Prop_bufg_I_O)         0.091     1.179 r  bnn_accelerator_design_i/processing_system7_0/inst/buffer_fclk_clk_0.FCLK_CLK_0_BUFG/O
                         net (fo=3768, routed)        1.514     2.693    bnn_accelerator_design_i/rst_ps7_0_50M/U0/EXT_LPF/ACTIVE_LOW_EXT.ACT_LO_EXT/slowest_sync_clk
    SLICE_X28Y80         FDRE                                         r  bnn_accelerator_design_i/rst_ps7_0_50M/U0/EXT_LPF/ACTIVE_LOW_EXT.ACT_LO_EXT/GENERATE_LEVEL_P_S_CDC.SINGLE_BIT.CROSS_PLEVEL_IN2SCNDRY_IN_cdc_to/C





Min Delay Paths
--------------------------------------------------------------------------------------
Slack:                    inf
  Source:                 bnn_accelerator_design_i/processing_system7_0/inst/PS7_i/FCLKRESETN[0]
                            (internal pin)
  Destination:            bnn_accelerator_design_i/rst_ps7_0_50M/U0/EXT_LPF/ACTIVE_LOW_EXT.ACT_LO_EXT/GENERATE_LEVEL_P_S_CDC.SINGLE_BIT.CROSS_PLEVEL_IN2SCNDRY_IN_cdc_to/D
                            (rising edge-triggered cell FDRE clocked by clk_fpga_0  {rise@0.000ns fall@10.000ns period=20.000ns})
  Path Group:             (none)
  Path Type:              Hold (Min at Fast Process Corner)
  Data Path Delay:        0.554ns  (logic 0.045ns (8.123%)  route 0.509ns (91.877%))
  Logic Levels:           1  (LUT1=1)
  Clock Uncertainty:      0.301ns  ((TSJ^2 + TIJ^2)^1/2 + DJ) / 2 + PE
    Total System Jitter     (TSJ):    0.050ns
    Total Input Jitter      (TIJ):    0.600ns
    Discrete Jitter          (DJ):    0.000ns
    Phase Error              (PE):    0.000ns
  Timing Exception:       False Path

    Location             Delay type                Incr(ns)  Path(ns)    Netlist Resource(s)
  -------------------------------------------------------------------    -------------------
    PS7_X0Y0             PS7                          0.000     0.000 f  bnn_accelerator_design_i/processing_system7_0/inst/PS7_i/FCLKRESETN[0]
                         net (fo=1, routed)           0.509     0.509    bnn_accelerator_design_i/rst_ps7_0_50M/U0/EXT_LPF/ACTIVE_LOW_EXT.ACT_LO_EXT/ext_reset_in
    SLICE_X28Y80         LUT1 (Prop_lut1_I0_O)        0.045     0.554 r  bnn_accelerator_design_i/rst_ps7_0_50M/U0/EXT_LPF/ACTIVE_LOW_EXT.ACT_LO_EXT/GENERATE_LEVEL_P_S_CDC.SINGLE_BIT.CROSS_PLEVEL_IN2SCNDRY_IN_cdc_to_i_1/O
                         net (fo=1, routed)           0.000     0.554    bnn_accelerator_design_i/rst_ps7_0_50M/U0/EXT_LPF/ACTIVE_LOW_EXT.ACT_LO_EXT/exr_d1
    SLICE_X28Y80         FDRE                                         r  bnn_accelerator_design_i/rst_ps7_0_50M/U0/EXT_LPF/ACTIVE_LOW_EXT.ACT_LO_EXT/GENERATE_LEVEL_P_S_CDC.SINGLE_BIT.CROSS_PLEVEL_IN2SCNDRY_IN_cdc_to/D
  -------------------------------------------------------------------    -------------------

                         (clock clk_fpga_0 rise edge)
                                                      0.000     0.000 r  
    PS7_X0Y0             PS7                          0.000     0.000 r  bnn_accelerator_design_i/processing_system7_0/inst/PS7_i/FCLKCLK[0]
                         net (fo=1, routed)           0.337     0.337    bnn_accelerator_design_i/processing_system7_0/inst/FCLK_CLK_unbuffered[0]
    BUFGCTRL_X0Y16       BUFG (Prop_bufg_I_O)         0.029     0.366 r  bnn_accelerator_design_i/processing_system7_0/inst/buffer_fclk_clk_0.FCLK_CLK_0_BUFG/O
                         net (fo=3768, routed)        0.834     1.200    bnn_accelerator_design_i/rst_ps7_0_50M/U0/EXT_LPF/ACTIVE_LOW_EXT.ACT_LO_EXT/slowest_sync_clk
    SLICE_X28Y80         FDRE                                         r  bnn_accelerator_design_i/rst_ps7_0_50M/U0/EXT_LPF/ACTIVE_LOW_EXT.ACT_LO_EXT/GENERATE_LEVEL_P_S_CDC.SINGLE_BIT.CROSS_PLEVEL_IN2SCNDRY_IN_cdc_to/C





--------------------------------------------------------------------------------------
Path Group:  (none)
From Clock:  clk_fpga_0
  To Clock:  clk_fpga_0

Max Delay            36 Endpoints
Min Delay            36 Endpoints
--------------------------------------------------------------------------------------


Max Delay Paths
--------------------------------------------------------------------------------------
Slack:                    inf
  Source:                 bnn_accelerator_design_i/rst_ps7_0_50M/U0/ACTIVE_LOW_PR_OUT_DFF[0].FDRE_PER_N/C
                            (rising edge-triggered cell FDRE clocked by clk_fpga_0  {rise@0.000ns fall@10.000ns period=20.000ns})
  Destination:            <hidden>
                            (recovery check against rising-edge clock clk_fpga_0  {rise@0.000ns fall@10.000ns period=20.000ns})
  Path Group:             (none)
  Path Type:              Recovery (Max at Slow Process Corner)
  Data Path Delay:        5.850ns  (logic 0.602ns (10.291%)  route 5.248ns (89.709%))
  Logic Levels:           1  (LUT1=1)
  Clock Path Skew:        -0.149ns (DCD - SCD + CPR)
    Destination Clock Delay (DCD):    2.830ns
    Source Clock Delay      (SCD):    2.979ns
    Clock Pessimism Removal (CPR):    0.000ns
  Clock Uncertainty:      0.302ns  ((TSJ^2 + TIJ^2)^1/2 + DJ) / 2 + PE
    Total System Jitter     (TSJ):    0.071ns
    Total Input Jitter      (TIJ):    0.600ns
    Discrete Jitter          (DJ):    0.000ns
    Phase Error              (PE):    0.000ns
  Timing Exception:       False Path

    Location             Delay type                Incr(ns)  Path(ns)    Netlist Resource(s)
  -------------------------------------------------------------------    -------------------
                         (clock clk_fpga_0 rise edge)
                                                      0.000     0.000 r  
    PS7_X0Y0             PS7                          0.000     0.000 r  bnn_accelerator_design_i/processing_system7_0/inst/PS7_i/FCLKCLK[0]
                         net (fo=1, routed)           1.193     1.193    bnn_accelerator_design_i/processing_system7_0/inst/FCLK_CLK_unbuffered[0]
    BUFGCTRL_X0Y16       BUFG (Prop_bufg_I_O)         0.101     1.294 r  bnn_accelerator_design_i/processing_system7_0/inst/buffer_fclk_clk_0.FCLK_CLK_0_BUFG/O
                         net (fo=3768, routed)        1.685     2.979    bnn_accelerator_design_i/rst_ps7_0_50M/U0/slowest_sync_clk
    SLICE_X29Y78         FDRE                                         r  bnn_accelerator_design_i/rst_ps7_0_50M/U0/ACTIVE_LOW_PR_OUT_DFF[0].FDRE_PER_N/C
  -------------------------------------------------------------------    -------------------
    SLICE_X29Y78         FDRE (Prop_fdre_C_Q)         0.456     3.435 r  bnn_accelerator_design_i/rst_ps7_0_50M/U0/ACTIVE_LOW_PR_OUT_DFF[0].FDRE_PER_N/Q
                         net (fo=25, routed)          3.804     7.239    bnn_accelerator_design_i/axi_mem_intercon/m00_couplers/auto_pc/inst/gen_axi4_axi3.axi3_conv_inst/USE_WRITE.write_addr_inst/USE_BURSTS.cmd_queue/inst/aresetn
    SLICE_X12Y31         LUT1 (Prop_lut1_I0_O)        0.146     7.385 f  bnn_accelerator_design_i/axi_mem_intercon/m00_couplers/auto_pc/inst/gen_axi4_axi3.axi3_conv_inst/USE_WRITE.write_addr_inst/USE_BURSTS.cmd_queue/inst/S_AXI_AREADY_I_i_1/O
                         net (fo=244, routed)         1.444     8.829    <hidden>
    SLICE_X1Y32          FDPE                                         f  <hidden>
  -------------------------------------------------------------------    -------------------

                         (clock clk_fpga_0 rise edge)
                                                      0.000     0.000 r  
    PS7_X0Y0             PS7                          0.000     0.000 r  bnn_accelerator_design_i/processing_system7_0/inst/PS7_i/FCLKCLK[0]
                         net (fo=1, routed)           1.088     1.088    bnn_accelerator_design_i/processing_system7_0/inst/FCLK_CLK_unbuffered[0]
    BUFGCTRL_X0Y16       BUFG (Prop_bufg_I_O)         0.091     1.179 r  bnn_accelerator_design_i/processing_system7_0/inst/buffer_fclk_clk_0.FCLK_CLK_0_BUFG/O
                         net (fo=3768, routed)        1.651     2.830    <hidden>
    SLICE_X1Y32          FDPE                                         r  <hidden>

Slack:                    inf
  Source:                 bnn_accelerator_design_i/rst_ps7_0_50M/U0/ACTIVE_LOW_PR_OUT_DFF[0].FDRE_PER_N/C
                            (rising edge-triggered cell FDRE clocked by clk_fpga_0  {rise@0.000ns fall@10.000ns period=20.000ns})
  Destination:            <hidden>
                            (recovery check against rising-edge clock clk_fpga_0  {rise@0.000ns fall@10.000ns period=20.000ns})
  Path Group:             (none)
  Path Type:              Recovery (Max at Slow Process Corner)
  Data Path Delay:        5.850ns  (logic 0.602ns (10.291%)  route 5.248ns (89.709%))
  Logic Levels:           1  (LUT1=1)
  Clock Path Skew:        -0.149ns (DCD - SCD + CPR)
    Destination Clock Delay (DCD):    2.830ns
    Source Clock Delay      (SCD):    2.979ns
    Clock Pessimism Removal (CPR):    0.000ns
  Clock Uncertainty:      0.302ns  ((TSJ^2 + TIJ^2)^1/2 + DJ) / 2 + PE
    Total System Jitter     (TSJ):    0.071ns
    Total Input Jitter      (TIJ):    0.600ns
    Discrete Jitter          (DJ):    0.000ns
    Phase Error              (PE):    0.000ns
  Timing Exception:       False Path

    Location             Delay type                Incr(ns)  Path(ns)    Netlist Resource(s)
  -------------------------------------------------------------------    -------------------
                         (clock clk_fpga_0 rise edge)
                                                      0.000     0.000 r  
    PS7_X0Y0             PS7                          0.000     0.000 r  bnn_accelerator_design_i/processing_system7_0/inst/PS7_i/FCLKCLK[0]
                         net (fo=1, routed)           1.193     1.193    bnn_accelerator_design_i/processing_system7_0/inst/FCLK_CLK_unbuffered[0]
    BUFGCTRL_X0Y16       BUFG (Prop_bufg_I_O)         0.101     1.294 r  bnn_accelerator_design_i/processing_system7_0/inst/buffer_fclk_clk_0.FCLK_CLK_0_BUFG/O
                         net (fo=3768, routed)        1.685     2.979    bnn_accelerator_design_i/rst_ps7_0_50M/U0/slowest_sync_clk
    SLICE_X29Y78         FDRE                                         r  bnn_accelerator_design_i/rst_ps7_0_50M/U0/ACTIVE_LOW_PR_OUT_DFF[0].FDRE_PER_N/C
  -------------------------------------------------------------------    -------------------
    SLICE_X29Y78         FDRE (Prop_fdre_C_Q)         0.456     3.435 r  bnn_accelerator_design_i/rst_ps7_0_50M/U0/ACTIVE_LOW_PR_OUT_DFF[0].FDRE_PER_N/Q
                         net (fo=25, routed)          3.804     7.239    bnn_accelerator_design_i/axi_mem_intercon/m00_couplers/auto_pc/inst/gen_axi4_axi3.axi3_conv_inst/USE_WRITE.write_addr_inst/USE_BURSTS.cmd_queue/inst/aresetn
    SLICE_X12Y31         LUT1 (Prop_lut1_I0_O)        0.146     7.385 f  bnn_accelerator_design_i/axi_mem_intercon/m00_couplers/auto_pc/inst/gen_axi4_axi3.axi3_conv_inst/USE_WRITE.write_addr_inst/USE_BURSTS.cmd_queue/inst/S_AXI_AREADY_I_i_1/O
                         net (fo=244, routed)         1.444     8.829    <hidden>
    SLICE_X1Y32          FDPE                                         f  <hidden>
  -------------------------------------------------------------------    -------------------

                         (clock clk_fpga_0 rise edge)
                                                      0.000     0.000 r  
    PS7_X0Y0             PS7                          0.000     0.000 r  bnn_accelerator_design_i/processing_system7_0/inst/PS7_i/FCLKCLK[0]
                         net (fo=1, routed)           1.088     1.088    bnn_accelerator_design_i/processing_system7_0/inst/FCLK_CLK_unbuffered[0]
    BUFGCTRL_X0Y16       BUFG (Prop_bufg_I_O)         0.091     1.179 r  bnn_accelerator_design_i/processing_system7_0/inst/buffer_fclk_clk_0.FCLK_CLK_0_BUFG/O
                         net (fo=3768, routed)        1.651     2.830    <hidden>
    SLICE_X1Y32          FDPE                                         r  <hidden>

Slack:                    inf
  Source:                 bnn_accelerator_design_i/rst_ps7_0_50M/U0/ACTIVE_LOW_PR_OUT_DFF[0].FDRE_PER_N/C
                            (rising edge-triggered cell FDRE clocked by clk_fpga_0  {rise@0.000ns fall@10.000ns period=20.000ns})
  Destination:            <hidden>
                            (recovery check against rising-edge clock clk_fpga_0  {rise@0.000ns fall@10.000ns period=20.000ns})
  Path Group:             (none)
  Path Type:              Recovery (Max at Slow Process Corner)
  Data Path Delay:        5.270ns  (logic 0.602ns (11.423%)  route 4.668ns (88.577%))
  Logic Levels:           1  (LUT1=1)
  Clock Path Skew:        -0.230ns (DCD - SCD + CPR)
    Destination Clock Delay (DCD):    2.750ns
    Source Clock Delay      (SCD):    2.979ns
    Clock Pessimism Removal (CPR):    0.000ns
  Clock Uncertainty:      0.302ns  ((TSJ^2 + TIJ^2)^1/2 + DJ) / 2 + PE
    Total System Jitter     (TSJ):    0.071ns
    Total Input Jitter      (TIJ):    0.600ns
    Discrete Jitter          (DJ):    0.000ns
    Phase Error              (PE):    0.000ns
  Timing Exception:       False Path

    Location             Delay type                Incr(ns)  Path(ns)    Netlist Resource(s)
  -------------------------------------------------------------------    -------------------
                         (clock clk_fpga_0 rise edge)
                                                      0.000     0.000 r  
    PS7_X0Y0             PS7                          0.000     0.000 r  bnn_accelerator_design_i/processing_system7_0/inst/PS7_i/FCLKCLK[0]
                         net (fo=1, routed)           1.193     1.193    bnn_accelerator_design_i/processing_system7_0/inst/FCLK_CLK_unbuffered[0]
    BUFGCTRL_X0Y16       BUFG (Prop_bufg_I_O)         0.101     1.294 r  bnn_accelerator_design_i/processing_system7_0/inst/buffer_fclk_clk_0.FCLK_CLK_0_BUFG/O
                         net (fo=3768, routed)        1.685     2.979    bnn_accelerator_design_i/rst_ps7_0_50M/U0/slowest_sync_clk
    SLICE_X29Y78         FDRE                                         r  bnn_accelerator_design_i/rst_ps7_0_50M/U0/ACTIVE_LOW_PR_OUT_DFF[0].FDRE_PER_N/C
  -------------------------------------------------------------------    -------------------
    SLICE_X29Y78         FDRE (Prop_fdre_C_Q)         0.456     3.435 r  bnn_accelerator_design_i/rst_ps7_0_50M/U0/ACTIVE_LOW_PR_OUT_DFF[0].FDRE_PER_N/Q
                         net (fo=25, routed)          3.804     7.239    bnn_accelerator_design_i/axi_mem_intercon/m00_couplers/auto_pc/inst/gen_axi4_axi3.axi3_conv_inst/USE_WRITE.write_addr_inst/USE_BURSTS.cmd_queue/inst/aresetn
    SLICE_X12Y31         LUT1 (Prop_lut1_I0_O)        0.146     7.385 f  bnn_accelerator_design_i/axi_mem_intercon/m00_couplers/auto_pc/inst/gen_axi4_axi3.axi3_conv_inst/USE_WRITE.write_addr_inst/USE_BURSTS.cmd_queue/inst/S_AXI_AREADY_I_i_1/O
                         net (fo=244, routed)         0.864     8.249    <hidden>
    SLICE_X10Y30         FDPE                                         f  <hidden>
  -------------------------------------------------------------------    -------------------

                         (clock clk_fpga_0 rise edge)
                                                      0.000     0.000 r  
    PS7_X0Y0             PS7                          0.000     0.000 r  bnn_accelerator_design_i/processing_system7_0/inst/PS7_i/FCLKCLK[0]
                         net (fo=1, routed)           1.088     1.088    bnn_accelerator_design_i/processing_system7_0/inst/FCLK_CLK_unbuffered[0]
    BUFGCTRL_X0Y16       BUFG (Prop_bufg_I_O)         0.091     1.179 r  bnn_accelerator_design_i/processing_system7_0/inst/buffer_fclk_clk_0.FCLK_CLK_0_BUFG/O
                         net (fo=3768, routed)        1.570     2.749    <hidden>
    SLICE_X10Y30         FDPE                                         r  <hidden>

Slack:                    inf
  Source:                 bnn_accelerator_design_i/rst_ps7_0_50M/U0/ACTIVE_LOW_PR_OUT_DFF[0].FDRE_PER_N/C
                            (rising edge-triggered cell FDRE clocked by clk_fpga_0  {rise@0.000ns fall@10.000ns period=20.000ns})
  Destination:            <hidden>
                            (recovery check against rising-edge clock clk_fpga_0  {rise@0.000ns fall@10.000ns period=20.000ns})
  Path Group:             (none)
  Path Type:              Recovery (Max at Slow Process Corner)
  Data Path Delay:        5.270ns  (logic 0.602ns (11.423%)  route 4.668ns (88.577%))
  Logic Levels:           1  (LUT1=1)
  Clock Path Skew:        -0.230ns (DCD - SCD + CPR)
    Destination Clock Delay (DCD):    2.750ns
    Source Clock Delay      (SCD):    2.979ns
    Clock Pessimism Removal (CPR):    0.000ns
  Clock Uncertainty:      0.302ns  ((TSJ^2 + TIJ^2)^1/2 + DJ) / 2 + PE
    Total System Jitter     (TSJ):    0.071ns
    Total Input Jitter      (TIJ):    0.600ns
    Discrete Jitter          (DJ):    0.000ns
    Phase Error              (PE):    0.000ns
  Timing Exception:       False Path

    Location             Delay type                Incr(ns)  Path(ns)    Netlist Resource(s)
  -------------------------------------------------------------------    -------------------
                         (clock clk_fpga_0 rise edge)
                                                      0.000     0.000 r  
    PS7_X0Y0             PS7                          0.000     0.000 r  bnn_accelerator_design_i/processing_system7_0/inst/PS7_i/FCLKCLK[0]
                         net (fo=1, routed)           1.193     1.193    bnn_accelerator_design_i/processing_system7_0/inst/FCLK_CLK_unbuffered[0]
    BUFGCTRL_X0Y16       BUFG (Prop_bufg_I_O)         0.101     1.294 r  bnn_accelerator_design_i/processing_system7_0/inst/buffer_fclk_clk_0.FCLK_CLK_0_BUFG/O
                         net (fo=3768, routed)        1.685     2.979    bnn_accelerator_design_i/rst_ps7_0_50M/U0/slowest_sync_clk
    SLICE_X29Y78         FDRE                                         r  bnn_accelerator_design_i/rst_ps7_0_50M/U0/ACTIVE_LOW_PR_OUT_DFF[0].FDRE_PER_N/C
  -------------------------------------------------------------------    -------------------
    SLICE_X29Y78         FDRE (Prop_fdre_C_Q)         0.456     3.435 r  bnn_accelerator_design_i/rst_ps7_0_50M/U0/ACTIVE_LOW_PR_OUT_DFF[0].FDRE_PER_N/Q
                         net (fo=25, routed)          3.804     7.239    bnn_accelerator_design_i/axi_mem_intercon/m00_couplers/auto_pc/inst/gen_axi4_axi3.axi3_conv_inst/USE_WRITE.write_addr_inst/USE_BURSTS.cmd_queue/inst/aresetn
    SLICE_X12Y31         LUT1 (Prop_lut1_I0_O)        0.146     7.385 f  bnn_accelerator_design_i/axi_mem_intercon/m00_couplers/auto_pc/inst/gen_axi4_axi3.axi3_conv_inst/USE_WRITE.write_addr_inst/USE_BURSTS.cmd_queue/inst/S_AXI_AREADY_I_i_1/O
                         net (fo=244, routed)         0.864     8.249    <hidden>
    SLICE_X10Y30         FDPE                                         f  <hidden>
  -------------------------------------------------------------------    -------------------

                         (clock clk_fpga_0 rise edge)
                                                      0.000     0.000 r  
    PS7_X0Y0             PS7                          0.000     0.000 r  bnn_accelerator_design_i/processing_system7_0/inst/PS7_i/FCLKCLK[0]
                         net (fo=1, routed)           1.088     1.088    bnn_accelerator_design_i/processing_system7_0/inst/FCLK_CLK_unbuffered[0]
    BUFGCTRL_X0Y16       BUFG (Prop_bufg_I_O)         0.091     1.179 r  bnn_accelerator_design_i/processing_system7_0/inst/buffer_fclk_clk_0.FCLK_CLK_0_BUFG/O
                         net (fo=3768, routed)        1.570     2.749    <hidden>
    SLICE_X10Y30         FDPE                                         r  <hidden>

Slack:                    inf
  Source:                 bnn_accelerator_design_i/rst_ps7_0_50M/U0/ACTIVE_LOW_PR_OUT_DFF[0].FDRE_PER_N/C
                            (rising edge-triggered cell FDRE clocked by clk_fpga_0  {rise@0.000ns fall@10.000ns period=20.000ns})
  Destination:            <hidden>
                            (recovery check against rising-edge clock clk_fpga_0  {rise@0.000ns fall@10.000ns period=20.000ns})
  Path Group:             (none)
  Path Type:              Recovery (Max at Slow Process Corner)
  Data Path Delay:        5.270ns  (logic 0.602ns (11.423%)  route 4.668ns (88.577%))
  Logic Levels:           1  (LUT1=1)
  Clock Path Skew:        -0.230ns (DCD - SCD + CPR)
    Destination Clock Delay (DCD):    2.750ns
    Source Clock Delay      (SCD):    2.979ns
    Clock Pessimism Removal (CPR):    0.000ns
  Clock Uncertainty:      0.302ns  ((TSJ^2 + TIJ^2)^1/2 + DJ) / 2 + PE
    Total System Jitter     (TSJ):    0.071ns
    Total Input Jitter      (TIJ):    0.600ns
    Discrete Jitter          (DJ):    0.000ns
    Phase Error              (PE):    0.000ns
  Timing Exception:       False Path

    Location             Delay type                Incr(ns)  Path(ns)    Netlist Resource(s)
  -------------------------------------------------------------------    -------------------
                         (clock clk_fpga_0 rise edge)
                                                      0.000     0.000 r  
    PS7_X0Y0             PS7                          0.000     0.000 r  bnn_accelerator_design_i/processing_system7_0/inst/PS7_i/FCLKCLK[0]
                         net (fo=1, routed)           1.193     1.193    bnn_accelerator_design_i/processing_system7_0/inst/FCLK_CLK_unbuffered[0]
    BUFGCTRL_X0Y16       BUFG (Prop_bufg_I_O)         0.101     1.294 r  bnn_accelerator_design_i/processing_system7_0/inst/buffer_fclk_clk_0.FCLK_CLK_0_BUFG/O
                         net (fo=3768, routed)        1.685     2.979    bnn_accelerator_design_i/rst_ps7_0_50M/U0/slowest_sync_clk
    SLICE_X29Y78         FDRE                                         r  bnn_accelerator_design_i/rst_ps7_0_50M/U0/ACTIVE_LOW_PR_OUT_DFF[0].FDRE_PER_N/C
  -------------------------------------------------------------------    -------------------
    SLICE_X29Y78         FDRE (Prop_fdre_C_Q)         0.456     3.435 r  bnn_accelerator_design_i/rst_ps7_0_50M/U0/ACTIVE_LOW_PR_OUT_DFF[0].FDRE_PER_N/Q
                         net (fo=25, routed)          3.804     7.239    bnn_accelerator_design_i/axi_mem_intercon/m00_couplers/auto_pc/inst/gen_axi4_axi3.axi3_conv_inst/USE_WRITE.write_addr_inst/USE_BURSTS.cmd_queue/inst/aresetn
    SLICE_X12Y31         LUT1 (Prop_lut1_I0_O)        0.146     7.385 f  bnn_accelerator_design_i/axi_mem_intercon/m00_couplers/auto_pc/inst/gen_axi4_axi3.axi3_conv_inst/USE_WRITE.write_addr_inst/USE_BURSTS.cmd_queue/inst/S_AXI_AREADY_I_i_1/O
                         net (fo=244, routed)         0.864     8.249    <hidden>
    SLICE_X10Y30         FDPE                                         f  <hidden>
  -------------------------------------------------------------------    -------------------

                         (clock clk_fpga_0 rise edge)
                                                      0.000     0.000 r  
    PS7_X0Y0             PS7                          0.000     0.000 r  bnn_accelerator_design_i/processing_system7_0/inst/PS7_i/FCLKCLK[0]
                         net (fo=1, routed)           1.088     1.088    bnn_accelerator_design_i/processing_system7_0/inst/FCLK_CLK_unbuffered[0]
    BUFGCTRL_X0Y16       BUFG (Prop_bufg_I_O)         0.091     1.179 r  bnn_accelerator_design_i/processing_system7_0/inst/buffer_fclk_clk_0.FCLK_CLK_0_BUFG/O
                         net (fo=3768, routed)        1.570     2.749    <hidden>
    SLICE_X10Y30         FDPE                                         r  <hidden>

Slack:                    inf
  Source:                 bnn_accelerator_design_i/rst_ps7_0_50M/U0/ACTIVE_LOW_PR_OUT_DFF[0].FDRE_PER_N/C
                            (rising edge-triggered cell FDRE clocked by clk_fpga_0  {rise@0.000ns fall@10.000ns period=20.000ns})
  Destination:            <hidden>
                            (recovery check against rising-edge clock clk_fpga_0  {rise@0.000ns fall@10.000ns period=20.000ns})
  Path Group:             (none)
  Path Type:              Recovery (Max at Slow Process Corner)
  Data Path Delay:        5.270ns  (logic 0.602ns (11.423%)  route 4.668ns (88.577%))
  Logic Levels:           1  (LUT1=1)
  Clock Path Skew:        -0.230ns (DCD - SCD + CPR)
    Destination Clock Delay (DCD):    2.750ns
    Source Clock Delay      (SCD):    2.979ns
    Clock Pessimism Removal (CPR):    0.000ns
  Clock Uncertainty:      0.302ns  ((TSJ^2 + TIJ^2)^1/2 + DJ) / 2 + PE
    Total System Jitter     (TSJ):    0.071ns
    Total Input Jitter      (TIJ):    0.600ns
    Discrete Jitter          (DJ):    0.000ns
    Phase Error              (PE):    0.000ns
  Timing Exception:       False Path

    Location             Delay type                Incr(ns)  Path(ns)    Netlist Resource(s)
  -------------------------------------------------------------------    -------------------
                         (clock clk_fpga_0 rise edge)
                                                      0.000     0.000 r  
    PS7_X0Y0             PS7                          0.000     0.000 r  bnn_accelerator_design_i/processing_system7_0/inst/PS7_i/FCLKCLK[0]
                         net (fo=1, routed)           1.193     1.193    bnn_accelerator_design_i/processing_system7_0/inst/FCLK_CLK_unbuffered[0]
    BUFGCTRL_X0Y16       BUFG (Prop_bufg_I_O)         0.101     1.294 r  bnn_accelerator_design_i/processing_system7_0/inst/buffer_fclk_clk_0.FCLK_CLK_0_BUFG/O
                         net (fo=3768, routed)        1.685     2.979    bnn_accelerator_design_i/rst_ps7_0_50M/U0/slowest_sync_clk
    SLICE_X29Y78         FDRE                                         r  bnn_accelerator_design_i/rst_ps7_0_50M/U0/ACTIVE_LOW_PR_OUT_DFF[0].FDRE_PER_N/C
  -------------------------------------------------------------------    -------------------
    SLICE_X29Y78         FDRE (Prop_fdre_C_Q)         0.456     3.435 r  bnn_accelerator_design_i/rst_ps7_0_50M/U0/ACTIVE_LOW_PR_OUT_DFF[0].FDRE_PER_N/Q
                         net (fo=25, routed)          3.804     7.239    bnn_accelerator_design_i/axi_mem_intercon/m00_couplers/auto_pc/inst/gen_axi4_axi3.axi3_conv_inst/USE_WRITE.write_addr_inst/USE_BURSTS.cmd_queue/inst/aresetn
    SLICE_X12Y31         LUT1 (Prop_lut1_I0_O)        0.146     7.385 f  bnn_accelerator_design_i/axi_mem_intercon/m00_couplers/auto_pc/inst/gen_axi4_axi3.axi3_conv_inst/USE_WRITE.write_addr_inst/USE_BURSTS.cmd_queue/inst/S_AXI_AREADY_I_i_1/O
                         net (fo=244, routed)         0.864     8.249    <hidden>
    SLICE_X10Y30         FDPE                                         f  <hidden>
  -------------------------------------------------------------------    -------------------

                         (clock clk_fpga_0 rise edge)
                                                      0.000     0.000 r  
    PS7_X0Y0             PS7                          0.000     0.000 r  bnn_accelerator_design_i/processing_system7_0/inst/PS7_i/FCLKCLK[0]
                         net (fo=1, routed)           1.088     1.088    bnn_accelerator_design_i/processing_system7_0/inst/FCLK_CLK_unbuffered[0]
    BUFGCTRL_X0Y16       BUFG (Prop_bufg_I_O)         0.091     1.179 r  bnn_accelerator_design_i/processing_system7_0/inst/buffer_fclk_clk_0.FCLK_CLK_0_BUFG/O
                         net (fo=3768, routed)        1.570     2.749    <hidden>
    SLICE_X10Y30         FDPE                                         r  <hidden>

Slack:                    inf
  Source:                 bnn_accelerator_design_i/axi_smc/inst/clk_map/psr_aclk/U0/ACTIVE_LOW_BSR_OUT_DFF[0].FDRE_BSR_N/C
                            (rising edge-triggered cell FDRE clocked by clk_fpga_0  {rise@0.000ns fall@10.000ns period=20.000ns})
  Destination:            <hidden>
                            (recovery check against rising-edge clock clk_fpga_0  {rise@0.000ns fall@10.000ns period=20.000ns})
  Path Group:             (none)
  Path Type:              Recovery (Max at Slow Process Corner)
  Data Path Delay:        3.042ns  (logic 0.671ns (22.054%)  route 2.371ns (77.946%))
  Logic Levels:           1  (LUT1=1)
  Clock Path Skew:        -0.275ns (DCD - SCD + CPR)
    Destination Clock Delay (DCD):    2.660ns
    Source Clock Delay      (SCD):    2.935ns
    Clock Pessimism Removal (CPR):    0.000ns
  Clock Uncertainty:      0.302ns  ((TSJ^2 + TIJ^2)^1/2 + DJ) / 2 + PE
    Total System Jitter     (TSJ):    0.071ns
    Total Input Jitter      (TIJ):    0.600ns
    Discrete Jitter          (DJ):    0.000ns
    Phase Error              (PE):    0.000ns
  Timing Exception:       False Path

    Location             Delay type                Incr(ns)  Path(ns)    Netlist Resource(s)
  -------------------------------------------------------------------    -------------------
                         (clock clk_fpga_0 rise edge)
                                                      0.000     0.000 r  
    PS7_X0Y0             PS7                          0.000     0.000 r  bnn_accelerator_design_i/processing_system7_0/inst/PS7_i/FCLKCLK[0]
                         net (fo=1, routed)           1.193     1.193    bnn_accelerator_design_i/processing_system7_0/inst/FCLK_CLK_unbuffered[0]
    BUFGCTRL_X0Y16       BUFG (Prop_bufg_I_O)         0.101     1.294 r  bnn_accelerator_design_i/processing_system7_0/inst/buffer_fclk_clk_0.FCLK_CLK_0_BUFG/O
                         net (fo=3768, routed)        1.641     2.935    bnn_accelerator_design_i/axi_smc/inst/clk_map/psr_aclk/U0/aclk
    SLICE_X34Y81         FDRE                                         r  bnn_accelerator_design_i/axi_smc/inst/clk_map/psr_aclk/U0/ACTIVE_LOW_BSR_OUT_DFF[0].FDRE_BSR_N/C
  -------------------------------------------------------------------    -------------------
    SLICE_X34Y81         FDRE (Prop_fdre_C_Q)         0.518     3.453 r  bnn_accelerator_design_i/axi_smc/inst/clk_map/psr_aclk/U0/ACTIVE_LOW_BSR_OUT_DFF[0].FDRE_BSR_N/Q
                         net (fo=9, routed)           1.761     5.214    <hidden>
    SLICE_X34Y96         LUT1 (Prop_lut1_I0_O)        0.153     5.367 f  <hidden>
                         net (fo=3, routed)           0.611     5.977    <hidden>
    SLICE_X34Y97         FDCE                                         f  <hidden>
  -------------------------------------------------------------------    -------------------

                         (clock clk_fpga_0 rise edge)
                                                      0.000     0.000 r  
    PS7_X0Y0             PS7                          0.000     0.000 r  bnn_accelerator_design_i/processing_system7_0/inst/PS7_i/FCLKCLK[0]
                         net (fo=1, routed)           1.088     1.088    bnn_accelerator_design_i/processing_system7_0/inst/FCLK_CLK_unbuffered[0]
    BUFGCTRL_X0Y16       BUFG (Prop_bufg_I_O)         0.091     1.179 r  bnn_accelerator_design_i/processing_system7_0/inst/buffer_fclk_clk_0.FCLK_CLK_0_BUFG/O
                         net (fo=3768, routed)        1.481     2.660    <hidden>
    SLICE_X34Y97         FDCE                                         r  <hidden>

Slack:                    inf
  Source:                 bnn_accelerator_design_i/axi_smc/inst/clk_map/psr_aclk/U0/ACTIVE_LOW_BSR_OUT_DFF[0].FDRE_BSR_N/C
                            (rising edge-triggered cell FDRE clocked by clk_fpga_0  {rise@0.000ns fall@10.000ns period=20.000ns})
  Destination:            <hidden>
                            (recovery check against rising-edge clock clk_fpga_0  {rise@0.000ns fall@10.000ns period=20.000ns})
  Path Group:             (none)
  Path Type:              Recovery (Max at Slow Process Corner)
  Data Path Delay:        3.042ns  (logic 0.671ns (22.054%)  route 2.371ns (77.946%))
  Logic Levels:           1  (LUT1=1)
  Clock Path Skew:        -0.275ns (DCD - SCD + CPR)
    Destination Clock Delay (DCD):    2.660ns
    Source Clock Delay      (SCD):    2.935ns
    Clock Pessimism Removal (CPR):    0.000ns
  Clock Uncertainty:      0.302ns  ((TSJ^2 + TIJ^2)^1/2 + DJ) / 2 + PE
    Total System Jitter     (TSJ):    0.071ns
    Total Input Jitter      (TIJ):    0.600ns
    Discrete Jitter          (DJ):    0.000ns
    Phase Error              (PE):    0.000ns
  Timing Exception:       False Path

    Location             Delay type                Incr(ns)  Path(ns)    Netlist Resource(s)
  -------------------------------------------------------------------    -------------------
                         (clock clk_fpga_0 rise edge)
                                                      0.000     0.000 r  
    PS7_X0Y0             PS7                          0.000     0.000 r  bnn_accelerator_design_i/processing_system7_0/inst/PS7_i/FCLKCLK[0]
                         net (fo=1, routed)           1.193     1.193    bnn_accelerator_design_i/processing_system7_0/inst/FCLK_CLK_unbuffered[0]
    BUFGCTRL_X0Y16       BUFG (Prop_bufg_I_O)         0.101     1.294 r  bnn_accelerator_design_i/processing_system7_0/inst/buffer_fclk_clk_0.FCLK_CLK_0_BUFG/O
                         net (fo=3768, routed)        1.641     2.935    bnn_accelerator_design_i/axi_smc/inst/clk_map/psr_aclk/U0/aclk
    SLICE_X34Y81         FDRE                                         r  bnn_accelerator_design_i/axi_smc/inst/clk_map/psr_aclk/U0/ACTIVE_LOW_BSR_OUT_DFF[0].FDRE_BSR_N/C
  -------------------------------------------------------------------    -------------------
    SLICE_X34Y81         FDRE (Prop_fdre_C_Q)         0.518     3.453 r  bnn_accelerator_design_i/axi_smc/inst/clk_map/psr_aclk/U0/ACTIVE_LOW_BSR_OUT_DFF[0].FDRE_BSR_N/Q
                         net (fo=9, routed)           1.761     5.214    <hidden>
    SLICE_X34Y96         LUT1 (Prop_lut1_I0_O)        0.153     5.367 f  <hidden>
                         net (fo=3, routed)           0.611     5.977    <hidden>
    SLICE_X34Y97         FDCE                                         f  <hidden>
  -------------------------------------------------------------------    -------------------

                         (clock clk_fpga_0 rise edge)
                                                      0.000     0.000 r  
    PS7_X0Y0             PS7                          0.000     0.000 r  bnn_accelerator_design_i/processing_system7_0/inst/PS7_i/FCLKCLK[0]
                         net (fo=1, routed)           1.088     1.088    bnn_accelerator_design_i/processing_system7_0/inst/FCLK_CLK_unbuffered[0]
    BUFGCTRL_X0Y16       BUFG (Prop_bufg_I_O)         0.091     1.179 r  bnn_accelerator_design_i/processing_system7_0/inst/buffer_fclk_clk_0.FCLK_CLK_0_BUFG/O
                         net (fo=3768, routed)        1.481     2.660    <hidden>
    SLICE_X34Y97         FDCE                                         r  <hidden>

Slack:                    inf
  Source:                 bnn_accelerator_design_i/axi_smc/inst/clk_map/psr_aclk/U0/ACTIVE_LOW_BSR_OUT_DFF[0].FDRE_BSR_N/C
                            (rising edge-triggered cell FDRE clocked by clk_fpga_0  {rise@0.000ns fall@10.000ns period=20.000ns})
  Destination:            <hidden>
                            (recovery check against rising-edge clock clk_fpga_0  {rise@0.000ns fall@10.000ns period=20.000ns})
  Path Group:             (none)
  Path Type:              Recovery (Max at Slow Process Corner)
  Data Path Delay:        3.042ns  (logic 0.671ns (22.054%)  route 2.371ns (77.946%))
  Logic Levels:           1  (LUT1=1)
  Clock Path Skew:        -0.275ns (DCD - SCD + CPR)
    Destination Clock Delay (DCD):    2.660ns
    Source Clock Delay      (SCD):    2.935ns
    Clock Pessimism Removal (CPR):    0.000ns
  Clock Uncertainty:      0.302ns  ((TSJ^2 + TIJ^2)^1/2 + DJ) / 2 + PE
    Total System Jitter     (TSJ):    0.071ns
    Total Input Jitter      (TIJ):    0.600ns
    Discrete Jitter          (DJ):    0.000ns
    Phase Error              (PE):    0.000ns
  Timing Exception:       False Path

    Location             Delay type                Incr(ns)  Path(ns)    Netlist Resource(s)
  -------------------------------------------------------------------    -------------------
                         (clock clk_fpga_0 rise edge)
                                                      0.000     0.000 r  
    PS7_X0Y0             PS7                          0.000     0.000 r  bnn_accelerator_design_i/processing_system7_0/inst/PS7_i/FCLKCLK[0]
                         net (fo=1, routed)           1.193     1.193    bnn_accelerator_design_i/processing_system7_0/inst/FCLK_CLK_unbuffered[0]
    BUFGCTRL_X0Y16       BUFG (Prop_bufg_I_O)         0.101     1.294 r  bnn_accelerator_design_i/processing_system7_0/inst/buffer_fclk_clk_0.FCLK_CLK_0_BUFG/O
                         net (fo=3768, routed)        1.641     2.935    bnn_accelerator_design_i/axi_smc/inst/clk_map/psr_aclk/U0/aclk
    SLICE_X34Y81         FDRE                                         r  bnn_accelerator_design_i/axi_smc/inst/clk_map/psr_aclk/U0/ACTIVE_LOW_BSR_OUT_DFF[0].FDRE_BSR_N/C
  -------------------------------------------------------------------    -------------------
    SLICE_X34Y81         FDRE (Prop_fdre_C_Q)         0.518     3.453 r  bnn_accelerator_design_i/axi_smc/inst/clk_map/psr_aclk/U0/ACTIVE_LOW_BSR_OUT_DFF[0].FDRE_BSR_N/Q
                         net (fo=9, routed)           1.761     5.214    <hidden>
    SLICE_X34Y96         LUT1 (Prop_lut1_I0_O)        0.153     5.367 f  <hidden>
                         net (fo=3, routed)           0.611     5.977    <hidden>
    SLICE_X34Y97         FDCE                                         f  <hidden>
  -------------------------------------------------------------------    -------------------

                         (clock clk_fpga_0 rise edge)
                                                      0.000     0.000 r  
    PS7_X0Y0             PS7                          0.000     0.000 r  bnn_accelerator_design_i/processing_system7_0/inst/PS7_i/FCLKCLK[0]
                         net (fo=1, routed)           1.088     1.088    bnn_accelerator_design_i/processing_system7_0/inst/FCLK_CLK_unbuffered[0]
    BUFGCTRL_X0Y16       BUFG (Prop_bufg_I_O)         0.091     1.179 r  bnn_accelerator_design_i/processing_system7_0/inst/buffer_fclk_clk_0.FCLK_CLK_0_BUFG/O
                         net (fo=3768, routed)        1.481     2.660    <hidden>
    SLICE_X34Y97         FDCE                                         r  <hidden>

Slack:                    inf
  Source:                 bnn_accelerator_design_i/axi_smc/inst/clk_map/psr_aclk/U0/ACTIVE_LOW_BSR_OUT_DFF[0].FDRE_BSR_N/C
                            (rising edge-triggered cell FDRE clocked by clk_fpga_0  {rise@0.000ns fall@10.000ns period=20.000ns})
  Destination:            <hidden>
                            (recovery check against rising-edge clock clk_fpga_0  {rise@0.000ns fall@10.000ns period=20.000ns})
  Path Group:             (none)
  Path Type:              Recovery (Max at Slow Process Corner)
  Data Path Delay:        3.024ns  (logic 0.642ns (21.230%)  route 2.382ns (78.770%))
  Logic Levels:           1  (LUT1=1)
  Clock Path Skew:        -0.276ns (DCD - SCD + CPR)
    Destination Clock Delay (DCD):    2.659ns
    Source Clock Delay      (SCD):    2.935ns
    Clock Pessimism Removal (CPR):    0.000ns
  Clock Uncertainty:      0.302ns  ((TSJ^2 + TIJ^2)^1/2 + DJ) / 2 + PE
    Total System Jitter     (TSJ):    0.071ns
    Total Input Jitter      (TIJ):    0.600ns
    Discrete Jitter          (DJ):    0.000ns
    Phase Error              (PE):    0.000ns
  Timing Exception:       False Path

    Location             Delay type                Incr(ns)  Path(ns)    Netlist Resource(s)
  -------------------------------------------------------------------    -------------------
                         (clock clk_fpga_0 rise edge)
                                                      0.000     0.000 r  
    PS7_X0Y0             PS7                          0.000     0.000 r  bnn_accelerator_design_i/processing_system7_0/inst/PS7_i/FCLKCLK[0]
                         net (fo=1, routed)           1.193     1.193    bnn_accelerator_design_i/processing_system7_0/inst/FCLK_CLK_unbuffered[0]
    BUFGCTRL_X0Y16       BUFG (Prop_bufg_I_O)         0.101     1.294 r  bnn_accelerator_design_i/processing_system7_0/inst/buffer_fclk_clk_0.FCLK_CLK_0_BUFG/O
                         net (fo=3768, routed)        1.641     2.935    bnn_accelerator_design_i/axi_smc/inst/clk_map/psr_aclk/U0/aclk
    SLICE_X34Y81         FDRE                                         r  bnn_accelerator_design_i/axi_smc/inst/clk_map/psr_aclk/U0/ACTIVE_LOW_BSR_OUT_DFF[0].FDRE_BSR_N/C
  -------------------------------------------------------------------    -------------------
    SLICE_X34Y81         FDRE (Prop_fdre_C_Q)         0.518     3.453 r  bnn_accelerator_design_i/axi_smc/inst/clk_map/psr_aclk/U0/ACTIVE_LOW_BSR_OUT_DFF[0].FDRE_BSR_N/Q
                         net (fo=9, routed)           1.761     5.214    <hidden>
    SLICE_X34Y96         LUT1 (Prop_lut1_I0_O)        0.124     5.338 f  <hidden>
                         net (fo=3, routed)           0.621     5.959    <hidden>
    SLICE_X34Y96         FDCE                                         f  <hidden>
  -------------------------------------------------------------------    -------------------

                         (clock clk_fpga_0 rise edge)
                                                      0.000     0.000 r  
    PS7_X0Y0             PS7                          0.000     0.000 r  bnn_accelerator_design_i/processing_system7_0/inst/PS7_i/FCLKCLK[0]
                         net (fo=1, routed)           1.088     1.088    bnn_accelerator_design_i/processing_system7_0/inst/FCLK_CLK_unbuffered[0]
    BUFGCTRL_X0Y16       BUFG (Prop_bufg_I_O)         0.091     1.179 r  bnn_accelerator_design_i/processing_system7_0/inst/buffer_fclk_clk_0.FCLK_CLK_0_BUFG/O
                         net (fo=3768, routed)        1.480     2.659    <hidden>
    SLICE_X34Y96         FDCE                                         r  <hidden>





Min Delay Paths
--------------------------------------------------------------------------------------
Slack:                    inf
  Source:                 bnn_accelerator_design_i/rst_ps7_0_50M/U0/ACTIVE_LOW_PR_OUT_DFF[0].FDRE_PER_N/C
                            (rising edge-triggered cell FDRE clocked by clk_fpga_0  {rise@0.000ns fall@10.000ns period=20.000ns})
  Destination:            bnn_accelerator_design_i/axi_dma_0/U0/I_RST_MODULE/REG_HRD_RST_OUT/GENERATE_LEVEL_P_S_CDC.SINGLE_BIT.CROSS_PLEVEL_IN2SCNDRY_IN_cdc_to/D
                            (rising edge-triggered cell FDRE clocked by clk_fpga_0  {rise@0.000ns fall@10.000ns period=20.000ns})
  Path Group:             (none)
  Path Type:              Hold (Min at Fast Process Corner)
  Data Path Delay:        0.525ns  (logic 0.141ns (26.864%)  route 0.384ns (73.136%))
  Logic Levels:           0  
  Clock Path Skew:        0.281ns (DCD - SCD - CPR)
    Destination Clock Delay (DCD):    1.183ns
    Source Clock Delay      (SCD):    0.902ns
    Clock Pessimism Removal (CPR):    -0.000ns
  Clock Uncertainty:      0.302ns  ((TSJ^2 + TIJ^2)^1/2 + DJ) / 2 + PE
    Total System Jitter     (TSJ):    0.071ns
    Total Input Jitter      (TIJ):    0.600ns
    Discrete Jitter          (DJ):    0.000ns
    Phase Error              (PE):    0.000ns
  Timing Exception:       False Path

    Location             Delay type                Incr(ns)  Path(ns)    Netlist Resource(s)
  -------------------------------------------------------------------    -------------------
                         (clock clk_fpga_0 rise edge)
                                                      0.000     0.000 r  
    PS7_X0Y0             PS7                          0.000     0.000 r  bnn_accelerator_design_i/processing_system7_0/inst/PS7_i/FCLKCLK[0]
                         net (fo=1, routed)           0.310     0.310    bnn_accelerator_design_i/processing_system7_0/inst/FCLK_CLK_unbuffered[0]
    BUFGCTRL_X0Y16       BUFG (Prop_bufg_I_O)         0.026     0.336 r  bnn_accelerator_design_i/processing_system7_0/inst/buffer_fclk_clk_0.FCLK_CLK_0_BUFG/O
                         net (fo=3768, routed)        0.566     0.902    bnn_accelerator_design_i/rst_ps7_0_50M/U0/slowest_sync_clk
    SLICE_X29Y78         FDRE                                         r  bnn_accelerator_design_i/rst_ps7_0_50M/U0/ACTIVE_LOW_PR_OUT_DFF[0].FDRE_PER_N/C
  -------------------------------------------------------------------    -------------------
    SLICE_X29Y78         FDRE (Prop_fdre_C_Q)         0.141     1.043 r  bnn_accelerator_design_i/rst_ps7_0_50M/U0/ACTIVE_LOW_PR_OUT_DFF[0].FDRE_PER_N/Q
                         net (fo=25, routed)          0.384     1.426    bnn_accelerator_design_i/axi_dma_0/U0/I_RST_MODULE/REG_HRD_RST_OUT/axi_resetn
    SLICE_X34Y82         FDRE                                         r  bnn_accelerator_design_i/axi_dma_0/U0/I_RST_MODULE/REG_HRD_RST_OUT/GENERATE_LEVEL_P_S_CDC.SINGLE_BIT.CROSS_PLEVEL_IN2SCNDRY_IN_cdc_to/D
  -------------------------------------------------------------------    -------------------

                         (clock clk_fpga_0 rise edge)
                                                      0.000     0.000 r  
    PS7_X0Y0             PS7                          0.000     0.000 r  bnn_accelerator_design_i/processing_system7_0/inst/PS7_i/FCLKCLK[0]
                         net (fo=1, routed)           0.337     0.337    bnn_accelerator_design_i/processing_system7_0/inst/FCLK_CLK_unbuffered[0]
    BUFGCTRL_X0Y16       BUFG (Prop_bufg_I_O)         0.029     0.366 r  bnn_accelerator_design_i/processing_system7_0/inst/buffer_fclk_clk_0.FCLK_CLK_0_BUFG/O
                         net (fo=3768, routed)        0.817     1.183    bnn_accelerator_design_i/axi_dma_0/U0/I_RST_MODULE/REG_HRD_RST_OUT/s_axi_lite_aclk
    SLICE_X34Y82         FDRE                                         r  bnn_accelerator_design_i/axi_dma_0/U0/I_RST_MODULE/REG_HRD_RST_OUT/GENERATE_LEVEL_P_S_CDC.SINGLE_BIT.CROSS_PLEVEL_IN2SCNDRY_IN_cdc_to/C

Slack:                    inf
  Source:                 bnn_accelerator_design_i/rst_ps7_0_50M/U0/ACTIVE_LOW_PR_OUT_DFF[0].FDRE_PER_N/C
                            (rising edge-triggered cell FDRE clocked by clk_fpga_0  {rise@0.000ns fall@10.000ns period=20.000ns})
  Destination:            bnn_accelerator_design_i/axi_smc/inst/clk_map/psr_aclk/U0/EXT_LPF/ACTIVE_LOW_AUX.ACT_LO_AUX/GENERATE_LEVEL_P_S_CDC.SINGLE_BIT.CROSS_PLEVEL_IN2SCNDRY_IN_cdc_to/D
                            (rising edge-triggered cell FDRE clocked by clk_fpga_0  {rise@0.000ns fall@10.000ns period=20.000ns})
  Path Group:             (none)
  Path Type:              Hold (Min at Fast Process Corner)
  Data Path Delay:        0.669ns  (logic 0.186ns (27.794%)  route 0.483ns (72.206%))
  Logic Levels:           1  (LUT1=1)
  Clock Path Skew:        0.300ns (DCD - SCD - CPR)
    Destination Clock Delay (DCD):    1.202ns
    Source Clock Delay      (SCD):    0.902ns
    Clock Pessimism Removal (CPR):    -0.000ns
  Clock Uncertainty:      0.302ns  ((TSJ^2 + TIJ^2)^1/2 + DJ) / 2 + PE
    Total System Jitter     (TSJ):    0.071ns
    Total Input Jitter      (TIJ):    0.600ns
    Discrete Jitter          (DJ):    0.000ns
    Phase Error              (PE):    0.000ns
  Timing Exception:       False Path

    Location             Delay type                Incr(ns)  Path(ns)    Netlist Resource(s)
  -------------------------------------------------------------------    -------------------
                         (clock clk_fpga_0 rise edge)
                                                      0.000     0.000 r  
    PS7_X0Y0             PS7                          0.000     0.000 r  bnn_accelerator_design_i/processing_system7_0/inst/PS7_i/FCLKCLK[0]
                         net (fo=1, routed)           0.310     0.310    bnn_accelerator_design_i/processing_system7_0/inst/FCLK_CLK_unbuffered[0]
    BUFGCTRL_X0Y16       BUFG (Prop_bufg_I_O)         0.026     0.336 r  bnn_accelerator_design_i/processing_system7_0/inst/buffer_fclk_clk_0.FCLK_CLK_0_BUFG/O
                         net (fo=3768, routed)        0.566     0.902    bnn_accelerator_design_i/rst_ps7_0_50M/U0/slowest_sync_clk
    SLICE_X29Y78         FDRE                                         r  bnn_accelerator_design_i/rst_ps7_0_50M/U0/ACTIVE_LOW_PR_OUT_DFF[0].FDRE_PER_N/C
  -------------------------------------------------------------------    -------------------
    SLICE_X29Y78         FDRE (Prop_fdre_C_Q)         0.141     1.043 f  bnn_accelerator_design_i/rst_ps7_0_50M/U0/ACTIVE_LOW_PR_OUT_DFF[0].FDRE_PER_N/Q
                         net (fo=25, routed)          0.483     1.526    bnn_accelerator_design_i/axi_smc/inst/clk_map/psr_aclk/U0/EXT_LPF/ACTIVE_LOW_AUX.ACT_LO_AUX/aresetn
    SLICE_X31Y82         LUT1 (Prop_lut1_I0_O)        0.045     1.571 r  bnn_accelerator_design_i/axi_smc/inst/clk_map/psr_aclk/U0/EXT_LPF/ACTIVE_LOW_AUX.ACT_LO_AUX/GENERATE_LEVEL_P_S_CDC.SINGLE_BIT.CROSS_PLEVEL_IN2SCNDRY_IN_cdc_to_i_1/O
                         net (fo=1, routed)           0.000     1.571    bnn_accelerator_design_i/axi_smc/inst/clk_map/psr_aclk/U0/EXT_LPF/ACTIVE_LOW_AUX.ACT_LO_AUX/asr_d1
    SLICE_X31Y82         FDRE                                         r  bnn_accelerator_design_i/axi_smc/inst/clk_map/psr_aclk/U0/EXT_LPF/ACTIVE_LOW_AUX.ACT_LO_AUX/GENERATE_LEVEL_P_S_CDC.SINGLE_BIT.CROSS_PLEVEL_IN2SCNDRY_IN_cdc_to/D
  -------------------------------------------------------------------    -------------------

                         (clock clk_fpga_0 rise edge)
                                                      0.000     0.000 r  
    PS7_X0Y0             PS7                          0.000     0.000 r  bnn_accelerator_design_i/processing_system7_0/inst/PS7_i/FCLKCLK[0]
                         net (fo=1, routed)           0.337     0.337    bnn_accelerator_design_i/processing_system7_0/inst/FCLK_CLK_unbuffered[0]
    BUFGCTRL_X0Y16       BUFG (Prop_bufg_I_O)         0.029     0.366 r  bnn_accelerator_design_i/processing_system7_0/inst/buffer_fclk_clk_0.FCLK_CLK_0_BUFG/O
                         net (fo=3768, routed)        0.836     1.202    bnn_accelerator_design_i/axi_smc/inst/clk_map/psr_aclk/U0/EXT_LPF/ACTIVE_LOW_AUX.ACT_LO_AUX/aclk
    SLICE_X31Y82         FDRE                                         r  bnn_accelerator_design_i/axi_smc/inst/clk_map/psr_aclk/U0/EXT_LPF/ACTIVE_LOW_AUX.ACT_LO_AUX/GENERATE_LEVEL_P_S_CDC.SINGLE_BIT.CROSS_PLEVEL_IN2SCNDRY_IN_cdc_to/C

Slack:                    inf
  Source:                 bnn_accelerator_design_i/axi_smc/inst/clk_map/psr_aclk/U0/ACTIVE_LOW_BSR_OUT_DFF[0].FDRE_BSR_N/C
                            (rising edge-triggered cell FDRE clocked by clk_fpga_0  {rise@0.000ns fall@10.000ns period=20.000ns})
  Destination:            <hidden>
                            (removal check against rising-edge clock clk_fpga_0  {rise@0.000ns fall@10.000ns period=20.000ns})
  Path Group:             (none)
  Path Type:              Removal (Min at Fast Process Corner)
  Data Path Delay:        0.730ns  (logic 0.209ns (28.621%)  route 0.521ns (71.379%))
  Logic Levels:           1  (LUT1=1)
  Clock Path Skew:        0.298ns (DCD - SCD - CPR)
    Destination Clock Delay (DCD):    1.185ns
    Source Clock Delay      (SCD):    0.887ns
    Clock Pessimism Removal (CPR):    -0.000ns
  Clock Uncertainty:      0.302ns  ((TSJ^2 + TIJ^2)^1/2 + DJ) / 2 + PE
    Total System Jitter     (TSJ):    0.071ns
    Total Input Jitter      (TIJ):    0.600ns
    Discrete Jitter          (DJ):    0.000ns
    Phase Error              (PE):    0.000ns
  Timing Exception:       False Path

    Location             Delay type                Incr(ns)  Path(ns)    Netlist Resource(s)
  -------------------------------------------------------------------    -------------------
                         (clock clk_fpga_0 rise edge)
                                                      0.000     0.000 r  
    PS7_X0Y0             PS7                          0.000     0.000 r  bnn_accelerator_design_i/processing_system7_0/inst/PS7_i/FCLKCLK[0]
                         net (fo=1, routed)           0.310     0.310    bnn_accelerator_design_i/processing_system7_0/inst/FCLK_CLK_unbuffered[0]
    BUFGCTRL_X0Y16       BUFG (Prop_bufg_I_O)         0.026     0.336 r  bnn_accelerator_design_i/processing_system7_0/inst/buffer_fclk_clk_0.FCLK_CLK_0_BUFG/O
                         net (fo=3768, routed)        0.551     0.887    bnn_accelerator_design_i/axi_smc/inst/clk_map/psr_aclk/U0/aclk
    SLICE_X34Y81         FDRE                                         r  bnn_accelerator_design_i/axi_smc/inst/clk_map/psr_aclk/U0/ACTIVE_LOW_BSR_OUT_DFF[0].FDRE_BSR_N/C
  -------------------------------------------------------------------    -------------------
    SLICE_X34Y81         FDRE (Prop_fdre_C_Q)         0.164     1.051 r  bnn_accelerator_design_i/axi_smc/inst/clk_map/psr_aclk/U0/ACTIVE_LOW_BSR_OUT_DFF[0].FDRE_BSR_N/Q
                         net (fo=9, routed)           0.317     1.367    <hidden>
    SLICE_X38Y86         LUT1 (Prop_lut1_I0_O)        0.045     1.412 f  <hidden>
                         net (fo=3, routed)           0.204     1.617    <hidden>
    SLICE_X38Y86         FDCE                                         f  <hidden>
  -------------------------------------------------------------------    -------------------

                         (clock clk_fpga_0 rise edge)
                                                      0.000     0.000 r  
    PS7_X0Y0             PS7                          0.000     0.000 r  bnn_accelerator_design_i/processing_system7_0/inst/PS7_i/FCLKCLK[0]
                         net (fo=1, routed)           0.337     0.337    bnn_accelerator_design_i/processing_system7_0/inst/FCLK_CLK_unbuffered[0]
    BUFGCTRL_X0Y16       BUFG (Prop_bufg_I_O)         0.029     0.366 r  bnn_accelerator_design_i/processing_system7_0/inst/buffer_fclk_clk_0.FCLK_CLK_0_BUFG/O
                         net (fo=3768, routed)        0.819     1.185    <hidden>
    SLICE_X38Y86         FDCE                                         r  <hidden>

Slack:                    inf
  Source:                 bnn_accelerator_design_i/axi_smc/inst/clk_map/psr_aclk/U0/ACTIVE_LOW_BSR_OUT_DFF[0].FDRE_BSR_N/C
                            (rising edge-triggered cell FDRE clocked by clk_fpga_0  {rise@0.000ns fall@10.000ns period=20.000ns})
  Destination:            <hidden>
                            (removal check against rising-edge clock clk_fpga_0  {rise@0.000ns fall@10.000ns period=20.000ns})
  Path Group:             (none)
  Path Type:              Removal (Min at Fast Process Corner)
  Data Path Delay:        0.730ns  (logic 0.209ns (28.621%)  route 0.521ns (71.379%))
  Logic Levels:           1  (LUT1=1)
  Clock Path Skew:        0.298ns (DCD - SCD - CPR)
    Destination Clock Delay (DCD):    1.185ns
    Source Clock Delay      (SCD):    0.887ns
    Clock Pessimism Removal (CPR):    -0.000ns
  Clock Uncertainty:      0.302ns  ((TSJ^2 + TIJ^2)^1/2 + DJ) / 2 + PE
    Total System Jitter     (TSJ):    0.071ns
    Total Input Jitter      (TIJ):    0.600ns
    Discrete Jitter          (DJ):    0.000ns
    Phase Error              (PE):    0.000ns
  Timing Exception:       False Path

    Location             Delay type                Incr(ns)  Path(ns)    Netlist Resource(s)
  -------------------------------------------------------------------    -------------------
                         (clock clk_fpga_0 rise edge)
                                                      0.000     0.000 r  
    PS7_X0Y0             PS7                          0.000     0.000 r  bnn_accelerator_design_i/processing_system7_0/inst/PS7_i/FCLKCLK[0]
                         net (fo=1, routed)           0.310     0.310    bnn_accelerator_design_i/processing_system7_0/inst/FCLK_CLK_unbuffered[0]
    BUFGCTRL_X0Y16       BUFG (Prop_bufg_I_O)         0.026     0.336 r  bnn_accelerator_design_i/processing_system7_0/inst/buffer_fclk_clk_0.FCLK_CLK_0_BUFG/O
                         net (fo=3768, routed)        0.551     0.887    bnn_accelerator_design_i/axi_smc/inst/clk_map/psr_aclk/U0/aclk
    SLICE_X34Y81         FDRE                                         r  bnn_accelerator_design_i/axi_smc/inst/clk_map/psr_aclk/U0/ACTIVE_LOW_BSR_OUT_DFF[0].FDRE_BSR_N/C
  -------------------------------------------------------------------    -------------------
    SLICE_X34Y81         FDRE (Prop_fdre_C_Q)         0.164     1.051 r  bnn_accelerator_design_i/axi_smc/inst/clk_map/psr_aclk/U0/ACTIVE_LOW_BSR_OUT_DFF[0].FDRE_BSR_N/Q
                         net (fo=9, routed)           0.317     1.367    <hidden>
    SLICE_X38Y86         LUT1 (Prop_lut1_I0_O)        0.045     1.412 f  <hidden>
                         net (fo=3, routed)           0.204     1.617    <hidden>
    SLICE_X38Y86         FDCE                                         f  <hidden>
  -------------------------------------------------------------------    -------------------

                         (clock clk_fpga_0 rise edge)
                                                      0.000     0.000 r  
    PS7_X0Y0             PS7                          0.000     0.000 r  bnn_accelerator_design_i/processing_system7_0/inst/PS7_i/FCLKCLK[0]
                         net (fo=1, routed)           0.337     0.337    bnn_accelerator_design_i/processing_system7_0/inst/FCLK_CLK_unbuffered[0]
    BUFGCTRL_X0Y16       BUFG (Prop_bufg_I_O)         0.029     0.366 r  bnn_accelerator_design_i/processing_system7_0/inst/buffer_fclk_clk_0.FCLK_CLK_0_BUFG/O
                         net (fo=3768, routed)        0.819     1.185    <hidden>
    SLICE_X38Y86         FDCE                                         r  <hidden>

Slack:                    inf
  Source:                 bnn_accelerator_design_i/axi_smc/inst/clk_map/psr_aclk/U0/ACTIVE_LOW_BSR_OUT_DFF[0].FDRE_BSR_N/C
                            (rising edge-triggered cell FDRE clocked by clk_fpga_0  {rise@0.000ns fall@10.000ns period=20.000ns})
  Destination:            <hidden>
                            (removal check against rising-edge clock clk_fpga_0  {rise@0.000ns fall@10.000ns period=20.000ns})
  Path Group:             (none)
  Path Type:              Removal (Min at Fast Process Corner)
  Data Path Delay:        0.730ns  (logic 0.209ns (28.621%)  route 0.521ns (71.379%))
  Logic Levels:           1  (LUT1=1)
  Clock Path Skew:        0.298ns (DCD - SCD - CPR)
    Destination Clock Delay (DCD):    1.185ns
    Source Clock Delay      (SCD):    0.887ns
    Clock Pessimism Removal (CPR):    -0.000ns
  Clock Uncertainty:      0.302ns  ((TSJ^2 + TIJ^2)^1/2 + DJ) / 2 + PE
    Total System Jitter     (TSJ):    0.071ns
    Total Input Jitter      (TIJ):    0.600ns
    Discrete Jitter          (DJ):    0.000ns
    Phase Error              (PE):    0.000ns
  Timing Exception:       False Path

    Location             Delay type                Incr(ns)  Path(ns)    Netlist Resource(s)
  -------------------------------------------------------------------    -------------------
                         (clock clk_fpga_0 rise edge)
                                                      0.000     0.000 r  
    PS7_X0Y0             PS7                          0.000     0.000 r  bnn_accelerator_design_i/processing_system7_0/inst/PS7_i/FCLKCLK[0]
                         net (fo=1, routed)           0.310     0.310    bnn_accelerator_design_i/processing_system7_0/inst/FCLK_CLK_unbuffered[0]
    BUFGCTRL_X0Y16       BUFG (Prop_bufg_I_O)         0.026     0.336 r  bnn_accelerator_design_i/processing_system7_0/inst/buffer_fclk_clk_0.FCLK_CLK_0_BUFG/O
                         net (fo=3768, routed)        0.551     0.887    bnn_accelerator_design_i/axi_smc/inst/clk_map/psr_aclk/U0/aclk
    SLICE_X34Y81         FDRE                                         r  bnn_accelerator_design_i/axi_smc/inst/clk_map/psr_aclk/U0/ACTIVE_LOW_BSR_OUT_DFF[0].FDRE_BSR_N/C
  -------------------------------------------------------------------    -------------------
    SLICE_X34Y81         FDRE (Prop_fdre_C_Q)         0.164     1.051 r  bnn_accelerator_design_i/axi_smc/inst/clk_map/psr_aclk/U0/ACTIVE_LOW_BSR_OUT_DFF[0].FDRE_BSR_N/Q
                         net (fo=9, routed)           0.317     1.367    <hidden>
    SLICE_X38Y86         LUT1 (Prop_lut1_I0_O)        0.045     1.412 f  <hidden>
                         net (fo=3, routed)           0.204     1.617    <hidden>
    SLICE_X38Y86         FDCE                                         f  <hidden>
  -------------------------------------------------------------------    -------------------

                         (clock clk_fpga_0 rise edge)
                                                      0.000     0.000 r  
    PS7_X0Y0             PS7                          0.000     0.000 r  bnn_accelerator_design_i/processing_system7_0/inst/PS7_i/FCLKCLK[0]
                         net (fo=1, routed)           0.337     0.337    bnn_accelerator_design_i/processing_system7_0/inst/FCLK_CLK_unbuffered[0]
    BUFGCTRL_X0Y16       BUFG (Prop_bufg_I_O)         0.029     0.366 r  bnn_accelerator_design_i/processing_system7_0/inst/buffer_fclk_clk_0.FCLK_CLK_0_BUFG/O
                         net (fo=3768, routed)        0.819     1.185    <hidden>
    SLICE_X38Y86         FDCE                                         r  <hidden>

Slack:                    inf
  Source:                 bnn_accelerator_design_i/axi_smc/inst/clk_map/psr_aclk/U0/ACTIVE_LOW_BSR_OUT_DFF[0].FDRE_BSR_N/C
                            (rising edge-triggered cell FDRE clocked by clk_fpga_0  {rise@0.000ns fall@10.000ns period=20.000ns})
  Destination:            <hidden>
                            (removal check against rising-edge clock clk_fpga_0  {rise@0.000ns fall@10.000ns period=20.000ns})
  Path Group:             (none)
  Path Type:              Removal (Min at Fast Process Corner)
  Data Path Delay:        0.935ns  (logic 0.209ns (22.358%)  route 0.726ns (77.642%))
  Logic Levels:           1  (LUT1=1)
  Clock Path Skew:        0.303ns (DCD - SCD - CPR)
    Destination Clock Delay (DCD):    1.190ns
    Source Clock Delay      (SCD):    0.887ns
    Clock Pessimism Removal (CPR):    -0.000ns
  Clock Uncertainty:      0.302ns  ((TSJ^2 + TIJ^2)^1/2 + DJ) / 2 + PE
    Total System Jitter     (TSJ):    0.071ns
    Total Input Jitter      (TIJ):    0.600ns
    Discrete Jitter          (DJ):    0.000ns
    Phase Error              (PE):    0.000ns
  Timing Exception:       False Path

    Location             Delay type                Incr(ns)  Path(ns)    Netlist Resource(s)
  -------------------------------------------------------------------    -------------------
                         (clock clk_fpga_0 rise edge)
                                                      0.000     0.000 r  
    PS7_X0Y0             PS7                          0.000     0.000 r  bnn_accelerator_design_i/processing_system7_0/inst/PS7_i/FCLKCLK[0]
                         net (fo=1, routed)           0.310     0.310    bnn_accelerator_design_i/processing_system7_0/inst/FCLK_CLK_unbuffered[0]
    BUFGCTRL_X0Y16       BUFG (Prop_bufg_I_O)         0.026     0.336 r  bnn_accelerator_design_i/processing_system7_0/inst/buffer_fclk_clk_0.FCLK_CLK_0_BUFG/O
                         net (fo=3768, routed)        0.551     0.887    bnn_accelerator_design_i/axi_smc/inst/clk_map/psr_aclk/U0/aclk
    SLICE_X34Y81         FDRE                                         r  bnn_accelerator_design_i/axi_smc/inst/clk_map/psr_aclk/U0/ACTIVE_LOW_BSR_OUT_DFF[0].FDRE_BSR_N/C
  -------------------------------------------------------------------    -------------------
    SLICE_X34Y81         FDRE (Prop_fdre_C_Q)         0.164     1.051 r  bnn_accelerator_design_i/axi_smc/inst/clk_map/psr_aclk/U0/ACTIVE_LOW_BSR_OUT_DFF[0].FDRE_BSR_N/Q
                         net (fo=9, routed)           0.562     1.613    <hidden>
    SLICE_X38Y95         LUT1 (Prop_lut1_I0_O)        0.045     1.658 f  <hidden>
                         net (fo=3, routed)           0.163     1.821    <hidden>
    SLICE_X36Y95         FDCE                                         f  <hidden>
  -------------------------------------------------------------------    -------------------

                         (clock clk_fpga_0 rise edge)
                                                      0.000     0.000 r  
    PS7_X0Y0             PS7                          0.000     0.000 r  bnn_accelerator_design_i/processing_system7_0/inst/PS7_i/FCLKCLK[0]
                         net (fo=1, routed)           0.337     0.337    bnn_accelerator_design_i/processing_system7_0/inst/FCLK_CLK_unbuffered[0]
    BUFGCTRL_X0Y16       BUFG (Prop_bufg_I_O)         0.029     0.366 r  bnn_accelerator_design_i/processing_system7_0/inst/buffer_fclk_clk_0.FCLK_CLK_0_BUFG/O
                         net (fo=3768, routed)        0.824     1.190    <hidden>
    SLICE_X36Y95         FDCE                                         r  <hidden>

Slack:                    inf
  Source:                 bnn_accelerator_design_i/axi_smc/inst/clk_map/psr_aclk/U0/ACTIVE_LOW_BSR_OUT_DFF[0].FDRE_BSR_N/C
                            (rising edge-triggered cell FDRE clocked by clk_fpga_0  {rise@0.000ns fall@10.000ns period=20.000ns})
  Destination:            <hidden>
                            (removal check against rising-edge clock clk_fpga_0  {rise@0.000ns fall@10.000ns period=20.000ns})
  Path Group:             (none)
  Path Type:              Removal (Min at Fast Process Corner)
  Data Path Delay:        0.935ns  (logic 0.209ns (22.358%)  route 0.726ns (77.642%))
  Logic Levels:           1  (LUT1=1)
  Clock Path Skew:        0.303ns (DCD - SCD - CPR)
    Destination Clock Delay (DCD):    1.190ns
    Source Clock Delay      (SCD):    0.887ns
    Clock Pessimism Removal (CPR):    -0.000ns
  Clock Uncertainty:      0.302ns  ((TSJ^2 + TIJ^2)^1/2 + DJ) / 2 + PE
    Total System Jitter     (TSJ):    0.071ns
    Total Input Jitter      (TIJ):    0.600ns
    Discrete Jitter          (DJ):    0.000ns
    Phase Error              (PE):    0.000ns
  Timing Exception:       False Path

    Location             Delay type                Incr(ns)  Path(ns)    Netlist Resource(s)
  -------------------------------------------------------------------    -------------------
                         (clock clk_fpga_0 rise edge)
                                                      0.000     0.000 r  
    PS7_X0Y0             PS7                          0.000     0.000 r  bnn_accelerator_design_i/processing_system7_0/inst/PS7_i/FCLKCLK[0]
                         net (fo=1, routed)           0.310     0.310    bnn_accelerator_design_i/processing_system7_0/inst/FCLK_CLK_unbuffered[0]
    BUFGCTRL_X0Y16       BUFG (Prop_bufg_I_O)         0.026     0.336 r  bnn_accelerator_design_i/processing_system7_0/inst/buffer_fclk_clk_0.FCLK_CLK_0_BUFG/O
                         net (fo=3768, routed)        0.551     0.887    bnn_accelerator_design_i/axi_smc/inst/clk_map/psr_aclk/U0/aclk
    SLICE_X34Y81         FDRE                                         r  bnn_accelerator_design_i/axi_smc/inst/clk_map/psr_aclk/U0/ACTIVE_LOW_BSR_OUT_DFF[0].FDRE_BSR_N/C
  -------------------------------------------------------------------    -------------------
    SLICE_X34Y81         FDRE (Prop_fdre_C_Q)         0.164     1.051 r  bnn_accelerator_design_i/axi_smc/inst/clk_map/psr_aclk/U0/ACTIVE_LOW_BSR_OUT_DFF[0].FDRE_BSR_N/Q
                         net (fo=9, routed)           0.562     1.613    <hidden>
    SLICE_X38Y95         LUT1 (Prop_lut1_I0_O)        0.045     1.658 f  <hidden>
                         net (fo=3, routed)           0.163     1.821    <hidden>
    SLICE_X36Y95         FDCE                                         f  <hidden>
  -------------------------------------------------------------------    -------------------

                         (clock clk_fpga_0 rise edge)
                                                      0.000     0.000 r  
    PS7_X0Y0             PS7                          0.000     0.000 r  bnn_accelerator_design_i/processing_system7_0/inst/PS7_i/FCLKCLK[0]
                         net (fo=1, routed)           0.337     0.337    bnn_accelerator_design_i/processing_system7_0/inst/FCLK_CLK_unbuffered[0]
    BUFGCTRL_X0Y16       BUFG (Prop_bufg_I_O)         0.029     0.366 r  bnn_accelerator_design_i/processing_system7_0/inst/buffer_fclk_clk_0.FCLK_CLK_0_BUFG/O
                         net (fo=3768, routed)        0.824     1.190    <hidden>
    SLICE_X36Y95         FDCE                                         r  <hidden>

Slack:                    inf
  Source:                 bnn_accelerator_design_i/axi_smc/inst/clk_map/psr_aclk/U0/ACTIVE_LOW_BSR_OUT_DFF[0].FDRE_BSR_N/C
                            (rising edge-triggered cell FDRE clocked by clk_fpga_0  {rise@0.000ns fall@10.000ns period=20.000ns})
  Destination:            <hidden>
                            (removal check against rising-edge clock clk_fpga_0  {rise@0.000ns fall@10.000ns period=20.000ns})
  Path Group:             (none)
  Path Type:              Removal (Min at Fast Process Corner)
  Data Path Delay:        0.935ns  (logic 0.209ns (22.358%)  route 0.726ns (77.642%))
  Logic Levels:           1  (LUT1=1)
  Clock Path Skew:        0.303ns (DCD - SCD - CPR)
    Destination Clock Delay (DCD):    1.190ns
    Source Clock Delay      (SCD):    0.887ns
    Clock Pessimism Removal (CPR):    -0.000ns
  Clock Uncertainty:      0.302ns  ((TSJ^2 + TIJ^2)^1/2 + DJ) / 2 + PE
    Total System Jitter     (TSJ):    0.071ns
    Total Input Jitter      (TIJ):    0.600ns
    Discrete Jitter          (DJ):    0.000ns
    Phase Error              (PE):    0.000ns
  Timing Exception:       False Path

    Location             Delay type                Incr(ns)  Path(ns)    Netlist Resource(s)
  -------------------------------------------------------------------    -------------------
                         (clock clk_fpga_0 rise edge)
                                                      0.000     0.000 r  
    PS7_X0Y0             PS7                          0.000     0.000 r  bnn_accelerator_design_i/processing_system7_0/inst/PS7_i/FCLKCLK[0]
                         net (fo=1, routed)           0.310     0.310    bnn_accelerator_design_i/processing_system7_0/inst/FCLK_CLK_unbuffered[0]
    BUFGCTRL_X0Y16       BUFG (Prop_bufg_I_O)         0.026     0.336 r  bnn_accelerator_design_i/processing_system7_0/inst/buffer_fclk_clk_0.FCLK_CLK_0_BUFG/O
                         net (fo=3768, routed)        0.551     0.887    bnn_accelerator_design_i/axi_smc/inst/clk_map/psr_aclk/U0/aclk
    SLICE_X34Y81         FDRE                                         r  bnn_accelerator_design_i/axi_smc/inst/clk_map/psr_aclk/U0/ACTIVE_LOW_BSR_OUT_DFF[0].FDRE_BSR_N/C
  -------------------------------------------------------------------    -------------------
    SLICE_X34Y81         FDRE (Prop_fdre_C_Q)         0.164     1.051 r  bnn_accelerator_design_i/axi_smc/inst/clk_map/psr_aclk/U0/ACTIVE_LOW_BSR_OUT_DFF[0].FDRE_BSR_N/Q
                         net (fo=9, routed)           0.562     1.613    <hidden>
    SLICE_X38Y95         LUT1 (Prop_lut1_I0_O)        0.045     1.658 f  <hidden>
                         net (fo=3, routed)           0.163     1.821    <hidden>
    SLICE_X36Y95         FDCE                                         f  <hidden>
  -------------------------------------------------------------------    -------------------

                         (clock clk_fpga_0 rise edge)
                                                      0.000     0.000 r  
    PS7_X0Y0             PS7                          0.000     0.000 r  bnn_accelerator_design_i/processing_system7_0/inst/PS7_i/FCLKCLK[0]
                         net (fo=1, routed)           0.337     0.337    bnn_accelerator_design_i/processing_system7_0/inst/FCLK_CLK_unbuffered[0]
    BUFGCTRL_X0Y16       BUFG (Prop_bufg_I_O)         0.029     0.366 r  bnn_accelerator_design_i/processing_system7_0/inst/buffer_fclk_clk_0.FCLK_CLK_0_BUFG/O
                         net (fo=3768, routed)        0.824     1.190    <hidden>
    SLICE_X36Y95         FDCE                                         r  <hidden>

Slack:                    inf
  Source:                 bnn_accelerator_design_i/axi_smc/inst/clk_map/psr_aclk/U0/ACTIVE_LOW_BSR_OUT_DFF[0].FDRE_BSR_N/C
                            (rising edge-triggered cell FDRE clocked by clk_fpga_0  {rise@0.000ns fall@10.000ns period=20.000ns})
  Destination:            <hidden>
                            (removal check against rising-edge clock clk_fpga_0  {rise@0.000ns fall@10.000ns period=20.000ns})
  Path Group:             (none)
  Path Type:              Removal (Min at Fast Process Corner)
  Data Path Delay:        0.977ns  (logic 0.209ns (21.394%)  route 0.768ns (78.606%))
  Logic Levels:           1  (LUT1=1)
  Clock Path Skew:        0.303ns (DCD - SCD - CPR)
    Destination Clock Delay (DCD):    1.190ns
    Source Clock Delay      (SCD):    0.887ns
    Clock Pessimism Removal (CPR):    -0.000ns
  Clock Uncertainty:      0.302ns  ((TSJ^2 + TIJ^2)^1/2 + DJ) / 2 + PE
    Total System Jitter     (TSJ):    0.071ns
    Total Input Jitter      (TIJ):    0.600ns
    Discrete Jitter          (DJ):    0.000ns
    Phase Error              (PE):    0.000ns
  Timing Exception:       False Path

    Location             Delay type                Incr(ns)  Path(ns)    Netlist Resource(s)
  -------------------------------------------------------------------    -------------------
                         (clock clk_fpga_0 rise edge)
                                                      0.000     0.000 r  
    PS7_X0Y0             PS7                          0.000     0.000 r  bnn_accelerator_design_i/processing_system7_0/inst/PS7_i/FCLKCLK[0]
                         net (fo=1, routed)           0.310     0.310    bnn_accelerator_design_i/processing_system7_0/inst/FCLK_CLK_unbuffered[0]
    BUFGCTRL_X0Y16       BUFG (Prop_bufg_I_O)         0.026     0.336 r  bnn_accelerator_design_i/processing_system7_0/inst/buffer_fclk_clk_0.FCLK_CLK_0_BUFG/O
                         net (fo=3768, routed)        0.551     0.887    bnn_accelerator_design_i/axi_smc/inst/clk_map/psr_aclk/U0/aclk
    SLICE_X34Y81         FDRE                                         r  bnn_accelerator_design_i/axi_smc/inst/clk_map/psr_aclk/U0/ACTIVE_LOW_BSR_OUT_DFF[0].FDRE_BSR_N/C
  -------------------------------------------------------------------    -------------------
    SLICE_X34Y81         FDRE (Prop_fdre_C_Q)         0.164     1.051 r  bnn_accelerator_design_i/axi_smc/inst/clk_map/psr_aclk/U0/ACTIVE_LOW_BSR_OUT_DFF[0].FDRE_BSR_N/Q
                         net (fo=9, routed)           0.593     1.644    <hidden>
    SLICE_X38Y95         LUT1 (Prop_lut1_I0_O)        0.045     1.689 f  <hidden>
                         net (fo=3, routed)           0.174     1.864    <hidden>
    SLICE_X38Y94         FDCE                                         f  <hidden>
  -------------------------------------------------------------------    -------------------

                         (clock clk_fpga_0 rise edge)
                                                      0.000     0.000 r  
    PS7_X0Y0             PS7                          0.000     0.000 r  bnn_accelerator_design_i/processing_system7_0/inst/PS7_i/FCLKCLK[0]
                         net (fo=1, routed)           0.337     0.337    bnn_accelerator_design_i/processing_system7_0/inst/FCLK_CLK_unbuffered[0]
    BUFGCTRL_X0Y16       BUFG (Prop_bufg_I_O)         0.029     0.366 r  bnn_accelerator_design_i/processing_system7_0/inst/buffer_fclk_clk_0.FCLK_CLK_0_BUFG/O
                         net (fo=3768, routed)        0.824     1.190    <hidden>
    SLICE_X38Y94         FDCE                                         r  <hidden>

Slack:                    inf
  Source:                 bnn_accelerator_design_i/axi_smc/inst/clk_map/psr_aclk/U0/ACTIVE_LOW_BSR_OUT_DFF[0].FDRE_BSR_N/C
                            (rising edge-triggered cell FDRE clocked by clk_fpga_0  {rise@0.000ns fall@10.000ns period=20.000ns})
  Destination:            <hidden>
                            (removal check against rising-edge clock clk_fpga_0  {rise@0.000ns fall@10.000ns period=20.000ns})
  Path Group:             (none)
  Path Type:              Removal (Min at Fast Process Corner)
  Data Path Delay:        0.977ns  (logic 0.209ns (21.394%)  route 0.768ns (78.606%))
  Logic Levels:           1  (LUT1=1)
  Clock Path Skew:        0.303ns (DCD - SCD - CPR)
    Destination Clock Delay (DCD):    1.190ns
    Source Clock Delay      (SCD):    0.887ns
    Clock Pessimism Removal (CPR):    -0.000ns
  Clock Uncertainty:      0.302ns  ((TSJ^2 + TIJ^2)^1/2 + DJ) / 2 + PE
    Total System Jitter     (TSJ):    0.071ns
    Total Input Jitter      (TIJ):    0.600ns
    Discrete Jitter          (DJ):    0.000ns
    Phase Error              (PE):    0.000ns
  Timing Exception:       False Path

    Location             Delay type                Incr(ns)  Path(ns)    Netlist Resource(s)
  -------------------------------------------------------------------    -------------------
                         (clock clk_fpga_0 rise edge)
                                                      0.000     0.000 r  
    PS7_X0Y0             PS7                          0.000     0.000 r  bnn_accelerator_design_i/processing_system7_0/inst/PS7_i/FCLKCLK[0]
                         net (fo=1, routed)           0.310     0.310    bnn_accelerator_design_i/processing_system7_0/inst/FCLK_CLK_unbuffered[0]
    BUFGCTRL_X0Y16       BUFG (Prop_bufg_I_O)         0.026     0.336 r  bnn_accelerator_design_i/processing_system7_0/inst/buffer_fclk_clk_0.FCLK_CLK_0_BUFG/O
                         net (fo=3768, routed)        0.551     0.887    bnn_accelerator_design_i/axi_smc/inst/clk_map/psr_aclk/U0/aclk
    SLICE_X34Y81         FDRE                                         r  bnn_accelerator_design_i/axi_smc/inst/clk_map/psr_aclk/U0/ACTIVE_LOW_BSR_OUT_DFF[0].FDRE_BSR_N/C
  -------------------------------------------------------------------    -------------------
    SLICE_X34Y81         FDRE (Prop_fdre_C_Q)         0.164     1.051 r  bnn_accelerator_design_i/axi_smc/inst/clk_map/psr_aclk/U0/ACTIVE_LOW_BSR_OUT_DFF[0].FDRE_BSR_N/Q
                         net (fo=9, routed)           0.593     1.644    <hidden>
    SLICE_X38Y95         LUT1 (Prop_lut1_I0_O)        0.045     1.689 f  <hidden>
                         net (fo=3, routed)           0.174     1.864    <hidden>
    SLICE_X38Y94         FDCE                                         f  <hidden>
  -------------------------------------------------------------------    -------------------

                         (clock clk_fpga_0 rise edge)
                                                      0.000     0.000 r  
    PS7_X0Y0             PS7                          0.000     0.000 r  bnn_accelerator_design_i/processing_system7_0/inst/PS7_i/FCLKCLK[0]
                         net (fo=1, routed)           0.337     0.337    bnn_accelerator_design_i/processing_system7_0/inst/FCLK_CLK_unbuffered[0]
    BUFGCTRL_X0Y16       BUFG (Prop_bufg_I_O)         0.029     0.366 r  bnn_accelerator_design_i/processing_system7_0/inst/buffer_fclk_clk_0.FCLK_CLK_0_BUFG/O
                         net (fo=3768, routed)        0.824     1.190    <hidden>
    SLICE_X38Y94         FDCE                                         r  <hidden>





