Copyright 1986-2022 Xilinx, Inc. All Rights Reserved. Copyright 2022-2024 Advanced Micro Devices, Inc. All Rights Reserved.
---------------------------------------------------------------------------------------------------------------------------------------------------------------------------------------------------------------------------------------------------------------------------------------
| Tool Version : Vivado v.2024.2 (win64) Build 5239630 Fri Nov 08 22:35:27 MST 2024
| Date         : Sat May  9 06:53:56 2026
| Host         : LAPTOP-VNMTQE0B running 64-bit major release  (build 9200)
| Command      : report_timing_summary -max_paths 10 -report_unconstrained -file cnn_accelerator_design_wrapper_timing_summary_routed.rpt -pb cnn_accelerator_design_wrapper_timing_summary_routed.pb -rpx cnn_accelerator_design_wrapper_timing_summary_routed.rpx -warn_on_violation
| Design       : cnn_accelerator_design_wrapper
| Device       : 7z020-clg400
| Speed File   : -1  PRODUCTION 1.12 2019-11-22
| Design State : Routed
---------------------------------------------------------------------------------------------------------------------------------------------------------------------------------------------------------------------------------------------------------------------------------------

Timing Summary Report

------------------------------------------------------------------------------------------------
| Timer Settings
| --------------
------------------------------------------------------------------------------------------------

  Enable Multi Corner Analysis               :  Yes
  Enable Pessimism Removal                   :  Yes
  Pessimism Removal Resolution               :  Nearest Common Node
  Enable Input Delay Default Clock           :  No
  Enable Preset / Clear Arcs                 :  No
  Disable Flight Delays                      :  No
  Ignore I/O Paths                           :  No
  Timing Early Launch at Borrowing Latches   :  No
  Borrow Time for Max Delay Exceptions       :  Yes
  Merge Timing Exceptions                    :  Yes
  Inter-SLR Compensation                     :  Conservative

  Corner  Analyze    Analyze    
  Name    Max Paths  Min Paths  
  ------  ---------  ---------  
  Slow    Yes        Yes        
  Fast    Yes        Yes        


------------------------------------------------------------------------------------------------
| Report Methodology
| ------------------
------------------------------------------------------------------------------------------------

Rule     Severity  Description                   Violations  
-------  --------  ----------------------------  ----------  
LUTAR-1  Warning   LUT drives async reset alert  3           

Note: This report is based on the most recent report_methodology run and may not be up-to-date. Run report_methodology on the current design for the latest report.



check_timing report

Table of Contents
-----------------
1. checking no_clock (0)
2. checking constant_clock (0)
3. checking pulse_width_clock (0)
4. checking unconstrained_internal_endpoints (0)
5. checking no_input_delay (0)
6. checking no_output_delay (0)
7. checking multiple_clock (0)
8. checking generated_clocks (0)
9. checking loops (0)
10. checking partial_input_delay (0)
11. checking partial_output_delay (0)
12. checking latch_loops (0)

1. checking no_clock (0)
------------------------
 There are 0 register/latch pins with no clock.


2. checking constant_clock (0)
------------------------------
 There are 0 register/latch pins with constant_clock.


3. checking pulse_width_clock (0)
---------------------------------
 There are 0 register/latch pins which need pulse_width check


4. checking unconstrained_internal_endpoints (0)
------------------------------------------------
 There are 0 pins that are not constrained for maximum delay.

 There are 0 pins that are not constrained for maximum delay due to constant clock.


5. checking no_input_delay (0)
------------------------------
 There are 0 input ports with no input delay specified.

 There are 0 input ports with no input delay but user has a false path constraint.


6. checking no_output_delay (0)
-------------------------------
 There are 0 ports with no output delay specified.

 There are 0 ports with no output delay but user has a false path constraint

 There are 0 ports with no output delay but with a timing clock defined on it or propagating through it


7. checking multiple_clock (0)
------------------------------
 There are 0 register/latch pins with multiple clocks.


8. checking generated_clocks (0)
--------------------------------
 There are 0 generated clocks that are not connected to a clock source.


9. checking loops (0)
---------------------
 There are 0 combinational loops in the design.


10. checking partial_input_delay (0)
------------------------------------
 There are 0 input ports with partial input delay specified.


11. checking partial_output_delay (0)
-------------------------------------
 There are 0 ports with partial output delay specified.


12. checking latch_loops (0)
----------------------------
 There are 0 combinational latch loops in the design through latch input



------------------------------------------------------------------------------------------------
| Design Timing Summary
| ---------------------
------------------------------------------------------------------------------------------------

    WNS(ns)      TNS(ns)  TNS Failing Endpoints  TNS Total Endpoints      WHS(ns)      THS(ns)  THS Failing Endpoints  THS Total Endpoints     WPWS(ns)     TPWS(ns)  TPWS Failing Endpoints  TPWS Total Endpoints  
    -------      -------  ---------------------  -------------------      -------      -------  ---------------------  -------------------     --------     --------  ----------------------  --------------------  
      3.900        0.000                      0                95277        0.020        0.000                      0                95277        8.750        0.000                       0                 15022  


All user specified timing constraints are met.


------------------------------------------------------------------------------------------------
| Clock Summary
| -------------
------------------------------------------------------------------------------------------------

Clock       Waveform(ns)       Period(ns)      Frequency(MHz)
-----       ------------       ----------      --------------
clk_fpga_0  {0.000 10.000}     20.000          50.000          


------------------------------------------------------------------------------------------------
| Intra Clock Table
| -----------------
------------------------------------------------------------------------------------------------

Clock             WNS(ns)      TNS(ns)  TNS Failing Endpoints  TNS Total Endpoints      WHS(ns)      THS(ns)  THS Failing Endpoints  THS Total Endpoints     WPWS(ns)     TPWS(ns)  TPWS Failing Endpoints  TPWS Total Endpoints  
-----             -------      -------  ---------------------  -------------------      -------      -------  ---------------------  -------------------     --------     --------  ----------------------  --------------------  
clk_fpga_0          3.900        0.000                      0                95181        0.020        0.000                      0                95181        8.750        0.000                       0                 15022  


------------------------------------------------------------------------------------------------
| Inter Clock Table
| -----------------
------------------------------------------------------------------------------------------------

From Clock    To Clock          WNS(ns)      TNS(ns)  TNS Failing Endpoints  TNS Total Endpoints      WHS(ns)      THS(ns)  THS Failing Endpoints  THS Total Endpoints  
----------    --------          -------      -------  ---------------------  -------------------      -------      -------  ---------------------  -------------------  


------------------------------------------------------------------------------------------------
| Other Path Groups Table
| -----------------------
------------------------------------------------------------------------------------------------

Path Group         From Clock         To Clock               WNS(ns)      TNS(ns)  TNS Failing Endpoints  TNS Total Endpoints      WHS(ns)      THS(ns)  THS Failing Endpoints  THS Total Endpoints  
----------         ----------         --------               -------      -------  ---------------------  -------------------      -------      -------  ---------------------  -------------------  
**async_default**  clk_fpga_0         clk_fpga_0              16.176        0.000                      0                   96        0.572        0.000                      0                   96  


------------------------------------------------------------------------------------------------
| User Ignored Path Table
| -----------------------
------------------------------------------------------------------------------------------------

Path Group    From Clock    To Clock    
----------    ----------    --------    
(none)                      clk_fpga_0    
(none)        clk_fpga_0    clk_fpga_0    


------------------------------------------------------------------------------------------------
| Unconstrained Path Table
| ------------------------
------------------------------------------------------------------------------------------------

Path Group    From Clock    To Clock    
----------    ----------    --------    


------------------------------------------------------------------------------------------------
| Timing Details
| --------------
------------------------------------------------------------------------------------------------


---------------------------------------------------------------------------------------------------
From Clock:  clk_fpga_0
  To Clock:  clk_fpga_0

Setup :            0  Failing Endpoints,  Worst Slack        3.900ns,  Total Violation        0.000ns
Hold  :            0  Failing Endpoints,  Worst Slack        0.020ns,  Total Violation        0.000ns
PW    :            0  Failing Endpoints,  Worst Slack        8.750ns,  Total Violation        0.000ns
---------------------------------------------------------------------------------------------------


Max Delay Paths
--------------------------------------------------------------------------------------
Slack (MET) :             3.900ns  (required time - arrival time)
  Source:                 cnn_accelerator_design_i/cnn_accelerator_0/inst/oc_reg[2]/C
                            (rising edge-triggered cell FDRE clocked by clk_fpga_0  {rise@0.000ns fall@10.000ns period=20.000ns})
  Destination:            cnn_accelerator_design_i/cnn_accelerator_0/inst/sum0/B[12]
                            (rising edge-triggered cell DSP48E1 clocked by clk_fpga_0  {rise@0.000ns fall@10.000ns period=20.000ns})
  Path Group:             clk_fpga_0
  Path Type:              Setup (Max at Slow Process Corner)
  Requirement:            20.000ns  (clk_fpga_0 rise@20.000ns - clk_fpga_0 rise@0.000ns)
  Data Path Delay:        15.480ns  (logic 5.286ns (34.147%)  route 10.194ns (65.853%))
  Logic Levels:           15  (CARRY4=4 LUT3=2 LUT4=1 LUT5=1 LUT6=5 MUXF7=2)
  Clock Path Skew:        0.133ns (DCD - SCD + CPR)
    Destination Clock Delay (DCD):    2.845ns = ( 22.845 - 20.000 ) 
    Source Clock Delay      (SCD):    2.942ns
    Clock Pessimism Removal (CPR):    0.230ns
  Clock Uncertainty:      0.302ns  ((TSJ^2 + TIJ^2)^1/2 + DJ) / 2 + PE
    Total System Jitter     (TSJ):    0.071ns
    Total Input Jitter      (TIJ):    0.600ns
    Discrete Jitter          (DJ):    0.000ns
    Phase Error              (PE):    0.000ns

    Location             Delay type                Incr(ns)  Path(ns)    Netlist Resource(s)
  -------------------------------------------------------------------    -------------------
                         (clock clk_fpga_0 rise edge)
                                                      0.000     0.000 r  
    PS7_X0Y0             PS7                          0.000     0.000 r  cnn_accelerator_design_i/processing_system7_0/inst/PS7_i/FCLKCLK[0]
                         net (fo=1, routed)           1.193     1.193    cnn_accelerator_design_i/processing_system7_0/inst/FCLK_CLK_unbuffered[0]
    BUFGCTRL_X0Y16       BUFG (Prop_bufg_I_O)         0.101     1.294 r  cnn_accelerator_design_i/processing_system7_0/inst/buffer_fclk_clk_0.FCLK_CLK_0_BUFG/O
                         net (fo=15024, routed)       1.648     2.942    cnn_accelerator_design_i/cnn_accelerator_0/inst/aclk
    SLICE_X43Y24         FDRE                                         r  cnn_accelerator_design_i/cnn_accelerator_0/inst/oc_reg[2]/C
  -------------------------------------------------------------------    -------------------
    SLICE_X43Y24         FDRE (Prop_fdre_C_Q)         0.456     3.398 r  cnn_accelerator_design_i/cnn_accelerator_0/inst/oc_reg[2]/Q
                         net (fo=53, routed)          1.211     4.609    cnn_accelerator_design_i/cnn_accelerator_0/inst/oc_reg_n_0_[2]
    SLICE_X43Y22         LUT4 (Prop_lut4_I1_O)        0.152     4.761 r  cnn_accelerator_design_i/cnn_accelerator_0/inst/sum0_i_1101/O
                         net (fo=2, routed)           0.691     5.452    cnn_accelerator_design_i/cnn_accelerator_0/inst/sum0_i_1101_n_0
    SLICE_X39Y16         LUT6 (Prop_lut6_I0_O)        0.332     5.784 r  cnn_accelerator_design_i/cnn_accelerator_0/inst/sum0_i_1104/O
                         net (fo=1, routed)           0.000     5.784    cnn_accelerator_design_i/cnn_accelerator_0/inst/sum0_i_1104_n_0
    SLICE_X39Y16         CARRY4 (Prop_carry4_S[1]_O[2])
                                                      0.580     6.364 r  cnn_accelerator_design_i/cnn_accelerator_0/inst/sum0_i_579/O[2]
                         net (fo=1, routed)           0.311     6.675    cnn_accelerator_design_i/cnn_accelerator_0/inst/sum0_i_579_n_5
    SLICE_X40Y16         CARRY4 (Prop_carry4_S[1]_O[2])
                                                      0.882     7.557 r  cnn_accelerator_design_i/cnn_accelerator_0/inst/sum0_i_226/O[2]
                         net (fo=2, routed)           0.437     7.995    cnn_accelerator_design_i/cnn_accelerator_0/inst/sum0_i_226_n_5
    SLICE_X43Y16         LUT6 (Prop_lut6_I5_O)        0.302     8.297 r  cnn_accelerator_design_i/cnn_accelerator_0/inst/sum0_i_218/O
                         net (fo=2, routed)           0.448     8.745    cnn_accelerator_design_i/cnn_accelerator_0/inst/sum0_i_218_n_0
    SLICE_X41Y16         LUT3 (Prop_lut3_I0_O)        0.124     8.869 r  cnn_accelerator_design_i/cnn_accelerator_0/inst/sum0_i_222/O
                         net (fo=1, routed)           0.000     8.869    cnn_accelerator_design_i/cnn_accelerator_0/inst/sum0_i_222_n_0
    SLICE_X41Y16         CARRY4 (Prop_carry4_S[3]_CO[3])
                                                      0.401     9.270 r  cnn_accelerator_design_i/cnn_accelerator_0/inst/sum0_i_104/CO[3]
                         net (fo=1, routed)           0.000     9.270    cnn_accelerator_design_i/cnn_accelerator_0/inst/sum0_i_104_n_0
    SLICE_X41Y17         CARRY4 (Prop_carry4_CI_O[2])
                                                      0.239     9.509 r  cnn_accelerator_design_i/cnn_accelerator_0/inst/sum0_i_55/O[2]
                         net (fo=8, routed)           1.351    10.860    cnn_accelerator_design_i/cnn_accelerator_0/inst/wgt_val2[10]
    SLICE_X51Y11         LUT3 (Prop_lut3_I2_O)        0.330    11.190 r  cnn_accelerator_design_i/cnn_accelerator_0/inst/sum0_i_993/O
                         net (fo=133, routed)         1.378    12.568    cnn_accelerator_design_i/cnn_accelerator_0/inst/sum0_i_993_n_0
    SLICE_X67Y2          LUT6 (Prop_lut6_I1_O)        0.332    12.900 r  cnn_accelerator_design_i/cnn_accelerator_0/inst/p_0_out_inferred__14/sum0_i_1013/O
                         net (fo=1, routed)           0.000    12.900    cnn_accelerator_design_i/cnn_accelerator_0/inst/p_0_out_inferred__14/sum0_i_1013_n_0
    SLICE_X67Y2          MUXF7 (Prop_muxf7_I1_O)      0.217    13.117 r  cnn_accelerator_design_i/cnn_accelerator_0/inst/p_0_out_inferred__14/sum0_i_466/O
                         net (fo=2, routed)           0.442    13.559    cnn_accelerator_design_i/cnn_accelerator_0/inst/p_0_out_inferred__14/sum0_i_466_n_0
    SLICE_X68Y2          LUT5 (Prop_lut5_I4_O)        0.299    13.858 r  cnn_accelerator_design_i/cnn_accelerator_0/inst/p_0_out_inferred__14/sum0_i_171/O
                         net (fo=1, routed)           0.778    14.636    cnn_accelerator_design_i/cnn_accelerator_0/inst/p_0_out_inferred__14/sum0_i_171_n_0
    SLICE_X65Y3          LUT6 (Prop_lut6_I0_O)        0.124    14.760 r  cnn_accelerator_design_i/cnn_accelerator_0/inst/p_0_out_inferred__14/sum0_i_85/O
                         net (fo=1, routed)           0.000    14.760    cnn_accelerator_design_i/cnn_accelerator_0/inst/p_0_out_inferred__14/sum0_i_85_n_0
    SLICE_X65Y3          MUXF7 (Prop_muxf7_I1_O)      0.217    14.977 r  cnn_accelerator_design_i/cnn_accelerator_0/inst/p_0_out_inferred__14/sum0_i_45/O
                         net (fo=1, routed)           0.962    15.939    cnn_accelerator_design_i/cnn_accelerator_0/inst/p_0_out_inferred__14/sum0_i_45_n_0
    SLICE_X56Y5          LUT6 (Prop_lut6_I1_O)        0.299    16.238 r  cnn_accelerator_design_i/cnn_accelerator_0/inst/p_0_out_inferred__14/sum0_i_3/O
                         net (fo=10, routed)          2.184    18.422    cnn_accelerator_design_i/cnn_accelerator_0/inst/p_0_out_inferred__14/sum0_i_3_n_0
    DSP48_X1Y4           DSP48E1                                      r  cnn_accelerator_design_i/cnn_accelerator_0/inst/sum0/B[12]
  -------------------------------------------------------------------    -------------------

                         (clock clk_fpga_0 rise edge)
                                                     20.000    20.000 r  
    PS7_X0Y0             PS7                          0.000    20.000 r  cnn_accelerator_design_i/processing_system7_0/inst/PS7_i/FCLKCLK[0]
                         net (fo=1, routed)           1.088    21.088    cnn_accelerator_design_i/processing_system7_0/inst/FCLK_CLK_unbuffered[0]
    BUFGCTRL_X0Y16       BUFG (Prop_bufg_I_O)         0.091    21.179 r  cnn_accelerator_design_i/processing_system7_0/inst/buffer_fclk_clk_0.FCLK_CLK_0_BUFG/O
                         net (fo=15024, routed)       1.666    22.845    cnn_accelerator_design_i/cnn_accelerator_0/inst/aclk
    DSP48_X1Y4           DSP48E1                                      r  cnn_accelerator_design_i/cnn_accelerator_0/inst/sum0/CLK
                         clock pessimism              0.230    23.075    
                         clock uncertainty           -0.302    22.772    
    DSP48_X1Y4           DSP48E1 (Setup_dsp48e1_CLK_B[12])
                                                     -0.450    22.322    cnn_accelerator_design_i/cnn_accelerator_0/inst/sum0
  -------------------------------------------------------------------
                         required time                         22.322    
                         arrival time                         -18.422    
  -------------------------------------------------------------------
                         slack                                  3.900    

Slack (MET) :             3.900ns  (required time - arrival time)
  Source:                 cnn_accelerator_design_i/cnn_accelerator_0/inst/oc_reg[2]/C
                            (rising edge-triggered cell FDRE clocked by clk_fpga_0  {rise@0.000ns fall@10.000ns period=20.000ns})
  Destination:            cnn_accelerator_design_i/cnn_accelerator_0/inst/sum0/B[13]
                            (rising edge-triggered cell DSP48E1 clocked by clk_fpga_0  {rise@0.000ns fall@10.000ns period=20.000ns})
  Path Group:             clk_fpga_0
  Path Type:              Setup (Max at Slow Process Corner)
  Requirement:            20.000ns  (clk_fpga_0 rise@20.000ns - clk_fpga_0 rise@0.000ns)
  Data Path Delay:        15.480ns  (logic 5.286ns (34.147%)  route 10.194ns (65.853%))
  Logic Levels:           15  (CARRY4=4 LUT3=2 LUT4=1 LUT5=1 LUT6=5 MUXF7=2)
  Clock Path Skew:        0.133ns (DCD - SCD + CPR)
    Destination Clock Delay (DCD):    2.845ns = ( 22.845 - 20.000 ) 
    Source Clock Delay      (SCD):    2.942ns
    Clock Pessimism Removal (CPR):    0.230ns
  Clock Uncertainty:      0.302ns  ((TSJ^2 + TIJ^2)^1/2 + DJ) / 2 + PE
    Total System Jitter     (TSJ):    0.071ns
    Total Input Jitter      (TIJ):    0.600ns
    Discrete Jitter          (DJ):    0.000ns
    Phase Error              (PE):    0.000ns

    Location             Delay type                Incr(ns)  Path(ns)    Netlist Resource(s)
  -------------------------------------------------------------------    -------------------
                         (clock clk_fpga_0 rise edge)
                                                      0.000     0.000 r  
    PS7_X0Y0             PS7                          0.000     0.000 r  cnn_accelerator_design_i/processing_system7_0/inst/PS7_i/FCLKCLK[0]
                         net (fo=1, routed)           1.193     1.193    cnn_accelerator_design_i/processing_system7_0/inst/FCLK_CLK_unbuffered[0]
    BUFGCTRL_X0Y16       BUFG (Prop_bufg_I_O)         0.101     1.294 r  cnn_accelerator_design_i/processing_system7_0/inst/buffer_fclk_clk_0.FCLK_CLK_0_BUFG/O
                         net (fo=15024, routed)       1.648     2.942    cnn_accelerator_design_i/cnn_accelerator_0/inst/aclk
    SLICE_X43Y24         FDRE                                         r  cnn_accelerator_design_i/cnn_accelerator_0/inst/oc_reg[2]/C
  -------------------------------------------------------------------    -------------------
    SLICE_X43Y24         FDRE (Prop_fdre_C_Q)         0.456     3.398 r  cnn_accelerator_design_i/cnn_accelerator_0/inst/oc_reg[2]/Q
                         net (fo=53, routed)          1.211     4.609    cnn_accelerator_design_i/cnn_accelerator_0/inst/oc_reg_n_0_[2]
    SLICE_X43Y22         LUT4 (Prop_lut4_I1_O)        0.152     4.761 r  cnn_accelerator_design_i/cnn_accelerator_0/inst/sum0_i_1101/O
                         net (fo=2, routed)           0.691     5.452    cnn_accelerator_design_i/cnn_accelerator_0/inst/sum0_i_1101_n_0
    SLICE_X39Y16         LUT6 (Prop_lut6_I0_O)        0.332     5.784 r  cnn_accelerator_design_i/cnn_accelerator_0/inst/sum0_i_1104/O
                         net (fo=1, routed)           0.000     5.784    cnn_accelerator_design_i/cnn_accelerator_0/inst/sum0_i_1104_n_0
    SLICE_X39Y16         CARRY4 (Prop_carry4_S[1]_O[2])
                                                      0.580     6.364 r  cnn_accelerator_design_i/cnn_accelerator_0/inst/sum0_i_579/O[2]
                         net (fo=1, routed)           0.311     6.675    cnn_accelerator_design_i/cnn_accelerator_0/inst/sum0_i_579_n_5
    SLICE_X40Y16         CARRY4 (Prop_carry4_S[1]_O[2])
                                                      0.882     7.557 r  cnn_accelerator_design_i/cnn_accelerator_0/inst/sum0_i_226/O[2]
                         net (fo=2, routed)           0.437     7.995    cnn_accelerator_design_i/cnn_accelerator_0/inst/sum0_i_226_n_5
    SLICE_X43Y16         LUT6 (Prop_lut6_I5_O)        0.302     8.297 r  cnn_accelerator_design_i/cnn_accelerator_0/inst/sum0_i_218/O
                         net (fo=2, routed)           0.448     8.745    cnn_accelerator_design_i/cnn_accelerator_0/inst/sum0_i_218_n_0
    SLICE_X41Y16         LUT3 (Prop_lut3_I0_O)        0.124     8.869 r  cnn_accelerator_design_i/cnn_accelerator_0/inst/sum0_i_222/O
                         net (fo=1, routed)           0.000     8.869    cnn_accelerator_design_i/cnn_accelerator_0/inst/sum0_i_222_n_0
    SLICE_X41Y16         CARRY4 (Prop_carry4_S[3]_CO[3])
                                                      0.401     9.270 r  cnn_accelerator_design_i/cnn_accelerator_0/inst/sum0_i_104/CO[3]
                         net (fo=1, routed)           0.000     9.270    cnn_accelerator_design_i/cnn_accelerator_0/inst/sum0_i_104_n_0
    SLICE_X41Y17         CARRY4 (Prop_carry4_CI_O[2])
                                                      0.239     9.509 r  cnn_accelerator_design_i/cnn_accelerator_0/inst/sum0_i_55/O[2]
                         net (fo=8, routed)           1.351    10.860    cnn_accelerator_design_i/cnn_accelerator_0/inst/wgt_val2[10]
    SLICE_X51Y11         LUT3 (Prop_lut3_I2_O)        0.330    11.190 r  cnn_accelerator_design_i/cnn_accelerator_0/inst/sum0_i_993/O
                         net (fo=133, routed)         1.378    12.568    cnn_accelerator_design_i/cnn_accelerator_0/inst/sum0_i_993_n_0
    SLICE_X67Y2          LUT6 (Prop_lut6_I1_O)        0.332    12.900 r  cnn_accelerator_design_i/cnn_accelerator_0/inst/p_0_out_inferred__14/sum0_i_1013/O
                         net (fo=1, routed)           0.000    12.900    cnn_accelerator_design_i/cnn_accelerator_0/inst/p_0_out_inferred__14/sum0_i_1013_n_0
    SLICE_X67Y2          MUXF7 (Prop_muxf7_I1_O)      0.217    13.117 r  cnn_accelerator_design_i/cnn_accelerator_0/inst/p_0_out_inferred__14/sum0_i_466/O
                         net (fo=2, routed)           0.442    13.559    cnn_accelerator_design_i/cnn_accelerator_0/inst/p_0_out_inferred__14/sum0_i_466_n_0
    SLICE_X68Y2          LUT5 (Prop_lut5_I4_O)        0.299    13.858 r  cnn_accelerator_design_i/cnn_accelerator_0/inst/p_0_out_inferred__14/sum0_i_171/O
                         net (fo=1, routed)           0.778    14.636    cnn_accelerator_design_i/cnn_accelerator_0/inst/p_0_out_inferred__14/sum0_i_171_n_0
    SLICE_X65Y3          LUT6 (Prop_lut6_I0_O)        0.124    14.760 r  cnn_accelerator_design_i/cnn_accelerator_0/inst/p_0_out_inferred__14/sum0_i_85/O
                         net (fo=1, routed)           0.000    14.760    cnn_accelerator_design_i/cnn_accelerator_0/inst/p_0_out_inferred__14/sum0_i_85_n_0
    SLICE_X65Y3          MUXF7 (Prop_muxf7_I1_O)      0.217    14.977 r  cnn_accelerator_design_i/cnn_accelerator_0/inst/p_0_out_inferred__14/sum0_i_45/O
                         net (fo=1, routed)           0.962    15.939    cnn_accelerator_design_i/cnn_accelerator_0/inst/p_0_out_inferred__14/sum0_i_45_n_0
    SLICE_X56Y5          LUT6 (Prop_lut6_I1_O)        0.299    16.238 r  cnn_accelerator_design_i/cnn_accelerator_0/inst/p_0_out_inferred__14/sum0_i_3/O
                         net (fo=10, routed)          2.184    18.422    cnn_accelerator_design_i/cnn_accelerator_0/inst/p_0_out_inferred__14/sum0_i_3_n_0
    DSP48_X1Y4           DSP48E1                                      r  cnn_accelerator_design_i/cnn_accelerator_0/inst/sum0/B[13]
  -------------------------------------------------------------------    -------------------

                         (clock clk_fpga_0 rise edge)
                                                     20.000    20.000 r  
    PS7_X0Y0             PS7                          0.000    20.000 r  cnn_accelerator_design_i/processing_system7_0/inst/PS7_i/FCLKCLK[0]
                         net (fo=1, routed)           1.088    21.088    cnn_accelerator_design_i/processing_system7_0/inst/FCLK_CLK_unbuffered[0]
    BUFGCTRL_X0Y16       BUFG (Prop_bufg_I_O)         0.091    21.179 r  cnn_accelerator_design_i/processing_system7_0/inst/buffer_fclk_clk_0.FCLK_CLK_0_BUFG/O
                         net (fo=15024, routed)       1.666    22.845    cnn_accelerator_design_i/cnn_accelerator_0/inst/aclk
    DSP48_X1Y4           DSP48E1                                      r  cnn_accelerator_design_i/cnn_accelerator_0/inst/sum0/CLK
                         clock pessimism              0.230    23.075    
                         clock uncertainty           -0.302    22.772    
    DSP48_X1Y4           DSP48E1 (Setup_dsp48e1_CLK_B[13])
                                                     -0.450    22.322    cnn_accelerator_design_i/cnn_accelerator_0/inst/sum0
  -------------------------------------------------------------------
                         required time                         22.322    
                         arrival time                         -18.422    
  -------------------------------------------------------------------
                         slack                                  3.900    

Slack (MET) :             3.960ns  (required time - arrival time)
  Source:                 cnn_accelerator_design_i/cnn_accelerator_0/inst/oc_reg[2]/C
                            (rising edge-triggered cell FDRE clocked by clk_fpga_0  {rise@0.000ns fall@10.000ns period=20.000ns})
  Destination:            cnn_accelerator_design_i/cnn_accelerator_0/inst/sum0/B[10]
                            (rising edge-triggered cell DSP48E1 clocked by clk_fpga_0  {rise@0.000ns fall@10.000ns period=20.000ns})
  Path Group:             clk_fpga_0
  Path Type:              Setup (Max at Slow Process Corner)
  Requirement:            20.000ns  (clk_fpga_0 rise@20.000ns - clk_fpga_0 rise@0.000ns)
  Data Path Delay:        15.420ns  (logic 5.286ns (34.280%)  route 10.134ns (65.720%))
  Logic Levels:           15  (CARRY4=4 LUT3=2 LUT4=1 LUT5=1 LUT6=5 MUXF7=2)
  Clock Path Skew:        0.133ns (DCD - SCD + CPR)
    Destination Clock Delay (DCD):    2.845ns = ( 22.845 - 20.000 ) 
    Source Clock Delay      (SCD):    2.942ns
    Clock Pessimism Removal (CPR):    0.230ns
  Clock Uncertainty:      0.302ns  ((TSJ^2 + TIJ^2)^1/2 + DJ) / 2 + PE
    Total System Jitter     (TSJ):    0.071ns
    Total Input Jitter      (TIJ):    0.600ns
    Discrete Jitter          (DJ):    0.000ns
    Phase Error              (PE):    0.000ns

    Location             Delay type                Incr(ns)  Path(ns)    Netlist Resource(s)
  -------------------------------------------------------------------    -------------------
                         (clock clk_fpga_0 rise edge)
                                                      0.000     0.000 r  
    PS7_X0Y0             PS7                          0.000     0.000 r  cnn_accelerator_design_i/processing_system7_0/inst/PS7_i/FCLKCLK[0]
                         net (fo=1, routed)           1.193     1.193    cnn_accelerator_design_i/processing_system7_0/inst/FCLK_CLK_unbuffered[0]
    BUFGCTRL_X0Y16       BUFG (Prop_bufg_I_O)         0.101     1.294 r  cnn_accelerator_design_i/processing_system7_0/inst/buffer_fclk_clk_0.FCLK_CLK_0_BUFG/O
                         net (fo=15024, routed)       1.648     2.942    cnn_accelerator_design_i/cnn_accelerator_0/inst/aclk
    SLICE_X43Y24         FDRE                                         r  cnn_accelerator_design_i/cnn_accelerator_0/inst/oc_reg[2]/C
  -------------------------------------------------------------------    -------------------
    SLICE_X43Y24         FDRE (Prop_fdre_C_Q)         0.456     3.398 r  cnn_accelerator_design_i/cnn_accelerator_0/inst/oc_reg[2]/Q
                         net (fo=53, routed)          1.211     4.609    cnn_accelerator_design_i/cnn_accelerator_0/inst/oc_reg_n_0_[2]
    SLICE_X43Y22         LUT4 (Prop_lut4_I1_O)        0.152     4.761 r  cnn_accelerator_design_i/cnn_accelerator_0/inst/sum0_i_1101/O
                         net (fo=2, routed)           0.691     5.452    cnn_accelerator_design_i/cnn_accelerator_0/inst/sum0_i_1101_n_0
    SLICE_X39Y16         LUT6 (Prop_lut6_I0_O)        0.332     5.784 r  cnn_accelerator_design_i/cnn_accelerator_0/inst/sum0_i_1104/O
                         net (fo=1, routed)           0.000     5.784    cnn_accelerator_design_i/cnn_accelerator_0/inst/sum0_i_1104_n_0
    SLICE_X39Y16         CARRY4 (Prop_carry4_S[1]_O[2])
                                                      0.580     6.364 r  cnn_accelerator_design_i/cnn_accelerator_0/inst/sum0_i_579/O[2]
                         net (fo=1, routed)           0.311     6.675    cnn_accelerator_design_i/cnn_accelerator_0/inst/sum0_i_579_n_5
    SLICE_X40Y16         CARRY4 (Prop_carry4_S[1]_O[2])
                                                      0.882     7.557 r  cnn_accelerator_design_i/cnn_accelerator_0/inst/sum0_i_226/O[2]
                         net (fo=2, routed)           0.437     7.995    cnn_accelerator_design_i/cnn_accelerator_0/inst/sum0_i_226_n_5
    SLICE_X43Y16         LUT6 (Prop_lut6_I5_O)        0.302     8.297 r  cnn_accelerator_design_i/cnn_accelerator_0/inst/sum0_i_218/O
                         net (fo=2, routed)           0.448     8.745    cnn_accelerator_design_i/cnn_accelerator_0/inst/sum0_i_218_n_0
    SLICE_X41Y16         LUT3 (Prop_lut3_I0_O)        0.124     8.869 r  cnn_accelerator_design_i/cnn_accelerator_0/inst/sum0_i_222/O
                         net (fo=1, routed)           0.000     8.869    cnn_accelerator_design_i/cnn_accelerator_0/inst/sum0_i_222_n_0
    SLICE_X41Y16         CARRY4 (Prop_carry4_S[3]_CO[3])
                                                      0.401     9.270 r  cnn_accelerator_design_i/cnn_accelerator_0/inst/sum0_i_104/CO[3]
                         net (fo=1, routed)           0.000     9.270    cnn_accelerator_design_i/cnn_accelerator_0/inst/sum0_i_104_n_0
    SLICE_X41Y17         CARRY4 (Prop_carry4_CI_O[2])
                                                      0.239     9.509 r  cnn_accelerator_design_i/cnn_accelerator_0/inst/sum0_i_55/O[2]
                         net (fo=8, routed)           1.351    10.860    cnn_accelerator_design_i/cnn_accelerator_0/inst/wgt_val2[10]
    SLICE_X51Y11         LUT3 (Prop_lut3_I2_O)        0.330    11.190 r  cnn_accelerator_design_i/cnn_accelerator_0/inst/sum0_i_993/O
                         net (fo=133, routed)         1.378    12.568    cnn_accelerator_design_i/cnn_accelerator_0/inst/sum0_i_993_n_0
    SLICE_X67Y2          LUT6 (Prop_lut6_I1_O)        0.332    12.900 r  cnn_accelerator_design_i/cnn_accelerator_0/inst/p_0_out_inferred__14/sum0_i_1013/O
                         net (fo=1, routed)           0.000    12.900    cnn_accelerator_design_i/cnn_accelerator_0/inst/p_0_out_inferred__14/sum0_i_1013_n_0
    SLICE_X67Y2          MUXF7 (Prop_muxf7_I1_O)      0.217    13.117 r  cnn_accelerator_design_i/cnn_accelerator_0/inst/p_0_out_inferred__14/sum0_i_466/O
                         net (fo=2, routed)           0.442    13.559    cnn_accelerator_design_i/cnn_accelerator_0/inst/p_0_out_inferred__14/sum0_i_466_n_0
    SLICE_X68Y2          LUT5 (Prop_lut5_I4_O)        0.299    13.858 r  cnn_accelerator_design_i/cnn_accelerator_0/inst/p_0_out_inferred__14/sum0_i_171/O
                         net (fo=1, routed)           0.778    14.636    cnn_accelerator_design_i/cnn_accelerator_0/inst/p_0_out_inferred__14/sum0_i_171_n_0
    SLICE_X65Y3          LUT6 (Prop_lut6_I0_O)        0.124    14.760 r  cnn_accelerator_design_i/cnn_accelerator_0/inst/p_0_out_inferred__14/sum0_i_85/O
                         net (fo=1, routed)           0.000    14.760    cnn_accelerator_design_i/cnn_accelerator_0/inst/p_0_out_inferred__14/sum0_i_85_n_0
    SLICE_X65Y3          MUXF7 (Prop_muxf7_I1_O)      0.217    14.977 r  cnn_accelerator_design_i/cnn_accelerator_0/inst/p_0_out_inferred__14/sum0_i_45/O
                         net (fo=1, routed)           0.962    15.939    cnn_accelerator_design_i/cnn_accelerator_0/inst/p_0_out_inferred__14/sum0_i_45_n_0
    SLICE_X56Y5          LUT6 (Prop_lut6_I1_O)        0.299    16.238 r  cnn_accelerator_design_i/cnn_accelerator_0/inst/p_0_out_inferred__14/sum0_i_3/O
                         net (fo=10, routed)          2.124    18.362    cnn_accelerator_design_i/cnn_accelerator_0/inst/p_0_out_inferred__14/sum0_i_3_n_0
    DSP48_X1Y4           DSP48E1                                      r  cnn_accelerator_design_i/cnn_accelerator_0/inst/sum0/B[10]
  -------------------------------------------------------------------    -------------------

                         (clock clk_fpga_0 rise edge)
                                                     20.000    20.000 r  
    PS7_X0Y0             PS7                          0.000    20.000 r  cnn_accelerator_design_i/processing_system7_0/inst/PS7_i/FCLKCLK[0]
                         net (fo=1, routed)           1.088    21.088    cnn_accelerator_design_i/processing_system7_0/inst/FCLK_CLK_unbuffered[0]
    BUFGCTRL_X0Y16       BUFG (Prop_bufg_I_O)         0.091    21.179 r  cnn_accelerator_design_i/processing_system7_0/inst/buffer_fclk_clk_0.FCLK_CLK_0_BUFG/O
                         net (fo=15024, routed)       1.666    22.845    cnn_accelerator_design_i/cnn_accelerator_0/inst/aclk
    DSP48_X1Y4           DSP48E1                                      r  cnn_accelerator_design_i/cnn_accelerator_0/inst/sum0/CLK
                         clock pessimism              0.230    23.075    
                         clock uncertainty           -0.302    22.772    
    DSP48_X1Y4           DSP48E1 (Setup_dsp48e1_CLK_B[10])
                                                     -0.450    22.322    cnn_accelerator_design_i/cnn_accelerator_0/inst/sum0
  -------------------------------------------------------------------
                         required time                         22.322    
                         arrival time                         -18.362    
  -------------------------------------------------------------------
                         slack                                  3.960    

Slack (MET) :             3.975ns  (required time - arrival time)
  Source:                 cnn_accelerator_design_i/cnn_accelerator_0/inst/oc_reg[2]/C
                            (rising edge-triggered cell FDRE clocked by clk_fpga_0  {rise@0.000ns fall@10.000ns period=20.000ns})
  Destination:            cnn_accelerator_design_i/cnn_accelerator_0/inst/sum0/B[16]
                            (rising edge-triggered cell DSP48E1 clocked by clk_fpga_0  {rise@0.000ns fall@10.000ns period=20.000ns})
  Path Group:             clk_fpga_0
  Path Type:              Setup (Max at Slow Process Corner)
  Requirement:            20.000ns  (clk_fpga_0 rise@20.000ns - clk_fpga_0 rise@0.000ns)
  Data Path Delay:        15.406ns  (logic 5.286ns (34.312%)  route 10.120ns (65.688%))
  Logic Levels:           15  (CARRY4=4 LUT3=2 LUT4=1 LUT5=1 LUT6=5 MUXF7=2)
  Clock Path Skew:        0.133ns (DCD - SCD + CPR)
    Destination Clock Delay (DCD):    2.845ns = ( 22.845 - 20.000 ) 
    Source Clock Delay      (SCD):    2.942ns
    Clock Pessimism Removal (CPR):    0.230ns
  Clock Uncertainty:      0.302ns  ((TSJ^2 + TIJ^2)^1/2 + DJ) / 2 + PE
    Total System Jitter     (TSJ):    0.071ns
    Total Input Jitter      (TIJ):    0.600ns
    Discrete Jitter          (DJ):    0.000ns
    Phase Error              (PE):    0.000ns

    Location             Delay type                Incr(ns)  Path(ns)    Netlist Resource(s)
  -------------------------------------------------------------------    -------------------
                         (clock clk_fpga_0 rise edge)
                                                      0.000     0.000 r  
    PS7_X0Y0             PS7                          0.000     0.000 r  cnn_accelerator_design_i/processing_system7_0/inst/PS7_i/FCLKCLK[0]
                         net (fo=1, routed)           1.193     1.193    cnn_accelerator_design_i/processing_system7_0/inst/FCLK_CLK_unbuffered[0]
    BUFGCTRL_X0Y16       BUFG (Prop_bufg_I_O)         0.101     1.294 r  cnn_accelerator_design_i/processing_system7_0/inst/buffer_fclk_clk_0.FCLK_CLK_0_BUFG/O
                         net (fo=15024, routed)       1.648     2.942    cnn_accelerator_design_i/cnn_accelerator_0/inst/aclk
    SLICE_X43Y24         FDRE                                         r  cnn_accelerator_design_i/cnn_accelerator_0/inst/oc_reg[2]/C
  -------------------------------------------------------------------    -------------------
    SLICE_X43Y24         FDRE (Prop_fdre_C_Q)         0.456     3.398 r  cnn_accelerator_design_i/cnn_accelerator_0/inst/oc_reg[2]/Q
                         net (fo=53, routed)          1.211     4.609    cnn_accelerator_design_i/cnn_accelerator_0/inst/oc_reg_n_0_[2]
    SLICE_X43Y22         LUT4 (Prop_lut4_I1_O)        0.152     4.761 r  cnn_accelerator_design_i/cnn_accelerator_0/inst/sum0_i_1101/O
                         net (fo=2, routed)           0.691     5.452    cnn_accelerator_design_i/cnn_accelerator_0/inst/sum0_i_1101_n_0
    SLICE_X39Y16         LUT6 (Prop_lut6_I0_O)        0.332     5.784 r  cnn_accelerator_design_i/cnn_accelerator_0/inst/sum0_i_1104/O
                         net (fo=1, routed)           0.000     5.784    cnn_accelerator_design_i/cnn_accelerator_0/inst/sum0_i_1104_n_0
    SLICE_X39Y16         CARRY4 (Prop_carry4_S[1]_O[2])
                                                      0.580     6.364 r  cnn_accelerator_design_i/cnn_accelerator_0/inst/sum0_i_579/O[2]
                         net (fo=1, routed)           0.311     6.675    cnn_accelerator_design_i/cnn_accelerator_0/inst/sum0_i_579_n_5
    SLICE_X40Y16         CARRY4 (Prop_carry4_S[1]_O[2])
                                                      0.882     7.557 r  cnn_accelerator_design_i/cnn_accelerator_0/inst/sum0_i_226/O[2]
                         net (fo=2, routed)           0.437     7.995    cnn_accelerator_design_i/cnn_accelerator_0/inst/sum0_i_226_n_5
    SLICE_X43Y16         LUT6 (Prop_lut6_I5_O)        0.302     8.297 r  cnn_accelerator_design_i/cnn_accelerator_0/inst/sum0_i_218/O
                         net (fo=2, routed)           0.448     8.745    cnn_accelerator_design_i/cnn_accelerator_0/inst/sum0_i_218_n_0
    SLICE_X41Y16         LUT3 (Prop_lut3_I0_O)        0.124     8.869 r  cnn_accelerator_design_i/cnn_accelerator_0/inst/sum0_i_222/O
                         net (fo=1, routed)           0.000     8.869    cnn_accelerator_design_i/cnn_accelerator_0/inst/sum0_i_222_n_0
    SLICE_X41Y16         CARRY4 (Prop_carry4_S[3]_CO[3])
                                                      0.401     9.270 r  cnn_accelerator_design_i/cnn_accelerator_0/inst/sum0_i_104/CO[3]
                         net (fo=1, routed)           0.000     9.270    cnn_accelerator_design_i/cnn_accelerator_0/inst/sum0_i_104_n_0
    SLICE_X41Y17         CARRY4 (Prop_carry4_CI_O[2])
                                                      0.239     9.509 r  cnn_accelerator_design_i/cnn_accelerator_0/inst/sum0_i_55/O[2]
                         net (fo=8, routed)           1.351    10.860    cnn_accelerator_design_i/cnn_accelerator_0/inst/wgt_val2[10]
    SLICE_X51Y11         LUT3 (Prop_lut3_I2_O)        0.330    11.190 r  cnn_accelerator_design_i/cnn_accelerator_0/inst/sum0_i_993/O
                         net (fo=133, routed)         1.378    12.568    cnn_accelerator_design_i/cnn_accelerator_0/inst/sum0_i_993_n_0
    SLICE_X67Y2          LUT6 (Prop_lut6_I1_O)        0.332    12.900 r  cnn_accelerator_design_i/cnn_accelerator_0/inst/p_0_out_inferred__14/sum0_i_1013/O
                         net (fo=1, routed)           0.000    12.900    cnn_accelerator_design_i/cnn_accelerator_0/inst/p_0_out_inferred__14/sum0_i_1013_n_0
    SLICE_X67Y2          MUXF7 (Prop_muxf7_I1_O)      0.217    13.117 r  cnn_accelerator_design_i/cnn_accelerator_0/inst/p_0_out_inferred__14/sum0_i_466/O
                         net (fo=2, routed)           0.442    13.559    cnn_accelerator_design_i/cnn_accelerator_0/inst/p_0_out_inferred__14/sum0_i_466_n_0
    SLICE_X68Y2          LUT5 (Prop_lut5_I4_O)        0.299    13.858 r  cnn_accelerator_design_i/cnn_accelerator_0/inst/p_0_out_inferred__14/sum0_i_171/O
                         net (fo=1, routed)           0.778    14.636    cnn_accelerator_design_i/cnn_accelerator_0/inst/p_0_out_inferred__14/sum0_i_171_n_0
    SLICE_X65Y3          LUT6 (Prop_lut6_I0_O)        0.124    14.760 r  cnn_accelerator_design_i/cnn_accelerator_0/inst/p_0_out_inferred__14/sum0_i_85/O
                         net (fo=1, routed)           0.000    14.760    cnn_accelerator_design_i/cnn_accelerator_0/inst/p_0_out_inferred__14/sum0_i_85_n_0
    SLICE_X65Y3          MUXF7 (Prop_muxf7_I1_O)      0.217    14.977 r  cnn_accelerator_design_i/cnn_accelerator_0/inst/p_0_out_inferred__14/sum0_i_45/O
                         net (fo=1, routed)           0.962    15.939    cnn_accelerator_design_i/cnn_accelerator_0/inst/p_0_out_inferred__14/sum0_i_45_n_0
    SLICE_X56Y5          LUT6 (Prop_lut6_I1_O)        0.299    16.238 r  cnn_accelerator_design_i/cnn_accelerator_0/inst/p_0_out_inferred__14/sum0_i_3/O
                         net (fo=10, routed)          2.110    18.348    cnn_accelerator_design_i/cnn_accelerator_0/inst/p_0_out_inferred__14/sum0_i_3_n_0
    DSP48_X1Y4           DSP48E1                                      r  cnn_accelerator_design_i/cnn_accelerator_0/inst/sum0/B[16]
  -------------------------------------------------------------------    -------------------

                         (clock clk_fpga_0 rise edge)
                                                     20.000    20.000 r  
    PS7_X0Y0             PS7                          0.000    20.000 r  cnn_accelerator_design_i/processing_system7_0/inst/PS7_i/FCLKCLK[0]
                         net (fo=1, routed)           1.088    21.088    cnn_accelerator_design_i/processing_system7_0/inst/FCLK_CLK_unbuffered[0]
    BUFGCTRL_X0Y16       BUFG (Prop_bufg_I_O)         0.091    21.179 r  cnn_accelerator_design_i/processing_system7_0/inst/buffer_fclk_clk_0.FCLK_CLK_0_BUFG/O
                         net (fo=15024, routed)       1.666    22.845    cnn_accelerator_design_i/cnn_accelerator_0/inst/aclk
    DSP48_X1Y4           DSP48E1                                      r  cnn_accelerator_design_i/cnn_accelerator_0/inst/sum0/CLK
                         clock pessimism              0.230    23.075    
                         clock uncertainty           -0.302    22.772    
    DSP48_X1Y4           DSP48E1 (Setup_dsp48e1_CLK_B[16])
                                                     -0.450    22.322    cnn_accelerator_design_i/cnn_accelerator_0/inst/sum0
  -------------------------------------------------------------------
                         required time                         22.322    
                         arrival time                         -18.348    
  -------------------------------------------------------------------
                         slack                                  3.975    

Slack (MET) :             3.975ns  (required time - arrival time)
  Source:                 cnn_accelerator_design_i/cnn_accelerator_0/inst/oc_reg[2]/C
                            (rising edge-triggered cell FDRE clocked by clk_fpga_0  {rise@0.000ns fall@10.000ns period=20.000ns})
  Destination:            cnn_accelerator_design_i/cnn_accelerator_0/inst/sum0/B[17]
                            (rising edge-triggered cell DSP48E1 clocked by clk_fpga_0  {rise@0.000ns fall@10.000ns period=20.000ns})
  Path Group:             clk_fpga_0
  Path Type:              Setup (Max at Slow Process Corner)
  Requirement:            20.000ns  (clk_fpga_0 rise@20.000ns - clk_fpga_0 rise@0.000ns)
  Data Path Delay:        15.406ns  (logic 5.286ns (34.312%)  route 10.120ns (65.688%))
  Logic Levels:           15  (CARRY4=4 LUT3=2 LUT4=1 LUT5=1 LUT6=5 MUXF7=2)
  Clock Path Skew:        0.133ns (DCD - SCD + CPR)
    Destination Clock Delay (DCD):    2.845ns = ( 22.845 - 20.000 ) 
    Source Clock Delay      (SCD):    2.942ns
    Clock Pessimism Removal (CPR):    0.230ns
  Clock Uncertainty:      0.302ns  ((TSJ^2 + TIJ^2)^1/2 + DJ) / 2 + PE
    Total System Jitter     (TSJ):    0.071ns
    Total Input Jitter      (TIJ):    0.600ns
    Discrete Jitter          (DJ):    0.000ns
    Phase Error              (PE):    0.000ns

    Location             Delay type                Incr(ns)  Path(ns)    Netlist Resource(s)
  -------------------------------------------------------------------    -------------------
                         (clock clk_fpga_0 rise edge)
                                                      0.000     0.000 r  
    PS7_X0Y0             PS7                          0.000     0.000 r  cnn_accelerator_design_i/processing_system7_0/inst/PS7_i/FCLKCLK[0]
                         net (fo=1, routed)           1.193     1.193    cnn_accelerator_design_i/processing_system7_0/inst/FCLK_CLK_unbuffered[0]
    BUFGCTRL_X0Y16       BUFG (Prop_bufg_I_O)         0.101     1.294 r  cnn_accelerator_design_i/processing_system7_0/inst/buffer_fclk_clk_0.FCLK_CLK_0_BUFG/O
                         net (fo=15024, routed)       1.648     2.942    cnn_accelerator_design_i/cnn_accelerator_0/inst/aclk
    SLICE_X43Y24         FDRE                                         r  cnn_accelerator_design_i/cnn_accelerator_0/inst/oc_reg[2]/C
  -------------------------------------------------------------------    -------------------
    SLICE_X43Y24         FDRE (Prop_fdre_C_Q)         0.456     3.398 r  cnn_accelerator_design_i/cnn_accelerator_0/inst/oc_reg[2]/Q
                         net (fo=53, routed)          1.211     4.609    cnn_accelerator_design_i/cnn_accelerator_0/inst/oc_reg_n_0_[2]
    SLICE_X43Y22         LUT4 (Prop_lut4_I1_O)        0.152     4.761 r  cnn_accelerator_design_i/cnn_accelerator_0/inst/sum0_i_1101/O
                         net (fo=2, routed)           0.691     5.452    cnn_accelerator_design_i/cnn_accelerator_0/inst/sum0_i_1101_n_0
    SLICE_X39Y16         LUT6 (Prop_lut6_I0_O)        0.332     5.784 r  cnn_accelerator_design_i/cnn_accelerator_0/inst/sum0_i_1104/O
                         net (fo=1, routed)           0.000     5.784    cnn_accelerator_design_i/cnn_accelerator_0/inst/sum0_i_1104_n_0
    SLICE_X39Y16         CARRY4 (Prop_carry4_S[1]_O[2])
                                                      0.580     6.364 r  cnn_accelerator_design_i/cnn_accelerator_0/inst/sum0_i_579/O[2]
                         net (fo=1, routed)           0.311     6.675    cnn_accelerator_design_i/cnn_accelerator_0/inst/sum0_i_579_n_5
    SLICE_X40Y16         CARRY4 (Prop_carry4_S[1]_O[2])
                                                      0.882     7.557 r  cnn_accelerator_design_i/cnn_accelerator_0/inst/sum0_i_226/O[2]
                         net (fo=2, routed)           0.437     7.995    cnn_accelerator_design_i/cnn_accelerator_0/inst/sum0_i_226_n_5
    SLICE_X43Y16         LUT6 (Prop_lut6_I5_O)        0.302     8.297 r  cnn_accelerator_design_i/cnn_accelerator_0/inst/sum0_i_218/O
                         net (fo=2, routed)           0.448     8.745    cnn_accelerator_design_i/cnn_accelerator_0/inst/sum0_i_218_n_0
    SLICE_X41Y16         LUT3 (Prop_lut3_I0_O)        0.124     8.869 r  cnn_accelerator_design_i/cnn_accelerator_0/inst/sum0_i_222/O
                         net (fo=1, routed)           0.000     8.869    cnn_accelerator_design_i/cnn_accelerator_0/inst/sum0_i_222_n_0
    SLICE_X41Y16         CARRY4 (Prop_carry4_S[3]_CO[3])
                                                      0.401     9.270 r  cnn_accelerator_design_i/cnn_accelerator_0/inst/sum0_i_104/CO[3]
                         net (fo=1, routed)           0.000     9.270    cnn_accelerator_design_i/cnn_accelerator_0/inst/sum0_i_104_n_0
    SLICE_X41Y17         CARRY4 (Prop_carry4_CI_O[2])
                                                      0.239     9.509 r  cnn_accelerator_design_i/cnn_accelerator_0/inst/sum0_i_55/O[2]
                         net (fo=8, routed)           1.351    10.860    cnn_accelerator_design_i/cnn_accelerator_0/inst/wgt_val2[10]
    SLICE_X51Y11         LUT3 (Prop_lut3_I2_O)        0.330    11.190 r  cnn_accelerator_design_i/cnn_accelerator_0/inst/sum0_i_993/O
                         net (fo=133, routed)         1.378    12.568    cnn_accelerator_design_i/cnn_accelerator_0/inst/sum0_i_993_n_0
    SLICE_X67Y2          LUT6 (Prop_lut6_I1_O)        0.332    12.900 r  cnn_accelerator_design_i/cnn_accelerator_0/inst/p_0_out_inferred__14/sum0_i_1013/O
                         net (fo=1, routed)           0.000    12.900    cnn_accelerator_design_i/cnn_accelerator_0/inst/p_0_out_inferred__14/sum0_i_1013_n_0
    SLICE_X67Y2          MUXF7 (Prop_muxf7_I1_O)      0.217    13.117 r  cnn_accelerator_design_i/cnn_accelerator_0/inst/p_0_out_inferred__14/sum0_i_466/O
                         net (fo=2, routed)           0.442    13.559    cnn_accelerator_design_i/cnn_accelerator_0/inst/p_0_out_inferred__14/sum0_i_466_n_0
    SLICE_X68Y2          LUT5 (Prop_lut5_I4_O)        0.299    13.858 r  cnn_accelerator_design_i/cnn_accelerator_0/inst/p_0_out_inferred__14/sum0_i_171/O
                         net (fo=1, routed)           0.778    14.636    cnn_accelerator_design_i/cnn_accelerator_0/inst/p_0_out_inferred__14/sum0_i_171_n_0
    SLICE_X65Y3          LUT6 (Prop_lut6_I0_O)        0.124    14.760 r  cnn_accelerator_design_i/cnn_accelerator_0/inst/p_0_out_inferred__14/sum0_i_85/O
                         net (fo=1, routed)           0.000    14.760    cnn_accelerator_design_i/cnn_accelerator_0/inst/p_0_out_inferred__14/sum0_i_85_n_0
    SLICE_X65Y3          MUXF7 (Prop_muxf7_I1_O)      0.217    14.977 r  cnn_accelerator_design_i/cnn_accelerator_0/inst/p_0_out_inferred__14/sum0_i_45/O
                         net (fo=1, routed)           0.962    15.939    cnn_accelerator_design_i/cnn_accelerator_0/inst/p_0_out_inferred__14/sum0_i_45_n_0
    SLICE_X56Y5          LUT6 (Prop_lut6_I1_O)        0.299    16.238 r  cnn_accelerator_design_i/cnn_accelerator_0/inst/p_0_out_inferred__14/sum0_i_3/O
                         net (fo=10, routed)          2.110    18.348    cnn_accelerator_design_i/cnn_accelerator_0/inst/p_0_out_inferred__14/sum0_i_3_n_0
    DSP48_X1Y4           DSP48E1                                      r  cnn_accelerator_design_i/cnn_accelerator_0/inst/sum0/B[17]
  -------------------------------------------------------------------    -------------------

                         (clock clk_fpga_0 rise edge)
                                                     20.000    20.000 r  
    PS7_X0Y0             PS7                          0.000    20.000 r  cnn_accelerator_design_i/processing_system7_0/inst/PS7_i/FCLKCLK[0]
                         net (fo=1, routed)           1.088    21.088    cnn_accelerator_design_i/processing_system7_0/inst/FCLK_CLK_unbuffered[0]
    BUFGCTRL_X0Y16       BUFG (Prop_bufg_I_O)         0.091    21.179 r  cnn_accelerator_design_i/processing_system7_0/inst/buffer_fclk_clk_0.FCLK_CLK_0_BUFG/O
                         net (fo=15024, routed)       1.666    22.845    cnn_accelerator_design_i/cnn_accelerator_0/inst/aclk
    DSP48_X1Y4           DSP48E1                                      r  cnn_accelerator_design_i/cnn_accelerator_0/inst/sum0/CLK
                         clock pessimism              0.230    23.075    
                         clock uncertainty           -0.302    22.772    
    DSP48_X1Y4           DSP48E1 (Setup_dsp48e1_CLK_B[17])
                                                     -0.450    22.322    cnn_accelerator_design_i/cnn_accelerator_0/inst/sum0
  -------------------------------------------------------------------
                         required time                         22.322    
                         arrival time                         -18.348    
  -------------------------------------------------------------------
                         slack                                  3.975    

Slack (MET) :             4.010ns  (required time - arrival time)
  Source:                 cnn_accelerator_design_i/cnn_accelerator_0/inst/oc_reg[2]/C
                            (rising edge-triggered cell FDRE clocked by clk_fpga_0  {rise@0.000ns fall@10.000ns period=20.000ns})
  Destination:            cnn_accelerator_design_i/cnn_accelerator_0/inst/sum0/B[9]
                            (rising edge-triggered cell DSP48E1 clocked by clk_fpga_0  {rise@0.000ns fall@10.000ns period=20.000ns})
  Path Group:             clk_fpga_0
  Path Type:              Setup (Max at Slow Process Corner)
  Requirement:            20.000ns  (clk_fpga_0 rise@20.000ns - clk_fpga_0 rise@0.000ns)
  Data Path Delay:        15.370ns  (logic 5.286ns (34.392%)  route 10.084ns (65.608%))
  Logic Levels:           15  (CARRY4=4 LUT3=2 LUT4=1 LUT5=1 LUT6=5 MUXF7=2)
  Clock Path Skew:        0.133ns (DCD - SCD + CPR)
    Destination Clock Delay (DCD):    2.845ns = ( 22.845 - 20.000 ) 
    Source Clock Delay      (SCD):    2.942ns
    Clock Pessimism Removal (CPR):    0.230ns
  Clock Uncertainty:      0.302ns  ((TSJ^2 + TIJ^2)^1/2 + DJ) / 2 + PE
    Total System Jitter     (TSJ):    0.071ns
    Total Input Jitter      (TIJ):    0.600ns
    Discrete Jitter          (DJ):    0.000ns
    Phase Error              (PE):    0.000ns

    Location             Delay type                Incr(ns)  Path(ns)    Netlist Resource(s)
  -------------------------------------------------------------------    -------------------
                         (clock clk_fpga_0 rise edge)
                                                      0.000     0.000 r  
    PS7_X0Y0             PS7                          0.000     0.000 r  cnn_accelerator_design_i/processing_system7_0/inst/PS7_i/FCLKCLK[0]
                         net (fo=1, routed)           1.193     1.193    cnn_accelerator_design_i/processing_system7_0/inst/FCLK_CLK_unbuffered[0]
    BUFGCTRL_X0Y16       BUFG (Prop_bufg_I_O)         0.101     1.294 r  cnn_accelerator_design_i/processing_system7_0/inst/buffer_fclk_clk_0.FCLK_CLK_0_BUFG/O
                         net (fo=15024, routed)       1.648     2.942    cnn_accelerator_design_i/cnn_accelerator_0/inst/aclk
    SLICE_X43Y24         FDRE                                         r  cnn_accelerator_design_i/cnn_accelerator_0/inst/oc_reg[2]/C
  -------------------------------------------------------------------    -------------------
    SLICE_X43Y24         FDRE (Prop_fdre_C_Q)         0.456     3.398 r  cnn_accelerator_design_i/cnn_accelerator_0/inst/oc_reg[2]/Q
                         net (fo=53, routed)          1.211     4.609    cnn_accelerator_design_i/cnn_accelerator_0/inst/oc_reg_n_0_[2]
    SLICE_X43Y22         LUT4 (Prop_lut4_I1_O)        0.152     4.761 r  cnn_accelerator_design_i/cnn_accelerator_0/inst/sum0_i_1101/O
                         net (fo=2, routed)           0.691     5.452    cnn_accelerator_design_i/cnn_accelerator_0/inst/sum0_i_1101_n_0
    SLICE_X39Y16         LUT6 (Prop_lut6_I0_O)        0.332     5.784 r  cnn_accelerator_design_i/cnn_accelerator_0/inst/sum0_i_1104/O
                         net (fo=1, routed)           0.000     5.784    cnn_accelerator_design_i/cnn_accelerator_0/inst/sum0_i_1104_n_0
    SLICE_X39Y16         CARRY4 (Prop_carry4_S[1]_O[2])
                                                      0.580     6.364 r  cnn_accelerator_design_i/cnn_accelerator_0/inst/sum0_i_579/O[2]
                         net (fo=1, routed)           0.311     6.675    cnn_accelerator_design_i/cnn_accelerator_0/inst/sum0_i_579_n_5
    SLICE_X40Y16         CARRY4 (Prop_carry4_S[1]_O[2])
                                                      0.882     7.557 r  cnn_accelerator_design_i/cnn_accelerator_0/inst/sum0_i_226/O[2]
                         net (fo=2, routed)           0.437     7.995    cnn_accelerator_design_i/cnn_accelerator_0/inst/sum0_i_226_n_5
    SLICE_X43Y16         LUT6 (Prop_lut6_I5_O)        0.302     8.297 r  cnn_accelerator_design_i/cnn_accelerator_0/inst/sum0_i_218/O
                         net (fo=2, routed)           0.448     8.745    cnn_accelerator_design_i/cnn_accelerator_0/inst/sum0_i_218_n_0
    SLICE_X41Y16         LUT3 (Prop_lut3_I0_O)        0.124     8.869 r  cnn_accelerator_design_i/cnn_accelerator_0/inst/sum0_i_222/O
                         net (fo=1, routed)           0.000     8.869    cnn_accelerator_design_i/cnn_accelerator_0/inst/sum0_i_222_n_0
    SLICE_X41Y16         CARRY4 (Prop_carry4_S[3]_CO[3])
                                                      0.401     9.270 r  cnn_accelerator_design_i/cnn_accelerator_0/inst/sum0_i_104/CO[3]
                         net (fo=1, routed)           0.000     9.270    cnn_accelerator_design_i/cnn_accelerator_0/inst/sum0_i_104_n_0
    SLICE_X41Y17         CARRY4 (Prop_carry4_CI_O[2])
                                                      0.239     9.509 r  cnn_accelerator_design_i/cnn_accelerator_0/inst/sum0_i_55/O[2]
                         net (fo=8, routed)           1.351    10.860    cnn_accelerator_design_i/cnn_accelerator_0/inst/wgt_val2[10]
    SLICE_X51Y11         LUT3 (Prop_lut3_I2_O)        0.330    11.190 r  cnn_accelerator_design_i/cnn_accelerator_0/inst/sum0_i_993/O
                         net (fo=133, routed)         1.378    12.568    cnn_accelerator_design_i/cnn_accelerator_0/inst/sum0_i_993_n_0
    SLICE_X67Y2          LUT6 (Prop_lut6_I1_O)        0.332    12.900 r  cnn_accelerator_design_i/cnn_accelerator_0/inst/p_0_out_inferred__14/sum0_i_1013/O
                         net (fo=1, routed)           0.000    12.900    cnn_accelerator_design_i/cnn_accelerator_0/inst/p_0_out_inferred__14/sum0_i_1013_n_0
    SLICE_X67Y2          MUXF7 (Prop_muxf7_I1_O)      0.217    13.117 r  cnn_accelerator_design_i/cnn_accelerator_0/inst/p_0_out_inferred__14/sum0_i_466/O
                         net (fo=2, routed)           0.442    13.559    cnn_accelerator_design_i/cnn_accelerator_0/inst/p_0_out_inferred__14/sum0_i_466_n_0
    SLICE_X68Y2          LUT5 (Prop_lut5_I4_O)        0.299    13.858 r  cnn_accelerator_design_i/cnn_accelerator_0/inst/p_0_out_inferred__14/sum0_i_171/O
                         net (fo=1, routed)           0.778    14.636    cnn_accelerator_design_i/cnn_accelerator_0/inst/p_0_out_inferred__14/sum0_i_171_n_0
    SLICE_X65Y3          LUT6 (Prop_lut6_I0_O)        0.124    14.760 r  cnn_accelerator_design_i/cnn_accelerator_0/inst/p_0_out_inferred__14/sum0_i_85/O
                         net (fo=1, routed)           0.000    14.760    cnn_accelerator_design_i/cnn_accelerator_0/inst/p_0_out_inferred__14/sum0_i_85_n_0
    SLICE_X65Y3          MUXF7 (Prop_muxf7_I1_O)      0.217    14.977 r  cnn_accelerator_design_i/cnn_accelerator_0/inst/p_0_out_inferred__14/sum0_i_45/O
                         net (fo=1, routed)           0.962    15.939    cnn_accelerator_design_i/cnn_accelerator_0/inst/p_0_out_inferred__14/sum0_i_45_n_0
    SLICE_X56Y5          LUT6 (Prop_lut6_I1_O)        0.299    16.238 r  cnn_accelerator_design_i/cnn_accelerator_0/inst/p_0_out_inferred__14/sum0_i_3/O
                         net (fo=10, routed)          2.074    18.312    cnn_accelerator_design_i/cnn_accelerator_0/inst/p_0_out_inferred__14/sum0_i_3_n_0
    DSP48_X1Y4           DSP48E1                                      r  cnn_accelerator_design_i/cnn_accelerator_0/inst/sum0/B[9]
  -------------------------------------------------------------------    -------------------

                         (clock clk_fpga_0 rise edge)
                                                     20.000    20.000 r  
    PS7_X0Y0             PS7                          0.000    20.000 r  cnn_accelerator_design_i/processing_system7_0/inst/PS7_i/FCLKCLK[0]
                         net (fo=1, routed)           1.088    21.088    cnn_accelerator_design_i/processing_system7_0/inst/FCLK_CLK_unbuffered[0]
    BUFGCTRL_X0Y16       BUFG (Prop_bufg_I_O)         0.091    21.179 r  cnn_accelerator_design_i/processing_system7_0/inst/buffer_fclk_clk_0.FCLK_CLK_0_BUFG/O
                         net (fo=15024, routed)       1.666    22.845    cnn_accelerator_design_i/cnn_accelerator_0/inst/aclk
    DSP48_X1Y4           DSP48E1                                      r  cnn_accelerator_design_i/cnn_accelerator_0/inst/sum0/CLK
                         clock pessimism              0.230    23.075    
                         clock uncertainty           -0.302    22.772    
    DSP48_X1Y4           DSP48E1 (Setup_dsp48e1_CLK_B[9])
                                                     -0.450    22.322    cnn_accelerator_design_i/cnn_accelerator_0/inst/sum0
  -------------------------------------------------------------------
                         required time                         22.322    
                         arrival time                         -18.312    
  -------------------------------------------------------------------
                         slack                                  4.010    

Slack (MET) :             4.060ns  (required time - arrival time)
  Source:                 cnn_accelerator_design_i/cnn_accelerator_0/inst/oc_reg[2]/C
                            (rising edge-triggered cell FDRE clocked by clk_fpga_0  {rise@0.000ns fall@10.000ns period=20.000ns})
  Destination:            cnn_accelerator_design_i/cnn_accelerator_0/inst/sum0/B[8]
                            (rising edge-triggered cell DSP48E1 clocked by clk_fpga_0  {rise@0.000ns fall@10.000ns period=20.000ns})
  Path Group:             clk_fpga_0
  Path Type:              Setup (Max at Slow Process Corner)
  Requirement:            20.000ns  (clk_fpga_0 rise@20.000ns - clk_fpga_0 rise@0.000ns)
  Data Path Delay:        15.321ns  (logic 5.286ns (34.502%)  route 10.035ns (65.498%))
  Logic Levels:           15  (CARRY4=4 LUT3=2 LUT4=1 LUT5=1 LUT6=5 MUXF7=2)
  Clock Path Skew:        0.133ns (DCD - SCD + CPR)
    Destination Clock Delay (DCD):    2.845ns = ( 22.845 - 20.000 ) 
    Source Clock Delay      (SCD):    2.942ns
    Clock Pessimism Removal (CPR):    0.230ns
  Clock Uncertainty:      0.302ns  ((TSJ^2 + TIJ^2)^1/2 + DJ) / 2 + PE
    Total System Jitter     (TSJ):    0.071ns
    Total Input Jitter      (TIJ):    0.600ns
    Discrete Jitter          (DJ):    0.000ns
    Phase Error              (PE):    0.000ns

    Location             Delay type                Incr(ns)  Path(ns)    Netlist Resource(s)
  -------------------------------------------------------------------    -------------------
                         (clock clk_fpga_0 rise edge)
                                                      0.000     0.000 r  
    PS7_X0Y0             PS7                          0.000     0.000 r  cnn_accelerator_design_i/processing_system7_0/inst/PS7_i/FCLKCLK[0]
                         net (fo=1, routed)           1.193     1.193    cnn_accelerator_design_i/processing_system7_0/inst/FCLK_CLK_unbuffered[0]
    BUFGCTRL_X0Y16       BUFG (Prop_bufg_I_O)         0.101     1.294 r  cnn_accelerator_design_i/processing_system7_0/inst/buffer_fclk_clk_0.FCLK_CLK_0_BUFG/O
                         net (fo=15024, routed)       1.648     2.942    cnn_accelerator_design_i/cnn_accelerator_0/inst/aclk
    SLICE_X43Y24         FDRE                                         r  cnn_accelerator_design_i/cnn_accelerator_0/inst/oc_reg[2]/C
  -------------------------------------------------------------------    -------------------
    SLICE_X43Y24         FDRE (Prop_fdre_C_Q)         0.456     3.398 r  cnn_accelerator_design_i/cnn_accelerator_0/inst/oc_reg[2]/Q
                         net (fo=53, routed)          1.211     4.609    cnn_accelerator_design_i/cnn_accelerator_0/inst/oc_reg_n_0_[2]
    SLICE_X43Y22         LUT4 (Prop_lut4_I1_O)        0.152     4.761 r  cnn_accelerator_design_i/cnn_accelerator_0/inst/sum0_i_1101/O
                         net (fo=2, routed)           0.691     5.452    cnn_accelerator_design_i/cnn_accelerator_0/inst/sum0_i_1101_n_0
    SLICE_X39Y16         LUT6 (Prop_lut6_I0_O)        0.332     5.784 r  cnn_accelerator_design_i/cnn_accelerator_0/inst/sum0_i_1104/O
                         net (fo=1, routed)           0.000     5.784    cnn_accelerator_design_i/cnn_accelerator_0/inst/sum0_i_1104_n_0
    SLICE_X39Y16         CARRY4 (Prop_carry4_S[1]_O[2])
                                                      0.580     6.364 r  cnn_accelerator_design_i/cnn_accelerator_0/inst/sum0_i_579/O[2]
                         net (fo=1, routed)           0.311     6.675    cnn_accelerator_design_i/cnn_accelerator_0/inst/sum0_i_579_n_5
    SLICE_X40Y16         CARRY4 (Prop_carry4_S[1]_O[2])
                                                      0.882     7.557 r  cnn_accelerator_design_i/cnn_accelerator_0/inst/sum0_i_226/O[2]
                         net (fo=2, routed)           0.437     7.995    cnn_accelerator_design_i/cnn_accelerator_0/inst/sum0_i_226_n_5
    SLICE_X43Y16         LUT6 (Prop_lut6_I5_O)        0.302     8.297 r  cnn_accelerator_design_i/cnn_accelerator_0/inst/sum0_i_218/O
                         net (fo=2, routed)           0.448     8.745    cnn_accelerator_design_i/cnn_accelerator_0/inst/sum0_i_218_n_0
    SLICE_X41Y16         LUT3 (Prop_lut3_I0_O)        0.124     8.869 r  cnn_accelerator_design_i/cnn_accelerator_0/inst/sum0_i_222/O
                         net (fo=1, routed)           0.000     8.869    cnn_accelerator_design_i/cnn_accelerator_0/inst/sum0_i_222_n_0
    SLICE_X41Y16         CARRY4 (Prop_carry4_S[3]_CO[3])
                                                      0.401     9.270 r  cnn_accelerator_design_i/cnn_accelerator_0/inst/sum0_i_104/CO[3]
                         net (fo=1, routed)           0.000     9.270    cnn_accelerator_design_i/cnn_accelerator_0/inst/sum0_i_104_n_0
    SLICE_X41Y17         CARRY4 (Prop_carry4_CI_O[2])
                                                      0.239     9.509 r  cnn_accelerator_design_i/cnn_accelerator_0/inst/sum0_i_55/O[2]
                         net (fo=8, routed)           1.351    10.860    cnn_accelerator_design_i/cnn_accelerator_0/inst/wgt_val2[10]
    SLICE_X51Y11         LUT3 (Prop_lut3_I2_O)        0.330    11.190 r  cnn_accelerator_design_i/cnn_accelerator_0/inst/sum0_i_993/O
                         net (fo=133, routed)         1.378    12.568    cnn_accelerator_design_i/cnn_accelerator_0/inst/sum0_i_993_n_0
    SLICE_X67Y2          LUT6 (Prop_lut6_I1_O)        0.332    12.900 r  cnn_accelerator_design_i/cnn_accelerator_0/inst/p_0_out_inferred__14/sum0_i_1013/O
                         net (fo=1, routed)           0.000    12.900    cnn_accelerator_design_i/cnn_accelerator_0/inst/p_0_out_inferred__14/sum0_i_1013_n_0
    SLICE_X67Y2          MUXF7 (Prop_muxf7_I1_O)      0.217    13.117 r  cnn_accelerator_design_i/cnn_accelerator_0/inst/p_0_out_inferred__14/sum0_i_466/O
                         net (fo=2, routed)           0.442    13.559    cnn_accelerator_design_i/cnn_accelerator_0/inst/p_0_out_inferred__14/sum0_i_466_n_0
    SLICE_X68Y2          LUT5 (Prop_lut5_I4_O)        0.299    13.858 r  cnn_accelerator_design_i/cnn_accelerator_0/inst/p_0_out_inferred__14/sum0_i_171/O
                         net (fo=1, routed)           0.778    14.636    cnn_accelerator_design_i/cnn_accelerator_0/inst/p_0_out_inferred__14/sum0_i_171_n_0
    SLICE_X65Y3          LUT6 (Prop_lut6_I0_O)        0.124    14.760 r  cnn_accelerator_design_i/cnn_accelerator_0/inst/p_0_out_inferred__14/sum0_i_85/O
                         net (fo=1, routed)           0.000    14.760    cnn_accelerator_design_i/cnn_accelerator_0/inst/p_0_out_inferred__14/sum0_i_85_n_0
    SLICE_X65Y3          MUXF7 (Prop_muxf7_I1_O)      0.217    14.977 r  cnn_accelerator_design_i/cnn_accelerator_0/inst/p_0_out_inferred__14/sum0_i_45/O
                         net (fo=1, routed)           0.962    15.939    cnn_accelerator_design_i/cnn_accelerator_0/inst/p_0_out_inferred__14/sum0_i_45_n_0
    SLICE_X56Y5          LUT6 (Prop_lut6_I1_O)        0.299    16.238 r  cnn_accelerator_design_i/cnn_accelerator_0/inst/p_0_out_inferred__14/sum0_i_3/O
                         net (fo=10, routed)          2.025    18.263    cnn_accelerator_design_i/cnn_accelerator_0/inst/p_0_out_inferred__14/sum0_i_3_n_0
    DSP48_X1Y4           DSP48E1                                      r  cnn_accelerator_design_i/cnn_accelerator_0/inst/sum0/B[8]
  -------------------------------------------------------------------    -------------------

                         (clock clk_fpga_0 rise edge)
                                                     20.000    20.000 r  
    PS7_X0Y0             PS7                          0.000    20.000 r  cnn_accelerator_design_i/processing_system7_0/inst/PS7_i/FCLKCLK[0]
                         net (fo=1, routed)           1.088    21.088    cnn_accelerator_design_i/processing_system7_0/inst/FCLK_CLK_unbuffered[0]
    BUFGCTRL_X0Y16       BUFG (Prop_bufg_I_O)         0.091    21.179 r  cnn_accelerator_design_i/processing_system7_0/inst/buffer_fclk_clk_0.FCLK_CLK_0_BUFG/O
                         net (fo=15024, routed)       1.666    22.845    cnn_accelerator_design_i/cnn_accelerator_0/inst/aclk
    DSP48_X1Y4           DSP48E1                                      r  cnn_accelerator_design_i/cnn_accelerator_0/inst/sum0/CLK
                         clock pessimism              0.230    23.075    
                         clock uncertainty           -0.302    22.772    
    DSP48_X1Y4           DSP48E1 (Setup_dsp48e1_CLK_B[8])
                                                     -0.450    22.322    cnn_accelerator_design_i/cnn_accelerator_0/inst/sum0
  -------------------------------------------------------------------
                         required time                         22.322    
                         arrival time                         -18.263    
  -------------------------------------------------------------------
                         slack                                  4.060    

Slack (MET) :             4.101ns  (required time - arrival time)
  Source:                 cnn_accelerator_design_i/cnn_accelerator_0/inst/oc_reg[2]/C
                            (rising edge-triggered cell FDRE clocked by clk_fpga_0  {rise@0.000ns fall@10.000ns period=20.000ns})
  Destination:            cnn_accelerator_design_i/cnn_accelerator_0/inst/sum0/B[14]
                            (rising edge-triggered cell DSP48E1 clocked by clk_fpga_0  {rise@0.000ns fall@10.000ns period=20.000ns})
  Path Group:             clk_fpga_0
  Path Type:              Setup (Max at Slow Process Corner)
  Requirement:            20.000ns  (clk_fpga_0 rise@20.000ns - clk_fpga_0 rise@0.000ns)
  Data Path Delay:        15.279ns  (logic 5.286ns (34.596%)  route 9.993ns (65.404%))
  Logic Levels:           15  (CARRY4=4 LUT3=2 LUT4=1 LUT5=1 LUT6=5 MUXF7=2)
  Clock Path Skew:        0.133ns (DCD - SCD + CPR)
    Destination Clock Delay (DCD):    2.845ns = ( 22.845 - 20.000 ) 
    Source Clock Delay      (SCD):    2.942ns
    Clock Pessimism Removal (CPR):    0.230ns
  Clock Uncertainty:      0.302ns  ((TSJ^2 + TIJ^2)^1/2 + DJ) / 2 + PE
    Total System Jitter     (TSJ):    0.071ns
    Total Input Jitter      (TIJ):    0.600ns
    Discrete Jitter          (DJ):    0.000ns
    Phase Error              (PE):    0.000ns

    Location             Delay type                Incr(ns)  Path(ns)    Netlist Resource(s)
  -------------------------------------------------------------------    -------------------
                         (clock clk_fpga_0 rise edge)
                                                      0.000     0.000 r  
    PS7_X0Y0             PS7                          0.000     0.000 r  cnn_accelerator_design_i/processing_system7_0/inst/PS7_i/FCLKCLK[0]
                         net (fo=1, routed)           1.193     1.193    cnn_accelerator_design_i/processing_system7_0/inst/FCLK_CLK_unbuffered[0]
    BUFGCTRL_X0Y16       BUFG (Prop_bufg_I_O)         0.101     1.294 r  cnn_accelerator_design_i/processing_system7_0/inst/buffer_fclk_clk_0.FCLK_CLK_0_BUFG/O
                         net (fo=15024, routed)       1.648     2.942    cnn_accelerator_design_i/cnn_accelerator_0/inst/aclk
    SLICE_X43Y24         FDRE                                         r  cnn_accelerator_design_i/cnn_accelerator_0/inst/oc_reg[2]/C
  -------------------------------------------------------------------    -------------------
    SLICE_X43Y24         FDRE (Prop_fdre_C_Q)         0.456     3.398 r  cnn_accelerator_design_i/cnn_accelerator_0/inst/oc_reg[2]/Q
                         net (fo=53, routed)          1.211     4.609    cnn_accelerator_design_i/cnn_accelerator_0/inst/oc_reg_n_0_[2]
    SLICE_X43Y22         LUT4 (Prop_lut4_I1_O)        0.152     4.761 r  cnn_accelerator_design_i/cnn_accelerator_0/inst/sum0_i_1101/O
                         net (fo=2, routed)           0.691     5.452    cnn_accelerator_design_i/cnn_accelerator_0/inst/sum0_i_1101_n_0
    SLICE_X39Y16         LUT6 (Prop_lut6_I0_O)        0.332     5.784 r  cnn_accelerator_design_i/cnn_accelerator_0/inst/sum0_i_1104/O
                         net (fo=1, routed)           0.000     5.784    cnn_accelerator_design_i/cnn_accelerator_0/inst/sum0_i_1104_n_0
    SLICE_X39Y16         CARRY4 (Prop_carry4_S[1]_O[2])
                                                      0.580     6.364 r  cnn_accelerator_design_i/cnn_accelerator_0/inst/sum0_i_579/O[2]
                         net (fo=1, routed)           0.311     6.675    cnn_accelerator_design_i/cnn_accelerator_0/inst/sum0_i_579_n_5
    SLICE_X40Y16         CARRY4 (Prop_carry4_S[1]_O[2])
                                                      0.882     7.557 r  cnn_accelerator_design_i/cnn_accelerator_0/inst/sum0_i_226/O[2]
                         net (fo=2, routed)           0.437     7.995    cnn_accelerator_design_i/cnn_accelerator_0/inst/sum0_i_226_n_5
    SLICE_X43Y16         LUT6 (Prop_lut6_I5_O)        0.302     8.297 r  cnn_accelerator_design_i/cnn_accelerator_0/inst/sum0_i_218/O
                         net (fo=2, routed)           0.448     8.745    cnn_accelerator_design_i/cnn_accelerator_0/inst/sum0_i_218_n_0
    SLICE_X41Y16         LUT3 (Prop_lut3_I0_O)        0.124     8.869 r  cnn_accelerator_design_i/cnn_accelerator_0/inst/sum0_i_222/O
                         net (fo=1, routed)           0.000     8.869    cnn_accelerator_design_i/cnn_accelerator_0/inst/sum0_i_222_n_0
    SLICE_X41Y16         CARRY4 (Prop_carry4_S[3]_CO[3])
                                                      0.401     9.270 r  cnn_accelerator_design_i/cnn_accelerator_0/inst/sum0_i_104/CO[3]
                         net (fo=1, routed)           0.000     9.270    cnn_accelerator_design_i/cnn_accelerator_0/inst/sum0_i_104_n_0
    SLICE_X41Y17         CARRY4 (Prop_carry4_CI_O[2])
                                                      0.239     9.509 r  cnn_accelerator_design_i/cnn_accelerator_0/inst/sum0_i_55/O[2]
                         net (fo=8, routed)           1.351    10.860    cnn_accelerator_design_i/cnn_accelerator_0/inst/wgt_val2[10]
    SLICE_X51Y11         LUT3 (Prop_lut3_I2_O)        0.330    11.190 r  cnn_accelerator_design_i/cnn_accelerator_0/inst/sum0_i_993/O
                         net (fo=133, routed)         1.378    12.568    cnn_accelerator_design_i/cnn_accelerator_0/inst/sum0_i_993_n_0
    SLICE_X67Y2          LUT6 (Prop_lut6_I1_O)        0.332    12.900 r  cnn_accelerator_design_i/cnn_accelerator_0/inst/p_0_out_inferred__14/sum0_i_1013/O
                         net (fo=1, routed)           0.000    12.900    cnn_accelerator_design_i/cnn_accelerator_0/inst/p_0_out_inferred__14/sum0_i_1013_n_0
    SLICE_X67Y2          MUXF7 (Prop_muxf7_I1_O)      0.217    13.117 r  cnn_accelerator_design_i/cnn_accelerator_0/inst/p_0_out_inferred__14/sum0_i_466/O
                         net (fo=2, routed)           0.442    13.559    cnn_accelerator_design_i/cnn_accelerator_0/inst/p_0_out_inferred__14/sum0_i_466_n_0
    SLICE_X68Y2          LUT5 (Prop_lut5_I4_O)        0.299    13.858 r  cnn_accelerator_design_i/cnn_accelerator_0/inst/p_0_out_inferred__14/sum0_i_171/O
                         net (fo=1, routed)           0.778    14.636    cnn_accelerator_design_i/cnn_accelerator_0/inst/p_0_out_inferred__14/sum0_i_171_n_0
    SLICE_X65Y3          LUT6 (Prop_lut6_I0_O)        0.124    14.760 r  cnn_accelerator_design_i/cnn_accelerator_0/inst/p_0_out_inferred__14/sum0_i_85/O
                         net (fo=1, routed)           0.000    14.760    cnn_accelerator_design_i/cnn_accelerator_0/inst/p_0_out_inferred__14/sum0_i_85_n_0
    SLICE_X65Y3          MUXF7 (Prop_muxf7_I1_O)      0.217    14.977 r  cnn_accelerator_design_i/cnn_accelerator_0/inst/p_0_out_inferred__14/sum0_i_45/O
                         net (fo=1, routed)           0.962    15.939    cnn_accelerator_design_i/cnn_accelerator_0/inst/p_0_out_inferred__14/sum0_i_45_n_0
    SLICE_X56Y5          LUT6 (Prop_lut6_I1_O)        0.299    16.238 r  cnn_accelerator_design_i/cnn_accelerator_0/inst/p_0_out_inferred__14/sum0_i_3/O
                         net (fo=10, routed)          1.983    18.221    cnn_accelerator_design_i/cnn_accelerator_0/inst/p_0_out_inferred__14/sum0_i_3_n_0
    DSP48_X1Y4           DSP48E1                                      r  cnn_accelerator_design_i/cnn_accelerator_0/inst/sum0/B[14]
  -------------------------------------------------------------------    -------------------

                         (clock clk_fpga_0 rise edge)
                                                     20.000    20.000 r  
    PS7_X0Y0             PS7                          0.000    20.000 r  cnn_accelerator_design_i/processing_system7_0/inst/PS7_i/FCLKCLK[0]
                         net (fo=1, routed)           1.088    21.088    cnn_accelerator_design_i/processing_system7_0/inst/FCLK_CLK_unbuffered[0]
    BUFGCTRL_X0Y16       BUFG (Prop_bufg_I_O)         0.091    21.179 r  cnn_accelerator_design_i/processing_system7_0/inst/buffer_fclk_clk_0.FCLK_CLK_0_BUFG/O
                         net (fo=15024, routed)       1.666    22.845    cnn_accelerator_design_i/cnn_accelerator_0/inst/aclk
    DSP48_X1Y4           DSP48E1                                      r  cnn_accelerator_design_i/cnn_accelerator_0/inst/sum0/CLK
                         clock pessimism              0.230    23.075    
                         clock uncertainty           -0.302    22.772    
    DSP48_X1Y4           DSP48E1 (Setup_dsp48e1_CLK_B[14])
                                                     -0.450    22.322    cnn_accelerator_design_i/cnn_accelerator_0/inst/sum0
  -------------------------------------------------------------------
                         required time                         22.322    
                         arrival time                         -18.221    
  -------------------------------------------------------------------
                         slack                                  4.101    

Slack (MET) :             4.101ns  (required time - arrival time)
  Source:                 cnn_accelerator_design_i/cnn_accelerator_0/inst/oc_reg[2]/C
                            (rising edge-triggered cell FDRE clocked by clk_fpga_0  {rise@0.000ns fall@10.000ns period=20.000ns})
  Destination:            cnn_accelerator_design_i/cnn_accelerator_0/inst/sum0/B[15]
                            (rising edge-triggered cell DSP48E1 clocked by clk_fpga_0  {rise@0.000ns fall@10.000ns period=20.000ns})
  Path Group:             clk_fpga_0
  Path Type:              Setup (Max at Slow Process Corner)
  Requirement:            20.000ns  (clk_fpga_0 rise@20.000ns - clk_fpga_0 rise@0.000ns)
  Data Path Delay:        15.279ns  (logic 5.286ns (34.596%)  route 9.993ns (65.404%))
  Logic Levels:           15  (CARRY4=4 LUT3=2 LUT4=1 LUT5=1 LUT6=5 MUXF7=2)
  Clock Path Skew:        0.133ns (DCD - SCD + CPR)
    Destination Clock Delay (DCD):    2.845ns = ( 22.845 - 20.000 ) 
    Source Clock Delay      (SCD):    2.942ns
    Clock Pessimism Removal (CPR):    0.230ns
  Clock Uncertainty:      0.302ns  ((TSJ^2 + TIJ^2)^1/2 + DJ) / 2 + PE
    Total System Jitter     (TSJ):    0.071ns
    Total Input Jitter      (TIJ):    0.600ns
    Discrete Jitter          (DJ):    0.000ns
    Phase Error              (PE):    0.000ns

    Location             Delay type                Incr(ns)  Path(ns)    Netlist Resource(s)
  -------------------------------------------------------------------    -------------------
                         (clock clk_fpga_0 rise edge)
                                                      0.000     0.000 r  
    PS7_X0Y0             PS7                          0.000     0.000 r  cnn_accelerator_design_i/processing_system7_0/inst/PS7_i/FCLKCLK[0]
                         net (fo=1, routed)           1.193     1.193    cnn_accelerator_design_i/processing_system7_0/inst/FCLK_CLK_unbuffered[0]
    BUFGCTRL_X0Y16       BUFG (Prop_bufg_I_O)         0.101     1.294 r  cnn_accelerator_design_i/processing_system7_0/inst/buffer_fclk_clk_0.FCLK_CLK_0_BUFG/O
                         net (fo=15024, routed)       1.648     2.942    cnn_accelerator_design_i/cnn_accelerator_0/inst/aclk
    SLICE_X43Y24         FDRE                                         r  cnn_accelerator_design_i/cnn_accelerator_0/inst/oc_reg[2]/C
  -------------------------------------------------------------------    -------------------
    SLICE_X43Y24         FDRE (Prop_fdre_C_Q)         0.456     3.398 r  cnn_accelerator_design_i/cnn_accelerator_0/inst/oc_reg[2]/Q
                         net (fo=53, routed)          1.211     4.609    cnn_accelerator_design_i/cnn_accelerator_0/inst/oc_reg_n_0_[2]
    SLICE_X43Y22         LUT4 (Prop_lut4_I1_O)        0.152     4.761 r  cnn_accelerator_design_i/cnn_accelerator_0/inst/sum0_i_1101/O
                         net (fo=2, routed)           0.691     5.452    cnn_accelerator_design_i/cnn_accelerator_0/inst/sum0_i_1101_n_0
    SLICE_X39Y16         LUT6 (Prop_lut6_I0_O)        0.332     5.784 r  cnn_accelerator_design_i/cnn_accelerator_0/inst/sum0_i_1104/O
                         net (fo=1, routed)           0.000     5.784    cnn_accelerator_design_i/cnn_accelerator_0/inst/sum0_i_1104_n_0
    SLICE_X39Y16         CARRY4 (Prop_carry4_S[1]_O[2])
                                                      0.580     6.364 r  cnn_accelerator_design_i/cnn_accelerator_0/inst/sum0_i_579/O[2]
                         net (fo=1, routed)           0.311     6.675    cnn_accelerator_design_i/cnn_accelerator_0/inst/sum0_i_579_n_5
    SLICE_X40Y16         CARRY4 (Prop_carry4_S[1]_O[2])
                                                      0.882     7.557 r  cnn_accelerator_design_i/cnn_accelerator_0/inst/sum0_i_226/O[2]
                         net (fo=2, routed)           0.437     7.995    cnn_accelerator_design_i/cnn_accelerator_0/inst/sum0_i_226_n_5
    SLICE_X43Y16         LUT6 (Prop_lut6_I5_O)        0.302     8.297 r  cnn_accelerator_design_i/cnn_accelerator_0/inst/sum0_i_218/O
                         net (fo=2, routed)           0.448     8.745    cnn_accelerator_design_i/cnn_accelerator_0/inst/sum0_i_218_n_0
    SLICE_X41Y16         LUT3 (Prop_lut3_I0_O)        0.124     8.869 r  cnn_accelerator_design_i/cnn_accelerator_0/inst/sum0_i_222/O
                         net (fo=1, routed)           0.000     8.869    cnn_accelerator_design_i/cnn_accelerator_0/inst/sum0_i_222_n_0
    SLICE_X41Y16         CARRY4 (Prop_carry4_S[3]_CO[3])
                                                      0.401     9.270 r  cnn_accelerator_design_i/cnn_accelerator_0/inst/sum0_i_104/CO[3]
                         net (fo=1, routed)           0.000     9.270    cnn_accelerator_design_i/cnn_accelerator_0/inst/sum0_i_104_n_0
    SLICE_X41Y17         CARRY4 (Prop_carry4_CI_O[2])
                                                      0.239     9.509 r  cnn_accelerator_design_i/cnn_accelerator_0/inst/sum0_i_55/O[2]
                         net (fo=8, routed)           1.351    10.860    cnn_accelerator_design_i/cnn_accelerator_0/inst/wgt_val2[10]
    SLICE_X51Y11         LUT3 (Prop_lut3_I2_O)        0.330    11.190 r  cnn_accelerator_design_i/cnn_accelerator_0/inst/sum0_i_993/O
                         net (fo=133, routed)         1.378    12.568    cnn_accelerator_design_i/cnn_accelerator_0/inst/sum0_i_993_n_0
    SLICE_X67Y2          LUT6 (Prop_lut6_I1_O)        0.332    12.900 r  cnn_accelerator_design_i/cnn_accelerator_0/inst/p_0_out_inferred__14/sum0_i_1013/O
                         net (fo=1, routed)           0.000    12.900    cnn_accelerator_design_i/cnn_accelerator_0/inst/p_0_out_inferred__14/sum0_i_1013_n_0
    SLICE_X67Y2          MUXF7 (Prop_muxf7_I1_O)      0.217    13.117 r  cnn_accelerator_design_i/cnn_accelerator_0/inst/p_0_out_inferred__14/sum0_i_466/O
                         net (fo=2, routed)           0.442    13.559    cnn_accelerator_design_i/cnn_accelerator_0/inst/p_0_out_inferred__14/sum0_i_466_n_0
    SLICE_X68Y2          LUT5 (Prop_lut5_I4_O)        0.299    13.858 r  cnn_accelerator_design_i/cnn_accelerator_0/inst/p_0_out_inferred__14/sum0_i_171/O
                         net (fo=1, routed)           0.778    14.636    cnn_accelerator_design_i/cnn_accelerator_0/inst/p_0_out_inferred__14/sum0_i_171_n_0
    SLICE_X65Y3          LUT6 (Prop_lut6_I0_O)        0.124    14.760 r  cnn_accelerator_design_i/cnn_accelerator_0/inst/p_0_out_inferred__14/sum0_i_85/O
                         net (fo=1, routed)           0.000    14.760    cnn_accelerator_design_i/cnn_accelerator_0/inst/p_0_out_inferred__14/sum0_i_85_n_0
    SLICE_X65Y3          MUXF7 (Prop_muxf7_I1_O)      0.217    14.977 r  cnn_accelerator_design_i/cnn_accelerator_0/inst/p_0_out_inferred__14/sum0_i_45/O
                         net (fo=1, routed)           0.962    15.939    cnn_accelerator_design_i/cnn_accelerator_0/inst/p_0_out_inferred__14/sum0_i_45_n_0
    SLICE_X56Y5          LUT6 (Prop_lut6_I1_O)        0.299    16.238 r  cnn_accelerator_design_i/cnn_accelerator_0/inst/p_0_out_inferred__14/sum0_i_3/O
                         net (fo=10, routed)          1.983    18.221    cnn_accelerator_design_i/cnn_accelerator_0/inst/p_0_out_inferred__14/sum0_i_3_n_0
    DSP48_X1Y4           DSP48E1                                      r  cnn_accelerator_design_i/cnn_accelerator_0/inst/sum0/B[15]
  -------------------------------------------------------------------    -------------------

                         (clock clk_fpga_0 rise edge)
                                                     20.000    20.000 r  
    PS7_X0Y0             PS7                          0.000    20.000 r  cnn_accelerator_design_i/processing_system7_0/inst/PS7_i/FCLKCLK[0]
                         net (fo=1, routed)           1.088    21.088    cnn_accelerator_design_i/processing_system7_0/inst/FCLK_CLK_unbuffered[0]
    BUFGCTRL_X0Y16       BUFG (Prop_bufg_I_O)         0.091    21.179 r  cnn_accelerator_design_i/processing_system7_0/inst/buffer_fclk_clk_0.FCLK_CLK_0_BUFG/O
                         net (fo=15024, routed)       1.666    22.845    cnn_accelerator_design_i/cnn_accelerator_0/inst/aclk
    DSP48_X1Y4           DSP48E1                                      r  cnn_accelerator_design_i/cnn_accelerator_0/inst/sum0/CLK
                         clock pessimism              0.230    23.075    
                         clock uncertainty           -0.302    22.772    
    DSP48_X1Y4           DSP48E1 (Setup_dsp48e1_CLK_B[15])
                                                     -0.450    22.322    cnn_accelerator_design_i/cnn_accelerator_0/inst/sum0
  -------------------------------------------------------------------
                         required time                         22.322    
                         arrival time                         -18.221    
  -------------------------------------------------------------------
                         slack                                  4.101    

Slack (MET) :             4.200ns  (required time - arrival time)
  Source:                 cnn_accelerator_design_i/cnn_accelerator_0/inst/oc_reg[2]/C
                            (rising edge-triggered cell FDRE clocked by clk_fpga_0  {rise@0.000ns fall@10.000ns period=20.000ns})
  Destination:            cnn_accelerator_design_i/cnn_accelerator_0/inst/sum0/B[11]
                            (rising edge-triggered cell DSP48E1 clocked by clk_fpga_0  {rise@0.000ns fall@10.000ns period=20.000ns})
  Path Group:             clk_fpga_0
  Path Type:              Setup (Max at Slow Process Corner)
  Requirement:            20.000ns  (clk_fpga_0 rise@20.000ns - clk_fpga_0 rise@0.000ns)
  Data Path Delay:        15.181ns  (logic 5.286ns (34.821%)  route 9.895ns (65.179%))
  Logic Levels:           15  (CARRY4=4 LUT3=2 LUT4=1 LUT5=1 LUT6=5 MUXF7=2)
  Clock Path Skew:        0.133ns (DCD - SCD + CPR)
    Destination Clock Delay (DCD):    2.845ns = ( 22.845 - 20.000 ) 
    Source Clock Delay      (SCD):    2.942ns
    Clock Pessimism Removal (CPR):    0.230ns
  Clock Uncertainty:      0.302ns  ((TSJ^2 + TIJ^2)^1/2 + DJ) / 2 + PE
    Total System Jitter     (TSJ):    0.071ns
    Total Input Jitter      (TIJ):    0.600ns
    Discrete Jitter          (DJ):    0.000ns
    Phase Error              (PE):    0.000ns

    Location             Delay type                Incr(ns)  Path(ns)    Netlist Resource(s)
  -------------------------------------------------------------------    -------------------
                         (clock clk_fpga_0 rise edge)
                                                      0.000     0.000 r  
    PS7_X0Y0             PS7                          0.000     0.000 r  cnn_accelerator_design_i/processing_system7_0/inst/PS7_i/FCLKCLK[0]
                         net (fo=1, routed)           1.193     1.193    cnn_accelerator_design_i/processing_system7_0/inst/FCLK_CLK_unbuffered[0]
    BUFGCTRL_X0Y16       BUFG (Prop_bufg_I_O)         0.101     1.294 r  cnn_accelerator_design_i/processing_system7_0/inst/buffer_fclk_clk_0.FCLK_CLK_0_BUFG/O
                         net (fo=15024, routed)       1.648     2.942    cnn_accelerator_design_i/cnn_accelerator_0/inst/aclk
    SLICE_X43Y24         FDRE                                         r  cnn_accelerator_design_i/cnn_accelerator_0/inst/oc_reg[2]/C
  -------------------------------------------------------------------    -------------------
    SLICE_X43Y24         FDRE (Prop_fdre_C_Q)         0.456     3.398 r  cnn_accelerator_design_i/cnn_accelerator_0/inst/oc_reg[2]/Q
                         net (fo=53, routed)          1.211     4.609    cnn_accelerator_design_i/cnn_accelerator_0/inst/oc_reg_n_0_[2]
    SLICE_X43Y22         LUT4 (Prop_lut4_I1_O)        0.152     4.761 r  cnn_accelerator_design_i/cnn_accelerator_0/inst/sum0_i_1101/O
                         net (fo=2, routed)           0.691     5.452    cnn_accelerator_design_i/cnn_accelerator_0/inst/sum0_i_1101_n_0
    SLICE_X39Y16         LUT6 (Prop_lut6_I0_O)        0.332     5.784 r  cnn_accelerator_design_i/cnn_accelerator_0/inst/sum0_i_1104/O
                         net (fo=1, routed)           0.000     5.784    cnn_accelerator_design_i/cnn_accelerator_0/inst/sum0_i_1104_n_0
    SLICE_X39Y16         CARRY4 (Prop_carry4_S[1]_O[2])
                                                      0.580     6.364 r  cnn_accelerator_design_i/cnn_accelerator_0/inst/sum0_i_579/O[2]
                         net (fo=1, routed)           0.311     6.675    cnn_accelerator_design_i/cnn_accelerator_0/inst/sum0_i_579_n_5
    SLICE_X40Y16         CARRY4 (Prop_carry4_S[1]_O[2])
                                                      0.882     7.557 r  cnn_accelerator_design_i/cnn_accelerator_0/inst/sum0_i_226/O[2]
                         net (fo=2, routed)           0.437     7.995    cnn_accelerator_design_i/cnn_accelerator_0/inst/sum0_i_226_n_5
    SLICE_X43Y16         LUT6 (Prop_lut6_I5_O)        0.302     8.297 r  cnn_accelerator_design_i/cnn_accelerator_0/inst/sum0_i_218/O
                         net (fo=2, routed)           0.448     8.745    cnn_accelerator_design_i/cnn_accelerator_0/inst/sum0_i_218_n_0
    SLICE_X41Y16         LUT3 (Prop_lut3_I0_O)        0.124     8.869 r  cnn_accelerator_design_i/cnn_accelerator_0/inst/sum0_i_222/O
                         net (fo=1, routed)           0.000     8.869    cnn_accelerator_design_i/cnn_accelerator_0/inst/sum0_i_222_n_0
    SLICE_X41Y16         CARRY4 (Prop_carry4_S[3]_CO[3])
                                                      0.401     9.270 r  cnn_accelerator_design_i/cnn_accelerator_0/inst/sum0_i_104/CO[3]
                         net (fo=1, routed)           0.000     9.270    cnn_accelerator_design_i/cnn_accelerator_0/inst/sum0_i_104_n_0
    SLICE_X41Y17         CARRY4 (Prop_carry4_CI_O[2])
                                                      0.239     9.509 r  cnn_accelerator_design_i/cnn_accelerator_0/inst/sum0_i_55/O[2]
                         net (fo=8, routed)           1.351    10.860    cnn_accelerator_design_i/cnn_accelerator_0/inst/wgt_val2[10]
    SLICE_X51Y11         LUT3 (Prop_lut3_I2_O)        0.330    11.190 r  cnn_accelerator_design_i/cnn_accelerator_0/inst/sum0_i_993/O
                         net (fo=133, routed)         1.378    12.568    cnn_accelerator_design_i/cnn_accelerator_0/inst/sum0_i_993_n_0
    SLICE_X67Y2          LUT6 (Prop_lut6_I1_O)        0.332    12.900 r  cnn_accelerator_design_i/cnn_accelerator_0/inst/p_0_out_inferred__14/sum0_i_1013/O
                         net (fo=1, routed)           0.000    12.900    cnn_accelerator_design_i/cnn_accelerator_0/inst/p_0_out_inferred__14/sum0_i_1013_n_0
    SLICE_X67Y2          MUXF7 (Prop_muxf7_I1_O)      0.217    13.117 r  cnn_accelerator_design_i/cnn_accelerator_0/inst/p_0_out_inferred__14/sum0_i_466/O
                         net (fo=2, routed)           0.442    13.559    cnn_accelerator_design_i/cnn_accelerator_0/inst/p_0_out_inferred__14/sum0_i_466_n_0
    SLICE_X68Y2          LUT5 (Prop_lut5_I4_O)        0.299    13.858 r  cnn_accelerator_design_i/cnn_accelerator_0/inst/p_0_out_inferred__14/sum0_i_171/O
                         net (fo=1, routed)           0.778    14.636    cnn_accelerator_design_i/cnn_accelerator_0/inst/p_0_out_inferred__14/sum0_i_171_n_0
    SLICE_X65Y3          LUT6 (Prop_lut6_I0_O)        0.124    14.760 r  cnn_accelerator_design_i/cnn_accelerator_0/inst/p_0_out_inferred__14/sum0_i_85/O
                         net (fo=1, routed)           0.000    14.760    cnn_accelerator_design_i/cnn_accelerator_0/inst/p_0_out_inferred__14/sum0_i_85_n_0
    SLICE_X65Y3          MUXF7 (Prop_muxf7_I1_O)      0.217    14.977 r  cnn_accelerator_design_i/cnn_accelerator_0/inst/p_0_out_inferred__14/sum0_i_45/O
                         net (fo=1, routed)           0.962    15.939    cnn_accelerator_design_i/cnn_accelerator_0/inst/p_0_out_inferred__14/sum0_i_45_n_0
    SLICE_X56Y5          LUT6 (Prop_lut6_I1_O)        0.299    16.238 r  cnn_accelerator_design_i/cnn_accelerator_0/inst/p_0_out_inferred__14/sum0_i_3/O
                         net (fo=10, routed)          1.885    18.123    cnn_accelerator_design_i/cnn_accelerator_0/inst/p_0_out_inferred__14/sum0_i_3_n_0
    DSP48_X1Y4           DSP48E1                                      r  cnn_accelerator_design_i/cnn_accelerator_0/inst/sum0/B[11]
  -------------------------------------------------------------------    -------------------

                         (clock clk_fpga_0 rise edge)
                                                     20.000    20.000 r  
    PS7_X0Y0             PS7                          0.000    20.000 r  cnn_accelerator_design_i/processing_system7_0/inst/PS7_i/FCLKCLK[0]
                         net (fo=1, routed)           1.088    21.088    cnn_accelerator_design_i/processing_system7_0/inst/FCLK_CLK_unbuffered[0]
    BUFGCTRL_X0Y16       BUFG (Prop_bufg_I_O)         0.091    21.179 r  cnn_accelerator_design_i/processing_system7_0/inst/buffer_fclk_clk_0.FCLK_CLK_0_BUFG/O
                         net (fo=15024, routed)       1.666    22.845    cnn_accelerator_design_i/cnn_accelerator_0/inst/aclk
    DSP48_X1Y4           DSP48E1                                      r  cnn_accelerator_design_i/cnn_accelerator_0/inst/sum0/CLK
                         clock pessimism              0.230    23.075    
                         clock uncertainty           -0.302    22.772    
    DSP48_X1Y4           DSP48E1 (Setup_dsp48e1_CLK_B[11])
                                                     -0.450    22.322    cnn_accelerator_design_i/cnn_accelerator_0/inst/sum0
  -------------------------------------------------------------------
                         required time                         22.322    
                         arrival time                         -18.123    
  -------------------------------------------------------------------
                         slack                                  4.200    





Min Delay Paths
--------------------------------------------------------------------------------------
Slack (MET) :             0.020ns  (arrival time - required time)
  Source:                 <hidden>
                            (rising edge-triggered cell FDCE clocked by clk_fpga_0  {rise@0.000ns fall@10.000ns period=20.000ns})
  Destination:            <hidden>
                            (rising edge-triggered cell RAMD32 clocked by clk_fpga_0  {rise@0.000ns fall@10.000ns period=20.000ns})
  Path Group:             clk_fpga_0
  Path Type:              Hold (Min at Fast Process Corner)
  Requirement:            0.000ns  (clk_fpga_0 rise@0.000ns - clk_fpga_0 rise@0.000ns)
  Data Path Delay:        0.233ns  (logic 0.141ns (60.453%)  route 0.092ns (39.547%))
  Logic Levels:           0  
  Clock Path Skew:        0.013ns (DCD - SCD - CPR)
    Destination Clock Delay (DCD):    1.261ns
    Source Clock Delay      (SCD):    0.962ns
    Clock Pessimism Removal (CPR):    0.286ns

    Location             Delay type                Incr(ns)  Path(ns)    Netlist Resource(s)
  -------------------------------------------------------------------    -------------------
                         (clock clk_fpga_0 rise edge)
                                                      0.000     0.000 r  
    PS7_X0Y0             PS7                          0.000     0.000 r  cnn_accelerator_design_i/processing_system7_0/inst/PS7_i/FCLKCLK[0]
                         net (fo=1, routed)           0.310     0.310    cnn_accelerator_design_i/processing_system7_0/inst/FCLK_CLK_unbuffered[0]
    BUFGCTRL_X0Y16       BUFG (Prop_bufg_I_O)         0.026     0.336 r  cnn_accelerator_design_i/processing_system7_0/inst/buffer_fclk_clk_0.FCLK_CLK_0_BUFG/O
                         net (fo=15024, routed)       0.626     0.962    <hidden>
    SLICE_X5Y49          FDCE                                         r  <hidden>
  -------------------------------------------------------------------    -------------------
    SLICE_X5Y49          FDCE (Prop_fdce_C_Q)         0.141     1.103 r  <hidden>
                         net (fo=5, routed)           0.092     1.195    <hidden>
    SLICE_X4Y49          RAMD32                                       r  <hidden>
  -------------------------------------------------------------------    -------------------

                         (clock clk_fpga_0 rise edge)
                                                      0.000     0.000 r  
    PS7_X0Y0             PS7                          0.000     0.000 r  cnn_accelerator_design_i/processing_system7_0/inst/PS7_i/FCLKCLK[0]
                         net (fo=1, routed)           0.337     0.337    cnn_accelerator_design_i/processing_system7_0/inst/FCLK_CLK_unbuffered[0]
    BUFGCTRL_X0Y16       BUFG (Prop_bufg_I_O)         0.029     0.366 r  cnn_accelerator_design_i/processing_system7_0/inst/buffer_fclk_clk_0.FCLK_CLK_0_BUFG/O
                         net (fo=15024, routed)       0.895     1.261    <hidden>
    SLICE_X4Y49          RAMD32                                       r  <hidden>
                         clock pessimism             -0.286     0.975    
    SLICE_X4Y49          RAMD32 (Hold_ramd32_CLK_WADR4)
                                                      0.200     1.175    <hidden>
  -------------------------------------------------------------------
                         required time                         -1.175    
                         arrival time                           1.195    
  -------------------------------------------------------------------
                         slack                                  0.020    

Slack (MET) :             0.020ns  (arrival time - required time)
  Source:                 <hidden>
                            (rising edge-triggered cell FDCE clocked by clk_fpga_0  {rise@0.000ns fall@10.000ns period=20.000ns})
  Destination:            <hidden>
                            (rising edge-triggered cell RAMD32 clocked by clk_fpga_0  {rise@0.000ns fall@10.000ns period=20.000ns})
  Path Group:             clk_fpga_0
  Path Type:              Hold (Min at Fast Process Corner)
  Requirement:            0.000ns  (clk_fpga_0 rise@0.000ns - clk_fpga_0 rise@0.000ns)
  Data Path Delay:        0.233ns  (logic 0.141ns (60.453%)  route 0.092ns (39.547%))
  Logic Levels:           0  
  Clock Path Skew:        0.013ns (DCD - SCD - CPR)
    Destination Clock Delay (DCD):    1.261ns
    Source Clock Delay      (SCD):    0.962ns
    Clock Pessimism Removal (CPR):    0.286ns

    Location             Delay type                Incr(ns)  Path(ns)    Netlist Resource(s)
  -------------------------------------------------------------------    -------------------
                         (clock clk_fpga_0 rise edge)
                                                      0.000     0.000 r  
    PS7_X0Y0             PS7                          0.000     0.000 r  cnn_accelerator_design_i/processing_system7_0/inst/PS7_i/FCLKCLK[0]
                         net (fo=1, routed)           0.310     0.310    cnn_accelerator_design_i/processing_system7_0/inst/FCLK_CLK_unbuffered[0]
    BUFGCTRL_X0Y16       BUFG (Prop_bufg_I_O)         0.026     0.336 r  cnn_accelerator_design_i/processing_system7_0/inst/buffer_fclk_clk_0.FCLK_CLK_0_BUFG/O
                         net (fo=15024, routed)       0.626     0.962    <hidden>
    SLICE_X5Y49          FDCE                                         r  <hidden>
  -------------------------------------------------------------------    -------------------
    SLICE_X5Y49          FDCE (Prop_fdce_C_Q)         0.141     1.103 r  <hidden>
                         net (fo=5, routed)           0.092     1.195    <hidden>
    SLICE_X4Y49          RAMD32                                       r  <hidden>
  -------------------------------------------------------------------    -------------------

                         (clock clk_fpga_0 rise edge)
                                                      0.000     0.000 r  
    PS7_X0Y0             PS7                          0.000     0.000 r  cnn_accelerator_design_i/processing_system7_0/inst/PS7_i/FCLKCLK[0]
                         net (fo=1, routed)           0.337     0.337    cnn_accelerator_design_i/processing_system7_0/inst/FCLK_CLK_unbuffered[0]
    BUFGCTRL_X0Y16       BUFG (Prop_bufg_I_O)         0.029     0.366 r  cnn_accelerator_design_i/processing_system7_0/inst/buffer_fclk_clk_0.FCLK_CLK_0_BUFG/O
                         net (fo=15024, routed)       0.895     1.261    <hidden>
    SLICE_X4Y49          RAMD32                                       r  <hidden>
                         clock pessimism             -0.286     0.975    
    SLICE_X4Y49          RAMD32 (Hold_ramd32_CLK_WADR4)
                                                      0.200     1.175    <hidden>
  -------------------------------------------------------------------
                         required time                         -1.175    
                         arrival time                           1.195    
  -------------------------------------------------------------------
                         slack                                  0.020    

Slack (MET) :             0.022ns  (arrival time - required time)
  Source:                 <hidden>
                            (rising edge-triggered cell FDCE clocked by clk_fpga_0  {rise@0.000ns fall@10.000ns period=20.000ns})
  Destination:            <hidden>
                            (rising edge-triggered cell RAMD32 clocked by clk_fpga_0  {rise@0.000ns fall@10.000ns period=20.000ns})
  Path Group:             clk_fpga_0
  Path Type:              Hold (Min at Fast Process Corner)
  Requirement:            0.000ns  (clk_fpga_0 rise@0.000ns - clk_fpga_0 rise@0.000ns)
  Data Path Delay:        0.275ns  (logic 0.141ns (51.228%)  route 0.134ns (48.772%))
  Logic Levels:           0  
  Clock Path Skew:        0.013ns (DCD - SCD - CPR)
    Destination Clock Delay (DCD):    1.261ns
    Source Clock Delay      (SCD):    0.962ns
    Clock Pessimism Removal (CPR):    0.286ns

    Location             Delay type                Incr(ns)  Path(ns)    Netlist Resource(s)
  -------------------------------------------------------------------    -------------------
                         (clock clk_fpga_0 rise edge)
                                                      0.000     0.000 r  
    PS7_X0Y0             PS7                          0.000     0.000 r  cnn_accelerator_design_i/processing_system7_0/inst/PS7_i/FCLKCLK[0]
                         net (fo=1, routed)           0.310     0.310    cnn_accelerator_design_i/processing_system7_0/inst/FCLK_CLK_unbuffered[0]
    BUFGCTRL_X0Y16       BUFG (Prop_bufg_I_O)         0.026     0.336 r  cnn_accelerator_design_i/processing_system7_0/inst/buffer_fclk_clk_0.FCLK_CLK_0_BUFG/O
                         net (fo=15024, routed)       0.626     0.962    <hidden>
    SLICE_X5Y49          FDCE                                         r  <hidden>
  -------------------------------------------------------------------    -------------------
    SLICE_X5Y49          FDCE (Prop_fdce_C_Q)         0.141     1.103 r  <hidden>
                         net (fo=5, routed)           0.134     1.237    <hidden>
    SLICE_X4Y49          RAMD32                                       r  <hidden>
  -------------------------------------------------------------------    -------------------

                         (clock clk_fpga_0 rise edge)
                                                      0.000     0.000 r  
    PS7_X0Y0             PS7                          0.000     0.000 r  cnn_accelerator_design_i/processing_system7_0/inst/PS7_i/FCLKCLK[0]
                         net (fo=1, routed)           0.337     0.337    cnn_accelerator_design_i/processing_system7_0/inst/FCLK_CLK_unbuffered[0]
    BUFGCTRL_X0Y16       BUFG (Prop_bufg_I_O)         0.029     0.366 r  cnn_accelerator_design_i/processing_system7_0/inst/buffer_fclk_clk_0.FCLK_CLK_0_BUFG/O
                         net (fo=15024, routed)       0.895     1.261    <hidden>
    SLICE_X4Y49          RAMD32                                       r  <hidden>
                         clock pessimism             -0.286     0.975    
    SLICE_X4Y49          RAMD32 (Hold_ramd32_CLK_WADR3)
                                                      0.240     1.215    <hidden>
  -------------------------------------------------------------------
                         required time                         -1.215    
                         arrival time                           1.237    
  -------------------------------------------------------------------
                         slack                                  0.022    

Slack (MET) :             0.022ns  (arrival time - required time)
  Source:                 <hidden>
                            (rising edge-triggered cell FDCE clocked by clk_fpga_0  {rise@0.000ns fall@10.000ns period=20.000ns})
  Destination:            <hidden>
                            (rising edge-triggered cell RAMD32 clocked by clk_fpga_0  {rise@0.000ns fall@10.000ns period=20.000ns})
  Path Group:             clk_fpga_0
  Path Type:              Hold (Min at Fast Process Corner)
  Requirement:            0.000ns  (clk_fpga_0 rise@0.000ns - clk_fpga_0 rise@0.000ns)
  Data Path Delay:        0.275ns  (logic 0.141ns (51.228%)  route 0.134ns (48.772%))
  Logic Levels:           0  
  Clock Path Skew:        0.013ns (DCD - SCD - CPR)
    Destination Clock Delay (DCD):    1.261ns
    Source Clock Delay      (SCD):    0.962ns
    Clock Pessimism Removal (CPR):    0.286ns

    Location             Delay type                Incr(ns)  Path(ns)    Netlist Resource(s)
  -------------------------------------------------------------------    -------------------
                         (clock clk_fpga_0 rise edge)
                                                      0.000     0.000 r  
    PS7_X0Y0             PS7                          0.000     0.000 r  cnn_accelerator_design_i/processing_system7_0/inst/PS7_i/FCLKCLK[0]
                         net (fo=1, routed)           0.310     0.310    cnn_accelerator_design_i/processing_system7_0/inst/FCLK_CLK_unbuffered[0]
    BUFGCTRL_X0Y16       BUFG (Prop_bufg_I_O)         0.026     0.336 r  cnn_accelerator_design_i/processing_system7_0/inst/buffer_fclk_clk_0.FCLK_CLK_0_BUFG/O
                         net (fo=15024, routed)       0.626     0.962    <hidden>
    SLICE_X5Y49          FDCE                                         r  <hidden>
  -------------------------------------------------------------------    -------------------
    SLICE_X5Y49          FDCE (Prop_fdce_C_Q)         0.141     1.103 r  <hidden>
                         net (fo=5, routed)           0.134     1.237    <hidden>
    SLICE_X4Y49          RAMD32                                       r  <hidden>
  -------------------------------------------------------------------    -------------------

                         (clock clk_fpga_0 rise edge)
                                                      0.000     0.000 r  
    PS7_X0Y0             PS7                          0.000     0.000 r  cnn_accelerator_design_i/processing_system7_0/inst/PS7_i/FCLKCLK[0]
                         net (fo=1, routed)           0.337     0.337    cnn_accelerator_design_i/processing_system7_0/inst/FCLK_CLK_unbuffered[0]
    BUFGCTRL_X0Y16       BUFG (Prop_bufg_I_O)         0.029     0.366 r  cnn_accelerator_design_i/processing_system7_0/inst/buffer_fclk_clk_0.FCLK_CLK_0_BUFG/O
                         net (fo=15024, routed)       0.895     1.261    <hidden>
    SLICE_X4Y49          RAMD32                                       r  <hidden>
                         clock pessimism             -0.286     0.975    
    SLICE_X4Y49          RAMD32 (Hold_ramd32_CLK_WADR3)
                                                      0.240     1.215    <hidden>
  -------------------------------------------------------------------
                         required time                         -1.215    
                         arrival time                           1.237    
  -------------------------------------------------------------------
                         slack                                  0.022    

Slack (MET) :             0.028ns  (arrival time - required time)
  Source:                 cnn_accelerator_design_i/axi_dma_0/U0/INCLUDE_S2MM_SOF_EOF_GENERATOR.I_S2MM_DMA_MNGR/GEN_S2MM_DMA_CONTROL.GEN_SIMPLE_DMA_MODE.I_S2MM_SMPL_SM/GEN_CMD_BTT_EQL_23.cmnd_data_reg[25]/C
                            (rising edge-triggered cell FDRE clocked by clk_fpga_0  {rise@0.000ns fall@10.000ns period=20.000ns})
  Destination:            cnn_accelerator_design_i/axi_dma_0/U0/I_PRMRY_DATAMOVER/GEN_S2MM_FULL.I_S2MM_FULL_WRAPPER/I_CMD_STATUS/I_CMD_FIFO/USE_SINGLE_REG.sig_regfifo_dout_reg_reg[25]/D
                            (rising edge-triggered cell FDRE clocked by clk_fpga_0  {rise@0.000ns fall@10.000ns period=20.000ns})
  Path Group:             clk_fpga_0
  Path Type:              Hold (Min at Fast Process Corner)
  Requirement:            0.000ns  (clk_fpga_0 rise@0.000ns - clk_fpga_0 rise@0.000ns)
  Data Path Delay:        0.303ns  (logic 0.128ns (42.191%)  route 0.175ns (57.809%))
  Logic Levels:           0  
  Clock Path Skew:        0.258ns (DCD - SCD - CPR)
    Destination Clock Delay (DCD):    1.181ns
    Source Clock Delay      (SCD):    0.888ns
    Clock Pessimism Removal (CPR):    0.035ns

    Location             Delay type                Incr(ns)  Path(ns)    Netlist Resource(s)
  -------------------------------------------------------------------    -------------------
                         (clock clk_fpga_0 rise edge)
                                                      0.000     0.000 r  
    PS7_X0Y0             PS7                          0.000     0.000 r  cnn_accelerator_design_i/processing_system7_0/inst/PS7_i/FCLKCLK[0]
                         net (fo=1, routed)           0.310     0.310    cnn_accelerator_design_i/processing_system7_0/inst/FCLK_CLK_unbuffered[0]
    BUFGCTRL_X0Y16       BUFG (Prop_bufg_I_O)         0.026     0.336 r  cnn_accelerator_design_i/processing_system7_0/inst/buffer_fclk_clk_0.FCLK_CLK_0_BUFG/O
                         net (fo=15024, routed)       0.552     0.888    cnn_accelerator_design_i/axi_dma_0/U0/INCLUDE_S2MM_SOF_EOF_GENERATOR.I_S2MM_DMA_MNGR/GEN_S2MM_DMA_CONTROL.GEN_SIMPLE_DMA_MODE.I_S2MM_SMPL_SM/s_axi_lite_aclk
    SLICE_X47Y85         FDRE                                         r  cnn_accelerator_design_i/axi_dma_0/U0/INCLUDE_S2MM_SOF_EOF_GENERATOR.I_S2MM_DMA_MNGR/GEN_S2MM_DMA_CONTROL.GEN_SIMPLE_DMA_MODE.I_S2MM_SMPL_SM/GEN_CMD_BTT_EQL_23.cmnd_data_reg[25]/C
  -------------------------------------------------------------------    -------------------
    SLICE_X47Y85         FDRE (Prop_fdre_C_Q)         0.128     1.016 r  cnn_accelerator_design_i/axi_dma_0/U0/INCLUDE_S2MM_SOF_EOF_GENERATOR.I_S2MM_DMA_MNGR/GEN_S2MM_DMA_CONTROL.GEN_SIMPLE_DMA_MODE.I_S2MM_SMPL_SM/GEN_CMD_BTT_EQL_23.cmnd_data_reg[25]/Q
                         net (fo=1, routed)           0.175     1.191    cnn_accelerator_design_i/axi_dma_0/U0/I_PRMRY_DATAMOVER/GEN_S2MM_FULL.I_S2MM_FULL_WRAPPER/I_CMD_STATUS/I_CMD_FIFO/USE_SINGLE_REG.sig_regfifo_dout_reg_reg[66]_0[25]
    SLICE_X51Y86         FDRE                                         r  cnn_accelerator_design_i/axi_dma_0/U0/I_PRMRY_DATAMOVER/GEN_S2MM_FULL.I_S2MM_FULL_WRAPPER/I_CMD_STATUS/I_CMD_FIFO/USE_SINGLE_REG.sig_regfifo_dout_reg_reg[25]/D
  -------------------------------------------------------------------    -------------------

                         (clock clk_fpga_0 rise edge)
                                                      0.000     0.000 r  
    PS7_X0Y0             PS7                          0.000     0.000 r  cnn_accelerator_design_i/processing_system7_0/inst/PS7_i/FCLKCLK[0]
                         net (fo=1, routed)           0.337     0.337    cnn_accelerator_design_i/processing_system7_0/inst/FCLK_CLK_unbuffered[0]
    BUFGCTRL_X0Y16       BUFG (Prop_bufg_I_O)         0.029     0.366 r  cnn_accelerator_design_i/processing_system7_0/inst/buffer_fclk_clk_0.FCLK_CLK_0_BUFG/O
                         net (fo=15024, routed)       0.815     1.181    cnn_accelerator_design_i/axi_dma_0/U0/I_PRMRY_DATAMOVER/GEN_S2MM_FULL.I_S2MM_FULL_WRAPPER/I_CMD_STATUS/I_CMD_FIFO/m_axi_s2mm_aclk
    SLICE_X51Y86         FDRE                                         r  cnn_accelerator_design_i/axi_dma_0/U0/I_PRMRY_DATAMOVER/GEN_S2MM_FULL.I_S2MM_FULL_WRAPPER/I_CMD_STATUS/I_CMD_FIFO/USE_SINGLE_REG.sig_regfifo_dout_reg_reg[25]/C
                         clock pessimism             -0.035     1.146    
    SLICE_X51Y86         FDRE (Hold_fdre_C_D)         0.017     1.163    cnn_accelerator_design_i/axi_dma_0/U0/I_PRMRY_DATAMOVER/GEN_S2MM_FULL.I_S2MM_FULL_WRAPPER/I_CMD_STATUS/I_CMD_FIFO/USE_SINGLE_REG.sig_regfifo_dout_reg_reg[25]
  -------------------------------------------------------------------
                         required time                         -1.163    
                         arrival time                           1.191    
  -------------------------------------------------------------------
                         slack                                  0.028    

Slack (MET) :             0.031ns  (arrival time - required time)
  Source:                 cnn_accelerator_design_i/axi_mem_intercon/s00_couplers/auto_us/inst/gen_upsizer.gen_full_upsizer.axi_upsizer_inst/USE_READ.gen_non_fifo_r_upsizer.mi_register_slice_inst/r.r_pipe/skid_buffer_reg[2]/C
                            (rising edge-triggered cell FDRE clocked by clk_fpga_0  {rise@0.000ns fall@10.000ns period=20.000ns})
  Destination:            cnn_accelerator_design_i/axi_mem_intercon/s00_couplers/auto_us/inst/gen_upsizer.gen_full_upsizer.axi_upsizer_inst/USE_READ.gen_non_fifo_r_upsizer.mi_register_slice_inst/r.r_pipe/m_payload_i_reg[2]/D
                            (rising edge-triggered cell FDRE clocked by clk_fpga_0  {rise@0.000ns fall@10.000ns period=20.000ns})
  Path Group:             clk_fpga_0
  Path Type:              Hold (Min at Fast Process Corner)
  Requirement:            0.000ns  (clk_fpga_0 rise@0.000ns - clk_fpga_0 rise@0.000ns)
  Data Path Delay:        0.411ns  (logic 0.187ns (45.550%)  route 0.224ns (54.450%))
  Logic Levels:           1  (LUT3=1)
  Clock Path Skew:        0.272ns (DCD - SCD - CPR)
    Destination Clock Delay (DCD):    1.197ns
    Source Clock Delay      (SCD):    0.895ns
    Clock Pessimism Removal (CPR):    0.030ns

    Location             Delay type                Incr(ns)  Path(ns)    Netlist Resource(s)
  -------------------------------------------------------------------    -------------------
                         (clock clk_fpga_0 rise edge)
                                                      0.000     0.000 r  
    PS7_X0Y0             PS7                          0.000     0.000 r  cnn_accelerator_design_i/processing_system7_0/inst/PS7_i/FCLKCLK[0]
                         net (fo=1, routed)           0.310     0.310    cnn_accelerator_design_i/processing_system7_0/inst/FCLK_CLK_unbuffered[0]
    BUFGCTRL_X0Y16       BUFG (Prop_bufg_I_O)         0.026     0.336 r  cnn_accelerator_design_i/processing_system7_0/inst/buffer_fclk_clk_0.FCLK_CLK_0_BUFG/O
                         net (fo=15024, routed)       0.559     0.895    cnn_accelerator_design_i/axi_mem_intercon/s00_couplers/auto_us/inst/gen_upsizer.gen_full_upsizer.axi_upsizer_inst/USE_READ.gen_non_fifo_r_upsizer.mi_register_slice_inst/r.r_pipe/out
    SLICE_X35Y50         FDRE                                         r  cnn_accelerator_design_i/axi_mem_intercon/s00_couplers/auto_us/inst/gen_upsizer.gen_full_upsizer.axi_upsizer_inst/USE_READ.gen_non_fifo_r_upsizer.mi_register_slice_inst/r.r_pipe/skid_buffer_reg[2]/C
  -------------------------------------------------------------------    -------------------
    SLICE_X35Y50         FDRE (Prop_fdre_C_Q)         0.141     1.036 r  cnn_accelerator_design_i/axi_mem_intercon/s00_couplers/auto_us/inst/gen_upsizer.gen_full_upsizer.axi_upsizer_inst/USE_READ.gen_non_fifo_r_upsizer.mi_register_slice_inst/r.r_pipe/skid_buffer_reg[2]/Q
                         net (fo=1, routed)           0.224     1.259    cnn_accelerator_design_i/axi_mem_intercon/s00_couplers/auto_us/inst/gen_upsizer.gen_full_upsizer.axi_upsizer_inst/USE_READ.gen_non_fifo_r_upsizer.mi_register_slice_inst/r.r_pipe/skid_buffer_reg_n_0_[2]
    SLICE_X35Y49         LUT3 (Prop_lut3_I2_O)        0.046     1.305 r  cnn_accelerator_design_i/axi_mem_intercon/s00_couplers/auto_us/inst/gen_upsizer.gen_full_upsizer.axi_upsizer_inst/USE_READ.gen_non_fifo_r_upsizer.mi_register_slice_inst/r.r_pipe/m_payload_i[2]_i_1/O
                         net (fo=1, routed)           0.000     1.305    cnn_accelerator_design_i/axi_mem_intercon/s00_couplers/auto_us/inst/gen_upsizer.gen_full_upsizer.axi_upsizer_inst/USE_READ.gen_non_fifo_r_upsizer.mi_register_slice_inst/r.r_pipe/skid_buffer[2]
    SLICE_X35Y49         FDRE                                         r  cnn_accelerator_design_i/axi_mem_intercon/s00_couplers/auto_us/inst/gen_upsizer.gen_full_upsizer.axi_upsizer_inst/USE_READ.gen_non_fifo_r_upsizer.mi_register_slice_inst/r.r_pipe/m_payload_i_reg[2]/D
  -------------------------------------------------------------------    -------------------

                         (clock clk_fpga_0 rise edge)
                                                      0.000     0.000 r  
    PS7_X0Y0             PS7                          0.000     0.000 r  cnn_accelerator_design_i/processing_system7_0/inst/PS7_i/FCLKCLK[0]
                         net (fo=1, routed)           0.337     0.337    cnn_accelerator_design_i/processing_system7_0/inst/FCLK_CLK_unbuffered[0]
    BUFGCTRL_X0Y16       BUFG (Prop_bufg_I_O)         0.029     0.366 r  cnn_accelerator_design_i/processing_system7_0/inst/buffer_fclk_clk_0.FCLK_CLK_0_BUFG/O
                         net (fo=15024, routed)       0.831     1.197    cnn_accelerator_design_i/axi_mem_intercon/s00_couplers/auto_us/inst/gen_upsizer.gen_full_upsizer.axi_upsizer_inst/USE_READ.gen_non_fifo_r_upsizer.mi_register_slice_inst/r.r_pipe/out
    SLICE_X35Y49         FDRE                                         r  cnn_accelerator_design_i/axi_mem_intercon/s00_couplers/auto_us/inst/gen_upsizer.gen_full_upsizer.axi_upsizer_inst/USE_READ.gen_non_fifo_r_upsizer.mi_register_slice_inst/r.r_pipe/m_payload_i_reg[2]/C
                         clock pessimism             -0.030     1.167    
    SLICE_X35Y49         FDRE (Hold_fdre_C_D)         0.107     1.274    cnn_accelerator_design_i/axi_mem_intercon/s00_couplers/auto_us/inst/gen_upsizer.gen_full_upsizer.axi_upsizer_inst/USE_READ.gen_non_fifo_r_upsizer.mi_register_slice_inst/r.r_pipe/m_payload_i_reg[2]
  -------------------------------------------------------------------
                         required time                         -1.274    
                         arrival time                           1.305    
  -------------------------------------------------------------------
                         slack                                  0.031    

Slack (MET) :             0.038ns  (arrival time - required time)
  Source:                 cnn_accelerator_design_i/cnn_accelerator_0/inst/x_reg[2]_rep__14/C
                            (rising edge-triggered cell FDRE clocked by clk_fpga_0  {rise@0.000ns fall@10.000ns period=20.000ns})
  Destination:            cnn_accelerator_design_i/cnn_accelerator_0/inst/bram_conv1_reg_11648_11711_12_14/RAMA/WADR2
                            (rising edge-triggered cell RAMD64E clocked by clk_fpga_0  {rise@0.000ns fall@10.000ns period=20.000ns})
  Path Group:             clk_fpga_0
  Path Type:              Hold (Min at Fast Process Corner)
  Requirement:            0.000ns  (clk_fpga_0 rise@0.000ns - clk_fpga_0 rise@0.000ns)
  Data Path Delay:        0.551ns  (logic 0.141ns (25.598%)  route 0.410ns (74.402%))
  Logic Levels:           0  
  Clock Path Skew:        0.258ns (DCD - SCD - CPR)
    Destination Clock Delay (DCD):    1.212ns
    Source Clock Delay      (SCD):    0.924ns
    Clock Pessimism Removal (CPR):    0.030ns

    Location             Delay type                Incr(ns)  Path(ns)    Netlist Resource(s)
  -------------------------------------------------------------------    -------------------
                         (clock clk_fpga_0 rise edge)
                                                      0.000     0.000 r  
    PS7_X0Y0             PS7                          0.000     0.000 r  cnn_accelerator_design_i/processing_system7_0/inst/PS7_i/FCLKCLK[0]
                         net (fo=1, routed)           0.310     0.310    cnn_accelerator_design_i/processing_system7_0/inst/FCLK_CLK_unbuffered[0]
    BUFGCTRL_X0Y16       BUFG (Prop_bufg_I_O)         0.026     0.336 r  cnn_accelerator_design_i/processing_system7_0/inst/buffer_fclk_clk_0.FCLK_CLK_0_BUFG/O
                         net (fo=15024, routed)       0.588     0.924    cnn_accelerator_design_i/cnn_accelerator_0/inst/aclk
    SLICE_X70Y47         FDRE                                         r  cnn_accelerator_design_i/cnn_accelerator_0/inst/x_reg[2]_rep__14/C
  -------------------------------------------------------------------    -------------------
    SLICE_X70Y47         FDRE (Prop_fdre_C_Q)         0.141     1.065 r  cnn_accelerator_design_i/cnn_accelerator_0/inst/x_reg[2]_rep__14/Q
                         net (fo=558, routed)         0.410     1.474    cnn_accelerator_design_i/cnn_accelerator_0/inst/bram_conv1_reg_11648_11711_12_14/ADDRD2
    SLICE_X54Y51         RAMD64E                                      r  cnn_accelerator_design_i/cnn_accelerator_0/inst/bram_conv1_reg_11648_11711_12_14/RAMA/WADR2
  -------------------------------------------------------------------    -------------------

                         (clock clk_fpga_0 rise edge)
                                                      0.000     0.000 r  
    PS7_X0Y0             PS7                          0.000     0.000 r  cnn_accelerator_design_i/processing_system7_0/inst/PS7_i/FCLKCLK[0]
                         net (fo=1, routed)           0.337     0.337    cnn_accelerator_design_i/processing_system7_0/inst/FCLK_CLK_unbuffered[0]
    BUFGCTRL_X0Y16       BUFG (Prop_bufg_I_O)         0.029     0.366 r  cnn_accelerator_design_i/processing_system7_0/inst/buffer_fclk_clk_0.FCLK_CLK_0_BUFG/O
                         net (fo=15024, routed)       0.846     1.212    cnn_accelerator_design_i/cnn_accelerator_0/inst/bram_conv1_reg_11648_11711_12_14/WCLK
    SLICE_X54Y51         RAMD64E                                      r  cnn_accelerator_design_i/cnn_accelerator_0/inst/bram_conv1_reg_11648_11711_12_14/RAMA/CLK
                         clock pessimism             -0.030     1.182    
    SLICE_X54Y51         RAMD64E (Hold_ramd64e_CLK_WADR2)
                                                      0.254     1.436    cnn_accelerator_design_i/cnn_accelerator_0/inst/bram_conv1_reg_11648_11711_12_14/RAMA
  -------------------------------------------------------------------
                         required time                         -1.436    
                         arrival time                           1.474    
  -------------------------------------------------------------------
                         slack                                  0.038    

Slack (MET) :             0.038ns  (arrival time - required time)
  Source:                 cnn_accelerator_design_i/cnn_accelerator_0/inst/x_reg[2]_rep__14/C
                            (rising edge-triggered cell FDRE clocked by clk_fpga_0  {rise@0.000ns fall@10.000ns period=20.000ns})
  Destination:            cnn_accelerator_design_i/cnn_accelerator_0/inst/bram_conv1_reg_11648_11711_12_14/RAMB/WADR2
                            (rising edge-triggered cell RAMD64E clocked by clk_fpga_0  {rise@0.000ns fall@10.000ns period=20.000ns})
  Path Group:             clk_fpga_0
  Path Type:              Hold (Min at Fast Process Corner)
  Requirement:            0.000ns  (clk_fpga_0 rise@0.000ns - clk_fpga_0 rise@0.000ns)
  Data Path Delay:        0.551ns  (logic 0.141ns (25.598%)  route 0.410ns (74.402%))
  Logic Levels:           0  
  Clock Path Skew:        0.258ns (DCD - SCD - CPR)
    Destination Clock Delay (DCD):    1.212ns
    Source Clock Delay      (SCD):    0.924ns
    Clock Pessimism Removal (CPR):    0.030ns

    Location             Delay type                Incr(ns)  Path(ns)    Netlist Resource(s)
  -------------------------------------------------------------------    -------------------
                         (clock clk_fpga_0 rise edge)
                                                      0.000     0.000 r  
    PS7_X0Y0             PS7                          0.000     0.000 r  cnn_accelerator_design_i/processing_system7_0/inst/PS7_i/FCLKCLK[0]
                         net (fo=1, routed)           0.310     0.310    cnn_accelerator_design_i/processing_system7_0/inst/FCLK_CLK_unbuffered[0]
    BUFGCTRL_X0Y16       BUFG (Prop_bufg_I_O)         0.026     0.336 r  cnn_accelerator_design_i/processing_system7_0/inst/buffer_fclk_clk_0.FCLK_CLK_0_BUFG/O
                         net (fo=15024, routed)       0.588     0.924    cnn_accelerator_design_i/cnn_accelerator_0/inst/aclk
    SLICE_X70Y47         FDRE                                         r  cnn_accelerator_design_i/cnn_accelerator_0/inst/x_reg[2]_rep__14/C
  -------------------------------------------------------------------    -------------------
    SLICE_X70Y47         FDRE (Prop_fdre_C_Q)         0.141     1.065 r  cnn_accelerator_design_i/cnn_accelerator_0/inst/x_reg[2]_rep__14/Q
                         net (fo=558, routed)         0.410     1.474    cnn_accelerator_design_i/cnn_accelerator_0/inst/bram_conv1_reg_11648_11711_12_14/ADDRD2
    SLICE_X54Y51         RAMD64E                                      r  cnn_accelerator_design_i/cnn_accelerator_0/inst/bram_conv1_reg_11648_11711_12_14/RAMB/WADR2
  -------------------------------------------------------------------    -------------------

                         (clock clk_fpga_0 rise edge)
                                                      0.000     0.000 r  
    PS7_X0Y0             PS7                          0.000     0.000 r  cnn_accelerator_design_i/processing_system7_0/inst/PS7_i/FCLKCLK[0]
                         net (fo=1, routed)           0.337     0.337    cnn_accelerator_design_i/processing_system7_0/inst/FCLK_CLK_unbuffered[0]
    BUFGCTRL_X0Y16       BUFG (Prop_bufg_I_O)         0.029     0.366 r  cnn_accelerator_design_i/processing_system7_0/inst/buffer_fclk_clk_0.FCLK_CLK_0_BUFG/O
                         net (fo=15024, routed)       0.846     1.212    cnn_accelerator_design_i/cnn_accelerator_0/inst/bram_conv1_reg_11648_11711_12_14/WCLK
    SLICE_X54Y51         RAMD64E                                      r  cnn_accelerator_design_i/cnn_accelerator_0/inst/bram_conv1_reg_11648_11711_12_14/RAMB/CLK
                         clock pessimism             -0.030     1.182    
    SLICE_X54Y51         RAMD64E (Hold_ramd64e_CLK_WADR2)
                                                      0.254     1.436    cnn_accelerator_design_i/cnn_accelerator_0/inst/bram_conv1_reg_11648_11711_12_14/RAMB
  -------------------------------------------------------------------
                         required time                         -1.436    
                         arrival time                           1.474    
  -------------------------------------------------------------------
                         slack                                  0.038    

Slack (MET) :             0.038ns  (arrival time - required time)
  Source:                 cnn_accelerator_design_i/cnn_accelerator_0/inst/x_reg[2]_rep__14/C
                            (rising edge-triggered cell FDRE clocked by clk_fpga_0  {rise@0.000ns fall@10.000ns period=20.000ns})
  Destination:            cnn_accelerator_design_i/cnn_accelerator_0/inst/bram_conv1_reg_11648_11711_12_14/RAMC/WADR2
                            (rising edge-triggered cell RAMD64E clocked by clk_fpga_0  {rise@0.000ns fall@10.000ns period=20.000ns})
  Path Group:             clk_fpga_0
  Path Type:              Hold (Min at Fast Process Corner)
  Requirement:            0.000ns  (clk_fpga_0 rise@0.000ns - clk_fpga_0 rise@0.000ns)
  Data Path Delay:        0.551ns  (logic 0.141ns (25.598%)  route 0.410ns (74.402%))
  Logic Levels:           0  
  Clock Path Skew:        0.258ns (DCD - SCD - CPR)
    Destination Clock Delay (DCD):    1.212ns
    Source Clock Delay      (SCD):    0.924ns
    Clock Pessimism Removal (CPR):    0.030ns

    Location             Delay type                Incr(ns)  Path(ns)    Netlist Resource(s)
  -------------------------------------------------------------------    -------------------
                         (clock clk_fpga_0 rise edge)
                                                      0.000     0.000 r  
    PS7_X0Y0             PS7                          0.000     0.000 r  cnn_accelerator_design_i/processing_system7_0/inst/PS7_i/FCLKCLK[0]
                         net (fo=1, routed)           0.310     0.310    cnn_accelerator_design_i/processing_system7_0/inst/FCLK_CLK_unbuffered[0]
    BUFGCTRL_X0Y16       BUFG (Prop_bufg_I_O)         0.026     0.336 r  cnn_accelerator_design_i/processing_system7_0/inst/buffer_fclk_clk_0.FCLK_CLK_0_BUFG/O
                         net (fo=15024, routed)       0.588     0.924    cnn_accelerator_design_i/cnn_accelerator_0/inst/aclk
    SLICE_X70Y47         FDRE                                         r  cnn_accelerator_design_i/cnn_accelerator_0/inst/x_reg[2]_rep__14/C
  -------------------------------------------------------------------    -------------------
    SLICE_X70Y47         FDRE (Prop_fdre_C_Q)         0.141     1.065 r  cnn_accelerator_design_i/cnn_accelerator_0/inst/x_reg[2]_rep__14/Q
                         net (fo=558, routed)         0.410     1.474    cnn_accelerator_design_i/cnn_accelerator_0/inst/bram_conv1_reg_11648_11711_12_14/ADDRD2
    SLICE_X54Y51         RAMD64E                                      r  cnn_accelerator_design_i/cnn_accelerator_0/inst/bram_conv1_reg_11648_11711_12_14/RAMC/WADR2
  -------------------------------------------------------------------    -------------------

                         (clock clk_fpga_0 rise edge)
                                                      0.000     0.000 r  
    PS7_X0Y0             PS7                          0.000     0.000 r  cnn_accelerator_design_i/processing_system7_0/inst/PS7_i/FCLKCLK[0]
                         net (fo=1, routed)           0.337     0.337    cnn_accelerator_design_i/processing_system7_0/inst/FCLK_CLK_unbuffered[0]
    BUFGCTRL_X0Y16       BUFG (Prop_bufg_I_O)         0.029     0.366 r  cnn_accelerator_design_i/processing_system7_0/inst/buffer_fclk_clk_0.FCLK_CLK_0_BUFG/O
                         net (fo=15024, routed)       0.846     1.212    cnn_accelerator_design_i/cnn_accelerator_0/inst/bram_conv1_reg_11648_11711_12_14/WCLK
    SLICE_X54Y51         RAMD64E                                      r  cnn_accelerator_design_i/cnn_accelerator_0/inst/bram_conv1_reg_11648_11711_12_14/RAMC/CLK
                         clock pessimism             -0.030     1.182    
    SLICE_X54Y51         RAMD64E (Hold_ramd64e_CLK_WADR2)
                                                      0.254     1.436    cnn_accelerator_design_i/cnn_accelerator_0/inst/bram_conv1_reg_11648_11711_12_14/RAMC
  -------------------------------------------------------------------
                         required time                         -1.436    
                         arrival time                           1.474    
  -------------------------------------------------------------------
                         slack                                  0.038    

Slack (MET) :             0.038ns  (arrival time - required time)
  Source:                 cnn_accelerator_design_i/cnn_accelerator_0/inst/x_reg[2]_rep__14/C
                            (rising edge-triggered cell FDRE clocked by clk_fpga_0  {rise@0.000ns fall@10.000ns period=20.000ns})
  Destination:            cnn_accelerator_design_i/cnn_accelerator_0/inst/bram_conv1_reg_11648_11711_12_14/RAMD/WADR2
                            (rising edge-triggered cell RAMD64E clocked by clk_fpga_0  {rise@0.000ns fall@10.000ns period=20.000ns})
  Path Group:             clk_fpga_0
  Path Type:              Hold (Min at Fast Process Corner)
  Requirement:            0.000ns  (clk_fpga_0 rise@0.000ns - clk_fpga_0 rise@0.000ns)
  Data Path Delay:        0.551ns  (logic 0.141ns (25.598%)  route 0.410ns (74.402%))
  Logic Levels:           0  
  Clock Path Skew:        0.258ns (DCD - SCD - CPR)
    Destination Clock Delay (DCD):    1.212ns
    Source Clock Delay      (SCD):    0.924ns
    Clock Pessimism Removal (CPR):    0.030ns

    Location             Delay type                Incr(ns)  Path(ns)    Netlist Resource(s)
  -------------------------------------------------------------------    -------------------
                         (clock clk_fpga_0 rise edge)
                                                      0.000     0.000 r  
    PS7_X0Y0             PS7                          0.000     0.000 r  cnn_accelerator_design_i/processing_system7_0/inst/PS7_i/FCLKCLK[0]
                         net (fo=1, routed)           0.310     0.310    cnn_accelerator_design_i/processing_system7_0/inst/FCLK_CLK_unbuffered[0]
    BUFGCTRL_X0Y16       BUFG (Prop_bufg_I_O)         0.026     0.336 r  cnn_accelerator_design_i/processing_system7_0/inst/buffer_fclk_clk_0.FCLK_CLK_0_BUFG/O
                         net (fo=15024, routed)       0.588     0.924    cnn_accelerator_design_i/cnn_accelerator_0/inst/aclk
    SLICE_X70Y47         FDRE                                         r  cnn_accelerator_design_i/cnn_accelerator_0/inst/x_reg[2]_rep__14/C
  -------------------------------------------------------------------    -------------------
    SLICE_X70Y47         FDRE (Prop_fdre_C_Q)         0.141     1.065 r  cnn_accelerator_design_i/cnn_accelerator_0/inst/x_reg[2]_rep__14/Q
                         net (fo=558, routed)         0.410     1.474    cnn_accelerator_design_i/cnn_accelerator_0/inst/bram_conv1_reg_11648_11711_12_14/ADDRD2
    SLICE_X54Y51         RAMD64E                                      r  cnn_accelerator_design_i/cnn_accelerator_0/inst/bram_conv1_reg_11648_11711_12_14/RAMD/WADR2
  -------------------------------------------------------------------    -------------------

                         (clock clk_fpga_0 rise edge)
                                                      0.000     0.000 r  
    PS7_X0Y0             PS7                          0.000     0.000 r  cnn_accelerator_design_i/processing_system7_0/inst/PS7_i/FCLKCLK[0]
                         net (fo=1, routed)           0.337     0.337    cnn_accelerator_design_i/processing_system7_0/inst/FCLK_CLK_unbuffered[0]
    BUFGCTRL_X0Y16       BUFG (Prop_bufg_I_O)         0.029     0.366 r  cnn_accelerator_design_i/processing_system7_0/inst/buffer_fclk_clk_0.FCLK_CLK_0_BUFG/O
                         net (fo=15024, routed)       0.846     1.212    cnn_accelerator_design_i/cnn_accelerator_0/inst/bram_conv1_reg_11648_11711_12_14/WCLK
    SLICE_X54Y51         RAMD64E                                      r  cnn_accelerator_design_i/cnn_accelerator_0/inst/bram_conv1_reg_11648_11711_12_14/RAMD/CLK
                         clock pessimism             -0.030     1.182    
    SLICE_X54Y51         RAMD64E (Hold_ramd64e_CLK_WADR2)
                                                      0.254     1.436    cnn_accelerator_design_i/cnn_accelerator_0/inst/bram_conv1_reg_11648_11711_12_14/RAMD
  -------------------------------------------------------------------
                         required time                         -1.436    
                         arrival time                           1.474    
  -------------------------------------------------------------------
                         slack                                  0.038    





Pulse Width Checks
--------------------------------------------------------------------------------------
Clock Name:         clk_fpga_0
Waveform(ns):       { 0.000 10.000 }
Period(ns):         20.000
Sources:            { cnn_accelerator_design_i/processing_system7_0/inst/PS7_i/FCLKCLK[0] }

Check Type        Corner  Lib Pin             Reference Pin  Required(ns)  Actual(ns)  Slack(ns)  Location        Pin
Min Period        n/a     RAMB36E1/CLKARDCLK  n/a            2.944         20.000      17.056     RAMB36_X3Y5     cnn_accelerator_design_i/cnn_accelerator_0/inst/bram_pool2_reg/CLKARDCLK
Min Period        n/a     RAMB36E1/CLKARDCLK  n/a            2.576         20.000      17.424     RAMB36_X2Y11    cnn_accelerator_design_i/axi_dma_0/U0/I_PRMRY_DATAMOVER/GEN_MM2S_FULL.I_MM2S_FULL_WRAPPER/GEN_INCLUDE_MM2S_SF.I_RD_SF/I_DATA_FIFO/BLK_MEM.I_SYNC_FIFOGEN_FIFO/xpm_fifo_instance.xpm_fifo_sync_inst/xpm_fifo_base_inst/gen_sdpram.xpm_memory_base_inst/gen_wr_a.gen_word_narrow.mem_reg/CLKARDCLK
Min Period        n/a     RAMB36E1/CLKBWRCLK  n/a            2.576         20.000      17.424     RAMB36_X2Y11    cnn_accelerator_design_i/axi_dma_0/U0/I_PRMRY_DATAMOVER/GEN_MM2S_FULL.I_MM2S_FULL_WRAPPER/GEN_INCLUDE_MM2S_SF.I_RD_SF/I_DATA_FIFO/BLK_MEM.I_SYNC_FIFOGEN_FIFO/xpm_fifo_instance.xpm_fifo_sync_inst/xpm_fifo_base_inst/gen_sdpram.xpm_memory_base_inst/gen_wr_a.gen_word_narrow.mem_reg/CLKBWRCLK
Min Period        n/a     RAMB36E1/CLKARDCLK  n/a            2.576         20.000      17.424     RAMB36_X3Y10    cnn_accelerator_design_i/axi_dma_0/U0/I_PRMRY_DATAMOVER/GEN_S2MM_FULL.I_S2MM_FULL_WRAPPER/GEN_ENABLE_INDET_BTT_SF.I_INDET_BTT/I_DATA_FIFO/BLK_MEM.I_SYNC_FIFOGEN_FIFO/xpm_fifo_instance.xpm_fifo_sync_inst/xpm_fifo_base_inst/gen_sdpram.xpm_memory_base_inst/gen_wr_a.gen_word_narrow.mem_reg/CLKARDCLK
Min Period        n/a     RAMB36E1/CLKBWRCLK  n/a            2.576         20.000      17.424     RAMB36_X3Y10    cnn_accelerator_design_i/axi_dma_0/U0/I_PRMRY_DATAMOVER/GEN_S2MM_FULL.I_S2MM_FULL_WRAPPER/GEN_ENABLE_INDET_BTT_SF.I_INDET_BTT/I_DATA_FIFO/BLK_MEM.I_SYNC_FIFOGEN_FIFO/xpm_fifo_instance.xpm_fifo_sync_inst/xpm_fifo_base_inst/gen_sdpram.xpm_memory_base_inst/gen_wr_a.gen_word_narrow.mem_reg/CLKBWRCLK
Min Period        n/a     RAMB36E1/CLKBWRCLK  n/a            2.576         20.000      17.424     RAMB36_X3Y5     cnn_accelerator_design_i/cnn_accelerator_0/inst/bram_pool2_reg/CLKBWRCLK
Min Period        n/a     BUFG/I              n/a            2.155         20.000      17.845     BUFGCTRL_X0Y16  cnn_accelerator_design_i/processing_system7_0/inst/buffer_fclk_clk_0.FCLK_CLK_0_BUFG/I
Min Period        n/a     FDRE/C              n/a            1.000         20.000      19.000     SLICE_X43Y86    cnn_accelerator_design_i/axi_dma_0/U0/INCLUDE_MM2S_SOF_EOF_GENERATOR.I_MM2S_DMA_MNGR/GEN_MM2S_DMA_CONTROL.mm2s_stop_reg/C
Min Period        n/a     FDRE/C              n/a            1.000         20.000      19.000     SLICE_X40Y81    cnn_accelerator_design_i/axi_dma_0/U0/INCLUDE_MM2S_SOF_EOF_GENERATOR.I_MM2S_DMA_MNGR/GEN_MM2S_DMA_CONTROL.GEN_SIMPLE_DMA_MODE.I_MM2S_SMPL_SM/FSM_sequential_smpl_cs_reg[0]/C
Min Period        n/a     FDRE/C              n/a            1.000         20.000      19.000     SLICE_X40Y81    cnn_accelerator_design_i/axi_dma_0/U0/INCLUDE_MM2S_SOF_EOF_GENERATOR.I_MM2S_DMA_MNGR/GEN_MM2S_DMA_CONTROL.GEN_SIMPLE_DMA_MODE.I_MM2S_SMPL_SM/FSM_sequential_smpl_cs_reg[1]/C
Low Pulse Width   Slow    RAMD32/CLK          n/a            1.250         10.000      8.750      SLICE_X58Y89    cnn_accelerator_design_i/axi_dma_0/U0/I_PRMRY_DATAMOVER/GEN_S2MM_FULL.I_S2MM_FULL_WRAPPER/GEN_ENABLE_INDET_BTT_SF.I_INDET_BTT/I_XD_FIFO/NON_BLK_MEM.I_SYNC_FIFOGEN_FIFO/xpm_fifo_instance.xpm_fifo_sync_inst/xpm_fifo_base_inst/gen_sdpram.xpm_memory_base_inst/gen_wr_a.gen_word_narrow.mem_reg_0_15_0_5/RAMA/CLK
Low Pulse Width   Fast    RAMD32/CLK          n/a            1.250         10.000      8.750      SLICE_X58Y89    cnn_accelerator_design_i/axi_dma_0/U0/I_PRMRY_DATAMOVER/GEN_S2MM_FULL.I_S2MM_FULL_WRAPPER/GEN_ENABLE_INDET_BTT_SF.I_INDET_BTT/I_XD_FIFO/NON_BLK_MEM.I_SYNC_FIFOGEN_FIFO/xpm_fifo_instance.xpm_fifo_sync_inst/xpm_fifo_base_inst/gen_sdpram.xpm_memory_base_inst/gen_wr_a.gen_word_narrow.mem_reg_0_15_0_5/RAMA/CLK
Low Pulse Width   Slow    RAMD32/CLK          n/a            1.250         10.000      8.750      SLICE_X58Y89    cnn_accelerator_design_i/axi_dma_0/U0/I_PRMRY_DATAMOVER/GEN_S2MM_FULL.I_S2MM_FULL_WRAPPER/GEN_ENABLE_INDET_BTT_SF.I_INDET_BTT/I_XD_FIFO/NON_BLK_MEM.I_SYNC_FIFOGEN_FIFO/xpm_fifo_instance.xpm_fifo_sync_inst/xpm_fifo_base_inst/gen_sdpram.xpm_memory_base_inst/gen_wr_a.gen_word_narrow.mem_reg_0_15_0_5/RAMA_D1/CLK
Low Pulse Width   Fast    RAMD32/CLK          n/a            1.250         10.000      8.750      SLICE_X58Y89    cnn_accelerator_design_i/axi_dma_0/U0/I_PRMRY_DATAMOVER/GEN_S2MM_FULL.I_S2MM_FULL_WRAPPER/GEN_ENABLE_INDET_BTT_SF.I_INDET_BTT/I_XD_FIFO/NON_BLK_MEM.I_SYNC_FIFOGEN_FIFO/xpm_fifo_instance.xpm_fifo_sync_inst/xpm_fifo_base_inst/gen_sdpram.xpm_memory_base_inst/gen_wr_a.gen_word_narrow.mem_reg_0_15_0_5/RAMA_D1/CLK
Low Pulse Width   Slow    RAMD32/CLK          n/a            1.250         10.000      8.750      SLICE_X58Y89    cnn_accelerator_design_i/axi_dma_0/U0/I_PRMRY_DATAMOVER/GEN_S2MM_FULL.I_S2MM_FULL_WRAPPER/GEN_ENABLE_INDET_BTT_SF.I_INDET_BTT/I_XD_FIFO/NON_BLK_MEM.I_SYNC_FIFOGEN_FIFO/xpm_fifo_instance.xpm_fifo_sync_inst/xpm_fifo_base_inst/gen_sdpram.xpm_memory_base_inst/gen_wr_a.gen_word_narrow.mem_reg_0_15_0_5/RAMB/CLK
Low Pulse Width   Fast    RAMD32/CLK          n/a            1.250         10.000      8.750      SLICE_X58Y89    cnn_accelerator_design_i/axi_dma_0/U0/I_PRMRY_DATAMOVER/GEN_S2MM_FULL.I_S2MM_FULL_WRAPPER/GEN_ENABLE_INDET_BTT_SF.I_INDET_BTT/I_XD_FIFO/NON_BLK_MEM.I_SYNC_FIFOGEN_FIFO/xpm_fifo_instance.xpm_fifo_sync_inst/xpm_fifo_base_inst/gen_sdpram.xpm_memory_base_inst/gen_wr_a.gen_word_narrow.mem_reg_0_15_0_5/RAMB/CLK
Low Pulse Width   Slow    RAMD32/CLK          n/a            1.250         10.000      8.750      SLICE_X58Y89    cnn_accelerator_design_i/axi_dma_0/U0/I_PRMRY_DATAMOVER/GEN_S2MM_FULL.I_S2MM_FULL_WRAPPER/GEN_ENABLE_INDET_BTT_SF.I_INDET_BTT/I_XD_FIFO/NON_BLK_MEM.I_SYNC_FIFOGEN_FIFO/xpm_fifo_instance.xpm_fifo_sync_inst/xpm_fifo_base_inst/gen_sdpram.xpm_memory_base_inst/gen_wr_a.gen_word_narrow.mem_reg_0_15_0_5/RAMB_D1/CLK
Low Pulse Width   Fast    RAMD32/CLK          n/a            1.250         10.000      8.750      SLICE_X58Y89    cnn_accelerator_design_i/axi_dma_0/U0/I_PRMRY_DATAMOVER/GEN_S2MM_FULL.I_S2MM_FULL_WRAPPER/GEN_ENABLE_INDET_BTT_SF.I_INDET_BTT/I_XD_FIFO/NON_BLK_MEM.I_SYNC_FIFOGEN_FIFO/xpm_fifo_instance.xpm_fifo_sync_inst/xpm_fifo_base_inst/gen_sdpram.xpm_memory_base_inst/gen_wr_a.gen_word_narrow.mem_reg_0_15_0_5/RAMB_D1/CLK
Low Pulse Width   Slow    RAMD32/CLK          n/a            1.250         10.000      8.750      SLICE_X58Y89    cnn_accelerator_design_i/axi_dma_0/U0/I_PRMRY_DATAMOVER/GEN_S2MM_FULL.I_S2MM_FULL_WRAPPER/GEN_ENABLE_INDET_BTT_SF.I_INDET_BTT/I_XD_FIFO/NON_BLK_MEM.I_SYNC_FIFOGEN_FIFO/xpm_fifo_instance.xpm_fifo_sync_inst/xpm_fifo_base_inst/gen_sdpram.xpm_memory_base_inst/gen_wr_a.gen_word_narrow.mem_reg_0_15_0_5/RAMC/CLK
Low Pulse Width   Fast    RAMD32/CLK          n/a            1.250         10.000      8.750      SLICE_X58Y89    cnn_accelerator_design_i/axi_dma_0/U0/I_PRMRY_DATAMOVER/GEN_S2MM_FULL.I_S2MM_FULL_WRAPPER/GEN_ENABLE_INDET_BTT_SF.I_INDET_BTT/I_XD_FIFO/NON_BLK_MEM.I_SYNC_FIFOGEN_FIFO/xpm_fifo_instance.xpm_fifo_sync_inst/xpm_fifo_base_inst/gen_sdpram.xpm_memory_base_inst/gen_wr_a.gen_word_narrow.mem_reg_0_15_0_5/RAMC/CLK
High Pulse Width  Slow    RAMD32/CLK          n/a            1.250         10.000      8.750      SLICE_X58Y89    cnn_accelerator_design_i/axi_dma_0/U0/I_PRMRY_DATAMOVER/GEN_S2MM_FULL.I_S2MM_FULL_WRAPPER/GEN_ENABLE_INDET_BTT_SF.I_INDET_BTT/I_XD_FIFO/NON_BLK_MEM.I_SYNC_FIFOGEN_FIFO/xpm_fifo_instance.xpm_fifo_sync_inst/xpm_fifo_base_inst/gen_sdpram.xpm_memory_base_inst/gen_wr_a.gen_word_narrow.mem_reg_0_15_0_5/RAMA/CLK
High Pulse Width  Fast    RAMD32/CLK          n/a            1.250         10.000      8.750      SLICE_X58Y89    cnn_accelerator_design_i/axi_dma_0/U0/I_PRMRY_DATAMOVER/GEN_S2MM_FULL.I_S2MM_FULL_WRAPPER/GEN_ENABLE_INDET_BTT_SF.I_INDET_BTT/I_XD_FIFO/NON_BLK_MEM.I_SYNC_FIFOGEN_FIFO/xpm_fifo_instance.xpm_fifo_sync_inst/xpm_fifo_base_inst/gen_sdpram.xpm_memory_base_inst/gen_wr_a.gen_word_narrow.mem_reg_0_15_0_5/RAMA/CLK
High Pulse Width  Slow    RAMD32/CLK          n/a            1.250         10.000      8.750      SLICE_X58Y89    cnn_accelerator_design_i/axi_dma_0/U0/I_PRMRY_DATAMOVER/GEN_S2MM_FULL.I_S2MM_FULL_WRAPPER/GEN_ENABLE_INDET_BTT_SF.I_INDET_BTT/I_XD_FIFO/NON_BLK_MEM.I_SYNC_FIFOGEN_FIFO/xpm_fifo_instance.xpm_fifo_sync_inst/xpm_fifo_base_inst/gen_sdpram.xpm_memory_base_inst/gen_wr_a.gen_word_narrow.mem_reg_0_15_0_5/RAMA_D1/CLK
High Pulse Width  Fast    RAMD32/CLK          n/a            1.250         10.000      8.750      SLICE_X58Y89    cnn_accelerator_design_i/axi_dma_0/U0/I_PRMRY_DATAMOVER/GEN_S2MM_FULL.I_S2MM_FULL_WRAPPER/GEN_ENABLE_INDET_BTT_SF.I_INDET_BTT/I_XD_FIFO/NON_BLK_MEM.I_SYNC_FIFOGEN_FIFO/xpm_fifo_instance.xpm_fifo_sync_inst/xpm_fifo_base_inst/gen_sdpram.xpm_memory_base_inst/gen_wr_a.gen_word_narrow.mem_reg_0_15_0_5/RAMA_D1/CLK
High Pulse Width  Slow    RAMD32/CLK          n/a            1.250         10.000      8.750      SLICE_X58Y89    cnn_accelerator_design_i/axi_dma_0/U0/I_PRMRY_DATAMOVER/GEN_S2MM_FULL.I_S2MM_FULL_WRAPPER/GEN_ENABLE_INDET_BTT_SF.I_INDET_BTT/I_XD_FIFO/NON_BLK_MEM.I_SYNC_FIFOGEN_FIFO/xpm_fifo_instance.xpm_fifo_sync_inst/xpm_fifo_base_inst/gen_sdpram.xpm_memory_base_inst/gen_wr_a.gen_word_narrow.mem_reg_0_15_0_5/RAMB/CLK
High Pulse Width  Fast    RAMD32/CLK          n/a            1.250         10.000      8.750      SLICE_X58Y89    cnn_accelerator_design_i/axi_dma_0/U0/I_PRMRY_DATAMOVER/GEN_S2MM_FULL.I_S2MM_FULL_WRAPPER/GEN_ENABLE_INDET_BTT_SF.I_INDET_BTT/I_XD_FIFO/NON_BLK_MEM.I_SYNC_FIFOGEN_FIFO/xpm_fifo_instance.xpm_fifo_sync_inst/xpm_fifo_base_inst/gen_sdpram.xpm_memory_base_inst/gen_wr_a.gen_word_narrow.mem_reg_0_15_0_5/RAMB/CLK
High Pulse Width  Slow    RAMD32/CLK          n/a            1.250         10.000      8.750      SLICE_X58Y89    cnn_accelerator_design_i/axi_dma_0/U0/I_PRMRY_DATAMOVER/GEN_S2MM_FULL.I_S2MM_FULL_WRAPPER/GEN_ENABLE_INDET_BTT_SF.I_INDET_BTT/I_XD_FIFO/NON_BLK_MEM.I_SYNC_FIFOGEN_FIFO/xpm_fifo_instance.xpm_fifo_sync_inst/xpm_fifo_base_inst/gen_sdpram.xpm_memory_base_inst/gen_wr_a.gen_word_narrow.mem_reg_0_15_0_5/RAMB_D1/CLK
High Pulse Width  Fast    RAMD32/CLK          n/a            1.250         10.000      8.750      SLICE_X58Y89    cnn_accelerator_design_i/axi_dma_0/U0/I_PRMRY_DATAMOVER/GEN_S2MM_FULL.I_S2MM_FULL_WRAPPER/GEN_ENABLE_INDET_BTT_SF.I_INDET_BTT/I_XD_FIFO/NON_BLK_MEM.I_SYNC_FIFOGEN_FIFO/xpm_fifo_instance.xpm_fifo_sync_inst/xpm_fifo_base_inst/gen_sdpram.xpm_memory_base_inst/gen_wr_a.gen_word_narrow.mem_reg_0_15_0_5/RAMB_D1/CLK
High Pulse Width  Slow    RAMD32/CLK          n/a            1.250         10.000      8.750      SLICE_X58Y89    cnn_accelerator_design_i/axi_dma_0/U0/I_PRMRY_DATAMOVER/GEN_S2MM_FULL.I_S2MM_FULL_WRAPPER/GEN_ENABLE_INDET_BTT_SF.I_INDET_BTT/I_XD_FIFO/NON_BLK_MEM.I_SYNC_FIFOGEN_FIFO/xpm_fifo_instance.xpm_fifo_sync_inst/xpm_fifo_base_inst/gen_sdpram.xpm_memory_base_inst/gen_wr_a.gen_word_narrow.mem_reg_0_15_0_5/RAMC/CLK
High Pulse Width  Fast    RAMD32/CLK          n/a            1.250         10.000      8.750      SLICE_X58Y89    cnn_accelerator_design_i/axi_dma_0/U0/I_PRMRY_DATAMOVER/GEN_S2MM_FULL.I_S2MM_FULL_WRAPPER/GEN_ENABLE_INDET_BTT_SF.I_INDET_BTT/I_XD_FIFO/NON_BLK_MEM.I_SYNC_FIFOGEN_FIFO/xpm_fifo_instance.xpm_fifo_sync_inst/xpm_fifo_base_inst/gen_sdpram.xpm_memory_base_inst/gen_wr_a.gen_word_narrow.mem_reg_0_15_0_5/RAMC/CLK



---------------------------------------------------------------------------------------------------
Path Group:  **async_default**
From Clock:  clk_fpga_0
  To Clock:  clk_fpga_0

Setup :            0  Failing Endpoints,  Worst Slack       16.176ns,  Total Violation        0.000ns
Hold  :            0  Failing Endpoints,  Worst Slack        0.572ns,  Total Violation        0.000ns
---------------------------------------------------------------------------------------------------


Max Delay Paths
--------------------------------------------------------------------------------------
Slack (MET) :             16.176ns  (required time - arrival time)
  Source:                 <hidden>
                            (rising edge-triggered cell FDPE clocked by clk_fpga_0  {rise@0.000ns fall@10.000ns period=20.000ns})
  Destination:            <hidden>
                            (recovery check against rising-edge clock clk_fpga_0  {rise@0.000ns fall@10.000ns period=20.000ns})
  Path Group:             **async_default**
  Path Type:              Recovery (Max at Slow Process Corner)
  Requirement:            20.000ns  (clk_fpga_0 rise@20.000ns - clk_fpga_0 rise@0.000ns)
  Data Path Delay:        2.968ns  (logic 0.718ns (24.193%)  route 2.250ns (75.807%))
  Logic Levels:           1  (LUT3=1)
  Clock Path Skew:        -0.149ns (DCD - SCD + CPR)
    Destination Clock Delay (DCD):    2.646ns = ( 22.646 - 20.000 ) 
    Source Clock Delay      (SCD):    2.924ns
    Clock Pessimism Removal (CPR):    0.129ns
  Clock Uncertainty:      0.302ns  ((TSJ^2 + TIJ^2)^1/2 + DJ) / 2 + PE
    Total System Jitter     (TSJ):    0.071ns
    Total Input Jitter      (TIJ):    0.600ns
    Discrete Jitter          (DJ):    0.000ns
    Phase Error              (PE):    0.000ns

    Location             Delay type                Incr(ns)  Path(ns)    Netlist Resource(s)
  -------------------------------------------------------------------    -------------------
                         (clock clk_fpga_0 rise edge)
                                                      0.000     0.000 r  
    PS7_X0Y0             PS7                          0.000     0.000 r  cnn_accelerator_design_i/processing_system7_0/inst/PS7_i/FCLKCLK[0]
                         net (fo=1, routed)           1.193     1.193    cnn_accelerator_design_i/processing_system7_0/inst/FCLK_CLK_unbuffered[0]
    BUFGCTRL_X0Y16       BUFG (Prop_bufg_I_O)         0.101     1.294 r  cnn_accelerator_design_i/processing_system7_0/inst/buffer_fclk_clk_0.FCLK_CLK_0_BUFG/O
                         net (fo=15024, routed)       1.630     2.924    <hidden>
    SLICE_X52Y67         FDPE                                         r  <hidden>
  -------------------------------------------------------------------    -------------------
    SLICE_X52Y67         FDPE (Prop_fdpe_C_Q)         0.419     3.343 f  <hidden>
                         net (fo=3, routed)           0.874     4.217    <hidden>
    SLICE_X52Y67         LUT3 (Prop_lut3_I2_O)        0.299     4.516 f  <hidden>
                         net (fo=32, routed)          1.375     5.892    <hidden>
    SLICE_X44Y70         FDCE                                         f  <hidden>
  -------------------------------------------------------------------    -------------------

                         (clock clk_fpga_0 rise edge)
                                                     20.000    20.000 r  
    PS7_X0Y0             PS7                          0.000    20.000 r  cnn_accelerator_design_i/processing_system7_0/inst/PS7_i/FCLKCLK[0]
                         net (fo=1, routed)           1.088    21.088    cnn_accelerator_design_i/processing_system7_0/inst/FCLK_CLK_unbuffered[0]
    BUFGCTRL_X0Y16       BUFG (Prop_bufg_I_O)         0.091    21.179 r  cnn_accelerator_design_i/processing_system7_0/inst/buffer_fclk_clk_0.FCLK_CLK_0_BUFG/O
                         net (fo=15024, routed)       1.467    22.646    <hidden>
    SLICE_X44Y70         FDCE                                         r  <hidden>
                         clock pessimism              0.129    22.775    
                         clock uncertainty           -0.302    22.473    
    SLICE_X44Y70         FDCE (Recov_fdce_C_CLR)     -0.405    22.068    <hidden>
  -------------------------------------------------------------------
                         required time                         22.068    
                         arrival time                          -5.892    
  -------------------------------------------------------------------
                         slack                                 16.176    

Slack (MET) :             16.176ns  (required time - arrival time)
  Source:                 <hidden>
                            (rising edge-triggered cell FDPE clocked by clk_fpga_0  {rise@0.000ns fall@10.000ns period=20.000ns})
  Destination:            <hidden>
                            (recovery check against rising-edge clock clk_fpga_0  {rise@0.000ns fall@10.000ns period=20.000ns})
  Path Group:             **async_default**
  Path Type:              Recovery (Max at Slow Process Corner)
  Requirement:            20.000ns  (clk_fpga_0 rise@20.000ns - clk_fpga_0 rise@0.000ns)
  Data Path Delay:        2.968ns  (logic 0.718ns (24.193%)  route 2.250ns (75.807%))
  Logic Levels:           1  (LUT3=1)
  Clock Path Skew:        -0.149ns (DCD - SCD + CPR)
    Destination Clock Delay (DCD):    2.646ns = ( 22.646 - 20.000 ) 
    Source Clock Delay      (SCD):    2.924ns
    Clock Pessimism Removal (CPR):    0.129ns
  Clock Uncertainty:      0.302ns  ((TSJ^2 + TIJ^2)^1/2 + DJ) / 2 + PE
    Total System Jitter     (TSJ):    0.071ns
    Total Input Jitter      (TIJ):    0.600ns
    Discrete Jitter          (DJ):    0.000ns
    Phase Error              (PE):    0.000ns

    Location             Delay type                Incr(ns)  Path(ns)    Netlist Resource(s)
  -------------------------------------------------------------------    -------------------
                         (clock clk_fpga_0 rise edge)
                                                      0.000     0.000 r  
    PS7_X0Y0             PS7                          0.000     0.000 r  cnn_accelerator_design_i/processing_system7_0/inst/PS7_i/FCLKCLK[0]
                         net (fo=1, routed)           1.193     1.193    cnn_accelerator_design_i/processing_system7_0/inst/FCLK_CLK_unbuffered[0]
    BUFGCTRL_X0Y16       BUFG (Prop_bufg_I_O)         0.101     1.294 r  cnn_accelerator_design_i/processing_system7_0/inst/buffer_fclk_clk_0.FCLK_CLK_0_BUFG/O
                         net (fo=15024, routed)       1.630     2.924    <hidden>
    SLICE_X52Y67         FDPE                                         r  <hidden>
  -------------------------------------------------------------------    -------------------
    SLICE_X52Y67         FDPE (Prop_fdpe_C_Q)         0.419     3.343 f  <hidden>
                         net (fo=3, routed)           0.874     4.217    <hidden>
    SLICE_X52Y67         LUT3 (Prop_lut3_I2_O)        0.299     4.516 f  <hidden>
                         net (fo=32, routed)          1.375     5.892    <hidden>
    SLICE_X44Y70         FDCE                                         f  <hidden>
  -------------------------------------------------------------------    -------------------

                         (clock clk_fpga_0 rise edge)
                                                     20.000    20.000 r  
    PS7_X0Y0             PS7                          0.000    20.000 r  cnn_accelerator_design_i/processing_system7_0/inst/PS7_i/FCLKCLK[0]
                         net (fo=1, routed)           1.088    21.088    cnn_accelerator_design_i/processing_system7_0/inst/FCLK_CLK_unbuffered[0]
    BUFGCTRL_X0Y16       BUFG (Prop_bufg_I_O)         0.091    21.179 r  cnn_accelerator_design_i/processing_system7_0/inst/buffer_fclk_clk_0.FCLK_CLK_0_BUFG/O
                         net (fo=15024, routed)       1.467    22.646    <hidden>
    SLICE_X44Y70         FDCE                                         r  <hidden>
                         clock pessimism              0.129    22.775    
                         clock uncertainty           -0.302    22.473    
    SLICE_X44Y70         FDCE (Recov_fdce_C_CLR)     -0.405    22.068    <hidden>
  -------------------------------------------------------------------
                         required time                         22.068    
                         arrival time                          -5.892    
  -------------------------------------------------------------------
                         slack                                 16.176    

Slack (MET) :             16.176ns  (required time - arrival time)
  Source:                 <hidden>
                            (rising edge-triggered cell FDPE clocked by clk_fpga_0  {rise@0.000ns fall@10.000ns period=20.000ns})
  Destination:            <hidden>
                            (recovery check against rising-edge clock clk_fpga_0  {rise@0.000ns fall@10.000ns period=20.000ns})
  Path Group:             **async_default**
  Path Type:              Recovery (Max at Slow Process Corner)
  Requirement:            20.000ns  (clk_fpga_0 rise@20.000ns - clk_fpga_0 rise@0.000ns)
  Data Path Delay:        2.968ns  (logic 0.718ns (24.193%)  route 2.250ns (75.807%))
  Logic Levels:           1  (LUT3=1)
  Clock Path Skew:        -0.149ns (DCD - SCD + CPR)
    Destination Clock Delay (DCD):    2.646ns = ( 22.646 - 20.000 ) 
    Source Clock Delay      (SCD):    2.924ns
    Clock Pessimism Removal (CPR):    0.129ns
  Clock Uncertainty:      0.302ns  ((TSJ^2 + TIJ^2)^1/2 + DJ) / 2 + PE
    Total System Jitter     (TSJ):    0.071ns
    Total Input Jitter      (TIJ):    0.600ns
    Discrete Jitter          (DJ):    0.000ns
    Phase Error              (PE):    0.000ns

    Location             Delay type                Incr(ns)  Path(ns)    Netlist Resource(s)
  -------------------------------------------------------------------    -------------------
                         (clock clk_fpga_0 rise edge)
                                                      0.000     0.000 r  
    PS7_X0Y0             PS7                          0.000     0.000 r  cnn_accelerator_design_i/processing_system7_0/inst/PS7_i/FCLKCLK[0]
                         net (fo=1, routed)           1.193     1.193    cnn_accelerator_design_i/processing_system7_0/inst/FCLK_CLK_unbuffered[0]
    BUFGCTRL_X0Y16       BUFG (Prop_bufg_I_O)         0.101     1.294 r  cnn_accelerator_design_i/processing_system7_0/inst/buffer_fclk_clk_0.FCLK_CLK_0_BUFG/O
                         net (fo=15024, routed)       1.630     2.924    <hidden>
    SLICE_X52Y67         FDPE                                         r  <hidden>
  -------------------------------------------------------------------    -------------------
    SLICE_X52Y67         FDPE (Prop_fdpe_C_Q)         0.419     3.343 f  <hidden>
                         net (fo=3, routed)           0.874     4.217    <hidden>
    SLICE_X52Y67         LUT3 (Prop_lut3_I2_O)        0.299     4.516 f  <hidden>
                         net (fo=32, routed)          1.375     5.892    <hidden>
    SLICE_X44Y70         FDCE                                         f  <hidden>
  -------------------------------------------------------------------    -------------------

                         (clock clk_fpga_0 rise edge)
                                                     20.000    20.000 r  
    PS7_X0Y0             PS7                          0.000    20.000 r  cnn_accelerator_design_i/processing_system7_0/inst/PS7_i/FCLKCLK[0]
                         net (fo=1, routed)           1.088    21.088    cnn_accelerator_design_i/processing_system7_0/inst/FCLK_CLK_unbuffered[0]
    BUFGCTRL_X0Y16       BUFG (Prop_bufg_I_O)         0.091    21.179 r  cnn_accelerator_design_i/processing_system7_0/inst/buffer_fclk_clk_0.FCLK_CLK_0_BUFG/O
                         net (fo=15024, routed)       1.467    22.646    <hidden>
    SLICE_X44Y70         FDCE                                         r  <hidden>
                         clock pessimism              0.129    22.775    
                         clock uncertainty           -0.302    22.473    
    SLICE_X44Y70         FDCE (Recov_fdce_C_CLR)     -0.405    22.068    <hidden>
  -------------------------------------------------------------------
                         required time                         22.068    
                         arrival time                          -5.892    
  -------------------------------------------------------------------
                         slack                                 16.176    

Slack (MET) :             16.176ns  (required time - arrival time)
  Source:                 <hidden>
                            (rising edge-triggered cell FDPE clocked by clk_fpga_0  {rise@0.000ns fall@10.000ns period=20.000ns})
  Destination:            <hidden>
                            (recovery check against rising-edge clock clk_fpga_0  {rise@0.000ns fall@10.000ns period=20.000ns})
  Path Group:             **async_default**
  Path Type:              Recovery (Max at Slow Process Corner)
  Requirement:            20.000ns  (clk_fpga_0 rise@20.000ns - clk_fpga_0 rise@0.000ns)
  Data Path Delay:        2.968ns  (logic 0.718ns (24.193%)  route 2.250ns (75.807%))
  Logic Levels:           1  (LUT3=1)
  Clock Path Skew:        -0.149ns (DCD - SCD + CPR)
    Destination Clock Delay (DCD):    2.646ns = ( 22.646 - 20.000 ) 
    Source Clock Delay      (SCD):    2.924ns
    Clock Pessimism Removal (CPR):    0.129ns
  Clock Uncertainty:      0.302ns  ((TSJ^2 + TIJ^2)^1/2 + DJ) / 2 + PE
    Total System Jitter     (TSJ):    0.071ns
    Total Input Jitter      (TIJ):    0.600ns
    Discrete Jitter          (DJ):    0.000ns
    Phase Error              (PE):    0.000ns

    Location             Delay type                Incr(ns)  Path(ns)    Netlist Resource(s)
  -------------------------------------------------------------------    -------------------
                         (clock clk_fpga_0 rise edge)
                                                      0.000     0.000 r  
    PS7_X0Y0             PS7                          0.000     0.000 r  cnn_accelerator_design_i/processing_system7_0/inst/PS7_i/FCLKCLK[0]
                         net (fo=1, routed)           1.193     1.193    cnn_accelerator_design_i/processing_system7_0/inst/FCLK_CLK_unbuffered[0]
    BUFGCTRL_X0Y16       BUFG (Prop_bufg_I_O)         0.101     1.294 r  cnn_accelerator_design_i/processing_system7_0/inst/buffer_fclk_clk_0.FCLK_CLK_0_BUFG/O
                         net (fo=15024, routed)       1.630     2.924    <hidden>
    SLICE_X52Y67         FDPE                                         r  <hidden>
  -------------------------------------------------------------------    -------------------
    SLICE_X52Y67         FDPE (Prop_fdpe_C_Q)         0.419     3.343 f  <hidden>
                         net (fo=3, routed)           0.874     4.217    <hidden>
    SLICE_X52Y67         LUT3 (Prop_lut3_I2_O)        0.299     4.516 f  <hidden>
                         net (fo=32, routed)          1.375     5.892    <hidden>
    SLICE_X44Y70         FDCE                                         f  <hidden>
  -------------------------------------------------------------------    -------------------

                         (clock clk_fpga_0 rise edge)
                                                     20.000    20.000 r  
    PS7_X0Y0             PS7                          0.000    20.000 r  cnn_accelerator_design_i/processing_system7_0/inst/PS7_i/FCLKCLK[0]
                         net (fo=1, routed)           1.088    21.088    cnn_accelerator_design_i/processing_system7_0/inst/FCLK_CLK_unbuffered[0]
    BUFGCTRL_X0Y16       BUFG (Prop_bufg_I_O)         0.091    21.179 r  cnn_accelerator_design_i/processing_system7_0/inst/buffer_fclk_clk_0.FCLK_CLK_0_BUFG/O
                         net (fo=15024, routed)       1.467    22.646    <hidden>
    SLICE_X44Y70         FDCE                                         r  <hidden>
                         clock pessimism              0.129    22.775    
                         clock uncertainty           -0.302    22.473    
    SLICE_X44Y70         FDCE (Recov_fdce_C_CLR)     -0.405    22.068    <hidden>
  -------------------------------------------------------------------
                         required time                         22.068    
                         arrival time                          -5.892    
  -------------------------------------------------------------------
                         slack                                 16.176    

Slack (MET) :             16.176ns  (required time - arrival time)
  Source:                 <hidden>
                            (rising edge-triggered cell FDPE clocked by clk_fpga_0  {rise@0.000ns fall@10.000ns period=20.000ns})
  Destination:            <hidden>
                            (recovery check against rising-edge clock clk_fpga_0  {rise@0.000ns fall@10.000ns period=20.000ns})
  Path Group:             **async_default**
  Path Type:              Recovery (Max at Slow Process Corner)
  Requirement:            20.000ns  (clk_fpga_0 rise@20.000ns - clk_fpga_0 rise@0.000ns)
  Data Path Delay:        2.968ns  (logic 0.718ns (24.193%)  route 2.250ns (75.807%))
  Logic Levels:           1  (LUT3=1)
  Clock Path Skew:        -0.149ns (DCD - SCD + CPR)
    Destination Clock Delay (DCD):    2.646ns = ( 22.646 - 20.000 ) 
    Source Clock Delay      (SCD):    2.924ns
    Clock Pessimism Removal (CPR):    0.129ns
  Clock Uncertainty:      0.302ns  ((TSJ^2 + TIJ^2)^1/2 + DJ) / 2 + PE
    Total System Jitter     (TSJ):    0.071ns
    Total Input Jitter      (TIJ):    0.600ns
    Discrete Jitter          (DJ):    0.000ns
    Phase Error              (PE):    0.000ns

    Location             Delay type                Incr(ns)  Path(ns)    Netlist Resource(s)
  -------------------------------------------------------------------    -------------------
                         (clock clk_fpga_0 rise edge)
                                                      0.000     0.000 r  
    PS7_X0Y0             PS7                          0.000     0.000 r  cnn_accelerator_design_i/processing_system7_0/inst/PS7_i/FCLKCLK[0]
                         net (fo=1, routed)           1.193     1.193    cnn_accelerator_design_i/processing_system7_0/inst/FCLK_CLK_unbuffered[0]
    BUFGCTRL_X0Y16       BUFG (Prop_bufg_I_O)         0.101     1.294 r  cnn_accelerator_design_i/processing_system7_0/inst/buffer_fclk_clk_0.FCLK_CLK_0_BUFG/O
                         net (fo=15024, routed)       1.630     2.924    <hidden>
    SLICE_X52Y67         FDPE                                         r  <hidden>
  -------------------------------------------------------------------    -------------------
    SLICE_X52Y67         FDPE (Prop_fdpe_C_Q)         0.419     3.343 f  <hidden>
                         net (fo=3, routed)           0.874     4.217    <hidden>
    SLICE_X52Y67         LUT3 (Prop_lut3_I2_O)        0.299     4.516 f  <hidden>
                         net (fo=32, routed)          1.375     5.892    <hidden>
    SLICE_X44Y70         FDCE                                         f  <hidden>
  -------------------------------------------------------------------    -------------------

                         (clock clk_fpga_0 rise edge)
                                                     20.000    20.000 r  
    PS7_X0Y0             PS7                          0.000    20.000 r  cnn_accelerator_design_i/processing_system7_0/inst/PS7_i/FCLKCLK[0]
                         net (fo=1, routed)           1.088    21.088    cnn_accelerator_design_i/processing_system7_0/inst/FCLK_CLK_unbuffered[0]
    BUFGCTRL_X0Y16       BUFG (Prop_bufg_I_O)         0.091    21.179 r  cnn_accelerator_design_i/processing_system7_0/inst/buffer_fclk_clk_0.FCLK_CLK_0_BUFG/O
                         net (fo=15024, routed)       1.467    22.646    <hidden>
    SLICE_X44Y70         FDCE                                         r  <hidden>
                         clock pessimism              0.129    22.775    
                         clock uncertainty           -0.302    22.473    
    SLICE_X44Y70         FDCE (Recov_fdce_C_CLR)     -0.405    22.068    <hidden>
  -------------------------------------------------------------------
                         required time                         22.068    
                         arrival time                          -5.892    
  -------------------------------------------------------------------
                         slack                                 16.176    

Slack (MET) :             16.177ns  (required time - arrival time)
  Source:                 <hidden>
                            (rising edge-triggered cell FDPE clocked by clk_fpga_0  {rise@0.000ns fall@10.000ns period=20.000ns})
  Destination:            <hidden>
                            (recovery check against rising-edge clock clk_fpga_0  {rise@0.000ns fall@10.000ns period=20.000ns})
  Path Group:             **async_default**
  Path Type:              Recovery (Max at Slow Process Corner)
  Requirement:            20.000ns  (clk_fpga_0 rise@20.000ns - clk_fpga_0 rise@0.000ns)
  Data Path Delay:        2.967ns  (logic 0.718ns (24.199%)  route 2.249ns (75.801%))
  Logic Levels:           1  (LUT3=1)
  Clock Path Skew:        -0.149ns (DCD - SCD + CPR)
    Destination Clock Delay (DCD):    2.646ns = ( 22.646 - 20.000 ) 
    Source Clock Delay      (SCD):    2.924ns
    Clock Pessimism Removal (CPR):    0.129ns
  Clock Uncertainty:      0.302ns  ((TSJ^2 + TIJ^2)^1/2 + DJ) / 2 + PE
    Total System Jitter     (TSJ):    0.071ns
    Total Input Jitter      (TIJ):    0.600ns
    Discrete Jitter          (DJ):    0.000ns
    Phase Error              (PE):    0.000ns

    Location             Delay type                Incr(ns)  Path(ns)    Netlist Resource(s)
  -------------------------------------------------------------------    -------------------
                         (clock clk_fpga_0 rise edge)
                                                      0.000     0.000 r  
    PS7_X0Y0             PS7                          0.000     0.000 r  cnn_accelerator_design_i/processing_system7_0/inst/PS7_i/FCLKCLK[0]
                         net (fo=1, routed)           1.193     1.193    cnn_accelerator_design_i/processing_system7_0/inst/FCLK_CLK_unbuffered[0]
    BUFGCTRL_X0Y16       BUFG (Prop_bufg_I_O)         0.101     1.294 r  cnn_accelerator_design_i/processing_system7_0/inst/buffer_fclk_clk_0.FCLK_CLK_0_BUFG/O
                         net (fo=15024, routed)       1.630     2.924    <hidden>
    SLICE_X52Y67         FDPE                                         r  <hidden>
  -------------------------------------------------------------------    -------------------
    SLICE_X52Y67         FDPE (Prop_fdpe_C_Q)         0.419     3.343 f  <hidden>
                         net (fo=3, routed)           0.874     4.217    <hidden>
    SLICE_X52Y67         LUT3 (Prop_lut3_I2_O)        0.299     4.516 f  <hidden>
                         net (fo=32, routed)          1.375     5.891    <hidden>
    SLICE_X47Y69         FDCE                                         f  <hidden>
  -------------------------------------------------------------------    -------------------

                         (clock clk_fpga_0 rise edge)
                                                     20.000    20.000 r  
    PS7_X0Y0             PS7                          0.000    20.000 r  cnn_accelerator_design_i/processing_system7_0/inst/PS7_i/FCLKCLK[0]
                         net (fo=1, routed)           1.088    21.088    cnn_accelerator_design_i/processing_system7_0/inst/FCLK_CLK_unbuffered[0]
    BUFGCTRL_X0Y16       BUFG (Prop_bufg_I_O)         0.091    21.179 r  cnn_accelerator_design_i/processing_system7_0/inst/buffer_fclk_clk_0.FCLK_CLK_0_BUFG/O
                         net (fo=15024, routed)       1.467    22.646    <hidden>
    SLICE_X47Y69         FDCE                                         r  <hidden>
                         clock pessimism              0.129    22.775    
                         clock uncertainty           -0.302    22.473    
    SLICE_X47Y69         FDCE (Recov_fdce_C_CLR)     -0.405    22.068    <hidden>
  -------------------------------------------------------------------
                         required time                         22.068    
                         arrival time                          -5.891    
  -------------------------------------------------------------------
                         slack                                 16.177    

Slack (MET) :             16.177ns  (required time - arrival time)
  Source:                 <hidden>
                            (rising edge-triggered cell FDPE clocked by clk_fpga_0  {rise@0.000ns fall@10.000ns period=20.000ns})
  Destination:            <hidden>
                            (recovery check against rising-edge clock clk_fpga_0  {rise@0.000ns fall@10.000ns period=20.000ns})
  Path Group:             **async_default**
  Path Type:              Recovery (Max at Slow Process Corner)
  Requirement:            20.000ns  (clk_fpga_0 rise@20.000ns - clk_fpga_0 rise@0.000ns)
  Data Path Delay:        2.967ns  (logic 0.718ns (24.199%)  route 2.249ns (75.801%))
  Logic Levels:           1  (LUT3=1)
  Clock Path Skew:        -0.149ns (DCD - SCD + CPR)
    Destination Clock Delay (DCD):    2.646ns = ( 22.646 - 20.000 ) 
    Source Clock Delay      (SCD):    2.924ns
    Clock Pessimism Removal (CPR):    0.129ns
  Clock Uncertainty:      0.302ns  ((TSJ^2 + TIJ^2)^1/2 + DJ) / 2 + PE
    Total System Jitter     (TSJ):    0.071ns
    Total Input Jitter      (TIJ):    0.600ns
    Discrete Jitter          (DJ):    0.000ns
    Phase Error              (PE):    0.000ns

    Location             Delay type                Incr(ns)  Path(ns)    Netlist Resource(s)
  -------------------------------------------------------------------    -------------------
                         (clock clk_fpga_0 rise edge)
                                                      0.000     0.000 r  
    PS7_X0Y0             PS7                          0.000     0.000 r  cnn_accelerator_design_i/processing_system7_0/inst/PS7_i/FCLKCLK[0]
                         net (fo=1, routed)           1.193     1.193    cnn_accelerator_design_i/processing_system7_0/inst/FCLK_CLK_unbuffered[0]
    BUFGCTRL_X0Y16       BUFG (Prop_bufg_I_O)         0.101     1.294 r  cnn_accelerator_design_i/processing_system7_0/inst/buffer_fclk_clk_0.FCLK_CLK_0_BUFG/O
                         net (fo=15024, routed)       1.630     2.924    <hidden>
    SLICE_X52Y67         FDPE                                         r  <hidden>
  -------------------------------------------------------------------    -------------------
    SLICE_X52Y67         FDPE (Prop_fdpe_C_Q)         0.419     3.343 f  <hidden>
                         net (fo=3, routed)           0.874     4.217    <hidden>
    SLICE_X52Y67         LUT3 (Prop_lut3_I2_O)        0.299     4.516 f  <hidden>
                         net (fo=32, routed)          1.375     5.891    <hidden>
    SLICE_X47Y69         FDCE                                         f  <hidden>
  -------------------------------------------------------------------    -------------------

                         (clock clk_fpga_0 rise edge)
                                                     20.000    20.000 r  
    PS7_X0Y0             PS7                          0.000    20.000 r  cnn_accelerator_design_i/processing_system7_0/inst/PS7_i/FCLKCLK[0]
                         net (fo=1, routed)           1.088    21.088    cnn_accelerator_design_i/processing_system7_0/inst/FCLK_CLK_unbuffered[0]
    BUFGCTRL_X0Y16       BUFG (Prop_bufg_I_O)         0.091    21.179 r  cnn_accelerator_design_i/processing_system7_0/inst/buffer_fclk_clk_0.FCLK_CLK_0_BUFG/O
                         net (fo=15024, routed)       1.467    22.646    <hidden>
    SLICE_X47Y69         FDCE                                         r  <hidden>
                         clock pessimism              0.129    22.775    
                         clock uncertainty           -0.302    22.473    
    SLICE_X47Y69         FDCE (Recov_fdce_C_CLR)     -0.405    22.068    <hidden>
  -------------------------------------------------------------------
                         required time                         22.068    
                         arrival time                          -5.891    
  -------------------------------------------------------------------
                         slack                                 16.177    

Slack (MET) :             16.177ns  (required time - arrival time)
  Source:                 <hidden>
                            (rising edge-triggered cell FDPE clocked by clk_fpga_0  {rise@0.000ns fall@10.000ns period=20.000ns})
  Destination:            <hidden>
                            (recovery check against rising-edge clock clk_fpga_0  {rise@0.000ns fall@10.000ns period=20.000ns})
  Path Group:             **async_default**
  Path Type:              Recovery (Max at Slow Process Corner)
  Requirement:            20.000ns  (clk_fpga_0 rise@20.000ns - clk_fpga_0 rise@0.000ns)
  Data Path Delay:        2.967ns  (logic 0.718ns (24.199%)  route 2.249ns (75.801%))
  Logic Levels:           1  (LUT3=1)
  Clock Path Skew:        -0.149ns (DCD - SCD + CPR)
    Destination Clock Delay (DCD):    2.646ns = ( 22.646 - 20.000 ) 
    Source Clock Delay      (SCD):    2.924ns
    Clock Pessimism Removal (CPR):    0.129ns
  Clock Uncertainty:      0.302ns  ((TSJ^2 + TIJ^2)^1/2 + DJ) / 2 + PE
    Total System Jitter     (TSJ):    0.071ns
    Total Input Jitter      (TIJ):    0.600ns
    Discrete Jitter          (DJ):    0.000ns
    Phase Error              (PE):    0.000ns

    Location             Delay type                Incr(ns)  Path(ns)    Netlist Resource(s)
  -------------------------------------------------------------------    -------------------
                         (clock clk_fpga_0 rise edge)
                                                      0.000     0.000 r  
    PS7_X0Y0             PS7                          0.000     0.000 r  cnn_accelerator_design_i/processing_system7_0/inst/PS7_i/FCLKCLK[0]
                         net (fo=1, routed)           1.193     1.193    cnn_accelerator_design_i/processing_system7_0/inst/FCLK_CLK_unbuffered[0]
    BUFGCTRL_X0Y16       BUFG (Prop_bufg_I_O)         0.101     1.294 r  cnn_accelerator_design_i/processing_system7_0/inst/buffer_fclk_clk_0.FCLK_CLK_0_BUFG/O
                         net (fo=15024, routed)       1.630     2.924    <hidden>
    SLICE_X52Y67         FDPE                                         r  <hidden>
  -------------------------------------------------------------------    -------------------
    SLICE_X52Y67         FDPE (Prop_fdpe_C_Q)         0.419     3.343 f  <hidden>
                         net (fo=3, routed)           0.874     4.217    <hidden>
    SLICE_X52Y67         LUT3 (Prop_lut3_I2_O)        0.299     4.516 f  <hidden>
                         net (fo=32, routed)          1.375     5.891    <hidden>
    SLICE_X47Y69         FDCE                                         f  <hidden>
  -------------------------------------------------------------------    -------------------

                         (clock clk_fpga_0 rise edge)
                                                     20.000    20.000 r  
    PS7_X0Y0             PS7                          0.000    20.000 r  cnn_accelerator_design_i/processing_system7_0/inst/PS7_i/FCLKCLK[0]
                         net (fo=1, routed)           1.088    21.088    cnn_accelerator_design_i/processing_system7_0/inst/FCLK_CLK_unbuffered[0]
    BUFGCTRL_X0Y16       BUFG (Prop_bufg_I_O)         0.091    21.179 r  cnn_accelerator_design_i/processing_system7_0/inst/buffer_fclk_clk_0.FCLK_CLK_0_BUFG/O
                         net (fo=15024, routed)       1.467    22.646    <hidden>
    SLICE_X47Y69         FDCE                                         r  <hidden>
                         clock pessimism              0.129    22.775    
                         clock uncertainty           -0.302    22.473    
    SLICE_X47Y69         FDCE (Recov_fdce_C_CLR)     -0.405    22.068    <hidden>
  -------------------------------------------------------------------
                         required time                         22.068    
                         arrival time                          -5.891    
  -------------------------------------------------------------------
                         slack                                 16.177    

Slack (MET) :             16.177ns  (required time - arrival time)
  Source:                 <hidden>
                            (rising edge-triggered cell FDPE clocked by clk_fpga_0  {rise@0.000ns fall@10.000ns period=20.000ns})
  Destination:            <hidden>
                            (recovery check against rising-edge clock clk_fpga_0  {rise@0.000ns fall@10.000ns period=20.000ns})
  Path Group:             **async_default**
  Path Type:              Recovery (Max at Slow Process Corner)
  Requirement:            20.000ns  (clk_fpga_0 rise@20.000ns - clk_fpga_0 rise@0.000ns)
  Data Path Delay:        2.967ns  (logic 0.718ns (24.199%)  route 2.249ns (75.801%))
  Logic Levels:           1  (LUT3=1)
  Clock Path Skew:        -0.149ns (DCD - SCD + CPR)
    Destination Clock Delay (DCD):    2.646ns = ( 22.646 - 20.000 ) 
    Source Clock Delay      (SCD):    2.924ns
    Clock Pessimism Removal (CPR):    0.129ns
  Clock Uncertainty:      0.302ns  ((TSJ^2 + TIJ^2)^1/2 + DJ) / 2 + PE
    Total System Jitter     (TSJ):    0.071ns
    Total Input Jitter      (TIJ):    0.600ns
    Discrete Jitter          (DJ):    0.000ns
    Phase Error              (PE):    0.000ns

    Location             Delay type                Incr(ns)  Path(ns)    Netlist Resource(s)
  -------------------------------------------------------------------    -------------------
                         (clock clk_fpga_0 rise edge)
                                                      0.000     0.000 r  
    PS7_X0Y0             PS7                          0.000     0.000 r  cnn_accelerator_design_i/processing_system7_0/inst/PS7_i/FCLKCLK[0]
                         net (fo=1, routed)           1.193     1.193    cnn_accelerator_design_i/processing_system7_0/inst/FCLK_CLK_unbuffered[0]
    BUFGCTRL_X0Y16       BUFG (Prop_bufg_I_O)         0.101     1.294 r  cnn_accelerator_design_i/processing_system7_0/inst/buffer_fclk_clk_0.FCLK_CLK_0_BUFG/O
                         net (fo=15024, routed)       1.630     2.924    <hidden>
    SLICE_X52Y67         FDPE                                         r  <hidden>
  -------------------------------------------------------------------    -------------------
    SLICE_X52Y67         FDPE (Prop_fdpe_C_Q)         0.419     3.343 f  <hidden>
                         net (fo=3, routed)           0.874     4.217    <hidden>
    SLICE_X52Y67         LUT3 (Prop_lut3_I2_O)        0.299     4.516 f  <hidden>
                         net (fo=32, routed)          1.375     5.891    <hidden>
    SLICE_X47Y69         FDCE                                         f  <hidden>
  -------------------------------------------------------------------    -------------------

                         (clock clk_fpga_0 rise edge)
                                                     20.000    20.000 r  
    PS7_X0Y0             PS7                          0.000    20.000 r  cnn_accelerator_design_i/processing_system7_0/inst/PS7_i/FCLKCLK[0]
                         net (fo=1, routed)           1.088    21.088    cnn_accelerator_design_i/processing_system7_0/inst/FCLK_CLK_unbuffered[0]
    BUFGCTRL_X0Y16       BUFG (Prop_bufg_I_O)         0.091    21.179 r  cnn_accelerator_design_i/processing_system7_0/inst/buffer_fclk_clk_0.FCLK_CLK_0_BUFG/O
                         net (fo=15024, routed)       1.467    22.646    <hidden>
    SLICE_X47Y69         FDCE                                         r  <hidden>
                         clock pessimism              0.129    22.775    
                         clock uncertainty           -0.302    22.473    
    SLICE_X47Y69         FDCE (Recov_fdce_C_CLR)     -0.405    22.068    <hidden>
  -------------------------------------------------------------------
                         required time                         22.068    
                         arrival time                          -5.891    
  -------------------------------------------------------------------
                         slack                                 16.177    

Slack (MET) :             16.222ns  (required time - arrival time)
  Source:                 <hidden>
                            (rising edge-triggered cell FDPE clocked by clk_fpga_0  {rise@0.000ns fall@10.000ns period=20.000ns})
  Destination:            <hidden>
                            (recovery check against rising-edge clock clk_fpga_0  {rise@0.000ns fall@10.000ns period=20.000ns})
  Path Group:             **async_default**
  Path Type:              Recovery (Max at Slow Process Corner)
  Requirement:            20.000ns  (clk_fpga_0 rise@20.000ns - clk_fpga_0 rise@0.000ns)
  Data Path Delay:        2.968ns  (logic 0.718ns (24.193%)  route 2.250ns (75.807%))
  Logic Levels:           1  (LUT3=1)
  Clock Path Skew:        -0.149ns (DCD - SCD + CPR)
    Destination Clock Delay (DCD):    2.646ns = ( 22.646 - 20.000 ) 
    Source Clock Delay      (SCD):    2.924ns
    Clock Pessimism Removal (CPR):    0.129ns
  Clock Uncertainty:      0.302ns  ((TSJ^2 + TIJ^2)^1/2 + DJ) / 2 + PE
    Total System Jitter     (TSJ):    0.071ns
    Total Input Jitter      (TIJ):    0.600ns
    Discrete Jitter          (DJ):    0.000ns
    Phase Error              (PE):    0.000ns

    Location             Delay type                Incr(ns)  Path(ns)    Netlist Resource(s)
  -------------------------------------------------------------------    -------------------
                         (clock clk_fpga_0 rise edge)
                                                      0.000     0.000 r  
    PS7_X0Y0             PS7                          0.000     0.000 r  cnn_accelerator_design_i/processing_system7_0/inst/PS7_i/FCLKCLK[0]
                         net (fo=1, routed)           1.193     1.193    cnn_accelerator_design_i/processing_system7_0/inst/FCLK_CLK_unbuffered[0]
    BUFGCTRL_X0Y16       BUFG (Prop_bufg_I_O)         0.101     1.294 r  cnn_accelerator_design_i/processing_system7_0/inst/buffer_fclk_clk_0.FCLK_CLK_0_BUFG/O
                         net (fo=15024, routed)       1.630     2.924    <hidden>
    SLICE_X52Y67         FDPE                                         r  <hidden>
  -------------------------------------------------------------------    -------------------
    SLICE_X52Y67         FDPE (Prop_fdpe_C_Q)         0.419     3.343 f  <hidden>
                         net (fo=3, routed)           0.874     4.217    <hidden>
    SLICE_X52Y67         LUT3 (Prop_lut3_I2_O)        0.299     4.516 f  <hidden>
                         net (fo=32, routed)          1.375     5.892    <hidden>
    SLICE_X44Y70         FDPE                                         f  <hidden>
  -------------------------------------------------------------------    -------------------

                         (clock clk_fpga_0 rise edge)
                                                     20.000    20.000 r  
    PS7_X0Y0             PS7                          0.000    20.000 r  cnn_accelerator_design_i/processing_system7_0/inst/PS7_i/FCLKCLK[0]
                         net (fo=1, routed)           1.088    21.088    cnn_accelerator_design_i/processing_system7_0/inst/FCLK_CLK_unbuffered[0]
    BUFGCTRL_X0Y16       BUFG (Prop_bufg_I_O)         0.091    21.179 r  cnn_accelerator_design_i/processing_system7_0/inst/buffer_fclk_clk_0.FCLK_CLK_0_BUFG/O
                         net (fo=15024, routed)       1.467    22.646    <hidden>
    SLICE_X44Y70         FDPE                                         r  <hidden>
                         clock pessimism              0.129    22.775    
                         clock uncertainty           -0.302    22.473    
    SLICE_X44Y70         FDPE (Recov_fdpe_C_PRE)     -0.359    22.114    <hidden>
  -------------------------------------------------------------------
                         required time                         22.114    
                         arrival time                          -5.892    
  -------------------------------------------------------------------
                         slack                                 16.222    





Min Delay Paths
--------------------------------------------------------------------------------------
Slack (MET) :             0.572ns  (arrival time - required time)
  Source:                 <hidden>
                            (rising edge-triggered cell FDRE clocked by clk_fpga_0  {rise@0.000ns fall@10.000ns period=20.000ns})
  Destination:            <hidden>
                            (removal check against rising-edge clock clk_fpga_0  {rise@0.000ns fall@10.000ns period=20.000ns})
  Path Group:             **async_default**
  Path Type:              Removal (Min at Fast Process Corner)
  Requirement:            0.000ns  (clk_fpga_0 rise@0.000ns - clk_fpga_0 rise@0.000ns)
  Data Path Delay:        0.514ns  (logic 0.227ns (44.196%)  route 0.287ns (55.804%))
  Logic Levels:           1  (LUT3=1)
  Clock Path Skew:        0.034ns (DCD - SCD - CPR)
    Destination Clock Delay (DCD):    1.202ns
    Source Clock Delay      (SCD):    0.904ns
    Clock Pessimism Removal (CPR):    0.264ns

    Location             Delay type                Incr(ns)  Path(ns)    Netlist Resource(s)
  -------------------------------------------------------------------    -------------------
                         (clock clk_fpga_0 rise edge)
                                                      0.000     0.000 r  
    PS7_X0Y0             PS7                          0.000     0.000 r  cnn_accelerator_design_i/processing_system7_0/inst/PS7_i/FCLKCLK[0]
                         net (fo=1, routed)           0.310     0.310    cnn_accelerator_design_i/processing_system7_0/inst/FCLK_CLK_unbuffered[0]
    BUFGCTRL_X0Y16       BUFG (Prop_bufg_I_O)         0.026     0.336 r  cnn_accelerator_design_i/processing_system7_0/inst/buffer_fclk_clk_0.FCLK_CLK_0_BUFG/O
                         net (fo=15024, routed)       0.568     0.904    <hidden>
    SLICE_X55Y69         FDRE                                         r  <hidden>
  -------------------------------------------------------------------    -------------------
    SLICE_X55Y69         FDRE (Prop_fdre_C_Q)         0.128     1.032 f  <hidden>
                         net (fo=2, routed)           0.130     1.161    <hidden>
    SLICE_X54Y70         LUT3 (Prop_lut3_I0_O)        0.099     1.260 f  <hidden>
                         net (fo=32, routed)          0.157     1.417    <hidden>
    SLICE_X57Y70         FDCE                                         f  <hidden>
  -------------------------------------------------------------------    -------------------

                         (clock clk_fpga_0 rise edge)
                                                      0.000     0.000 r  
    PS7_X0Y0             PS7                          0.000     0.000 r  cnn_accelerator_design_i/processing_system7_0/inst/PS7_i/FCLKCLK[0]
                         net (fo=1, routed)           0.337     0.337    cnn_accelerator_design_i/processing_system7_0/inst/FCLK_CLK_unbuffered[0]
    BUFGCTRL_X0Y16       BUFG (Prop_bufg_I_O)         0.029     0.366 r  cnn_accelerator_design_i/processing_system7_0/inst/buffer_fclk_clk_0.FCLK_CLK_0_BUFG/O
                         net (fo=15024, routed)       0.836     1.202    <hidden>
    SLICE_X57Y70         FDCE                                         r  <hidden>
                         clock pessimism             -0.264     0.938    
    SLICE_X57Y70         FDCE (Remov_fdce_C_CLR)     -0.092     0.846    <hidden>
  -------------------------------------------------------------------
                         required time                         -0.846    
                         arrival time                           1.417    
  -------------------------------------------------------------------
                         slack                                  0.572    

Slack (MET) :             0.572ns  (arrival time - required time)
  Source:                 <hidden>
                            (rising edge-triggered cell FDRE clocked by clk_fpga_0  {rise@0.000ns fall@10.000ns period=20.000ns})
  Destination:            <hidden>
                            (removal check against rising-edge clock clk_fpga_0  {rise@0.000ns fall@10.000ns period=20.000ns})
  Path Group:             **async_default**
  Path Type:              Removal (Min at Fast Process Corner)
  Requirement:            0.000ns  (clk_fpga_0 rise@0.000ns - clk_fpga_0 rise@0.000ns)
  Data Path Delay:        0.514ns  (logic 0.227ns (44.196%)  route 0.287ns (55.804%))
  Logic Levels:           1  (LUT3=1)
  Clock Path Skew:        0.034ns (DCD - SCD - CPR)
    Destination Clock Delay (DCD):    1.202ns
    Source Clock Delay      (SCD):    0.904ns
    Clock Pessimism Removal (CPR):    0.264ns

    Location             Delay type                Incr(ns)  Path(ns)    Netlist Resource(s)
  -------------------------------------------------------------------    -------------------
                         (clock clk_fpga_0 rise edge)
                                                      0.000     0.000 r  
    PS7_X0Y0             PS7                          0.000     0.000 r  cnn_accelerator_design_i/processing_system7_0/inst/PS7_i/FCLKCLK[0]
                         net (fo=1, routed)           0.310     0.310    cnn_accelerator_design_i/processing_system7_0/inst/FCLK_CLK_unbuffered[0]
    BUFGCTRL_X0Y16       BUFG (Prop_bufg_I_O)         0.026     0.336 r  cnn_accelerator_design_i/processing_system7_0/inst/buffer_fclk_clk_0.FCLK_CLK_0_BUFG/O
                         net (fo=15024, routed)       0.568     0.904    <hidden>
    SLICE_X55Y69         FDRE                                         r  <hidden>
  -------------------------------------------------------------------    -------------------
    SLICE_X55Y69         FDRE (Prop_fdre_C_Q)         0.128     1.032 f  <hidden>
                         net (fo=2, routed)           0.130     1.161    <hidden>
    SLICE_X54Y70         LUT3 (Prop_lut3_I0_O)        0.099     1.260 f  <hidden>
                         net (fo=32, routed)          0.157     1.417    <hidden>
    SLICE_X57Y70         FDCE                                         f  <hidden>
  -------------------------------------------------------------------    -------------------

                         (clock clk_fpga_0 rise edge)
                                                      0.000     0.000 r  
    PS7_X0Y0             PS7                          0.000     0.000 r  cnn_accelerator_design_i/processing_system7_0/inst/PS7_i/FCLKCLK[0]
                         net (fo=1, routed)           0.337     0.337    cnn_accelerator_design_i/processing_system7_0/inst/FCLK_CLK_unbuffered[0]
    BUFGCTRL_X0Y16       BUFG (Prop_bufg_I_O)         0.029     0.366 r  cnn_accelerator_design_i/processing_system7_0/inst/buffer_fclk_clk_0.FCLK_CLK_0_BUFG/O
                         net (fo=15024, routed)       0.836     1.202    <hidden>
    SLICE_X57Y70         FDCE                                         r  <hidden>
                         clock pessimism             -0.264     0.938    
    SLICE_X57Y70         FDCE (Remov_fdce_C_CLR)     -0.092     0.846    <hidden>
  -------------------------------------------------------------------
                         required time                         -0.846    
                         arrival time                           1.417    
  -------------------------------------------------------------------
                         slack                                  0.572    

Slack (MET) :             0.575ns  (arrival time - required time)
  Source:                 <hidden>
                            (rising edge-triggered cell FDRE clocked by clk_fpga_0  {rise@0.000ns fall@10.000ns period=20.000ns})
  Destination:            <hidden>
                            (removal check against rising-edge clock clk_fpga_0  {rise@0.000ns fall@10.000ns period=20.000ns})
  Path Group:             **async_default**
  Path Type:              Removal (Min at Fast Process Corner)
  Requirement:            0.000ns  (clk_fpga_0 rise@0.000ns - clk_fpga_0 rise@0.000ns)
  Data Path Delay:        0.514ns  (logic 0.227ns (44.196%)  route 0.287ns (55.804%))
  Logic Levels:           1  (LUT3=1)
  Clock Path Skew:        0.034ns (DCD - SCD - CPR)
    Destination Clock Delay (DCD):    1.202ns
    Source Clock Delay      (SCD):    0.904ns
    Clock Pessimism Removal (CPR):    0.264ns

    Location             Delay type                Incr(ns)  Path(ns)    Netlist Resource(s)
  -------------------------------------------------------------------    -------------------
                         (clock clk_fpga_0 rise edge)
                                                      0.000     0.000 r  
    PS7_X0Y0             PS7                          0.000     0.000 r  cnn_accelerator_design_i/processing_system7_0/inst/PS7_i/FCLKCLK[0]
                         net (fo=1, routed)           0.310     0.310    cnn_accelerator_design_i/processing_system7_0/inst/FCLK_CLK_unbuffered[0]
    BUFGCTRL_X0Y16       BUFG (Prop_bufg_I_O)         0.026     0.336 r  cnn_accelerator_design_i/processing_system7_0/inst/buffer_fclk_clk_0.FCLK_CLK_0_BUFG/O
                         net (fo=15024, routed)       0.568     0.904    <hidden>
    SLICE_X55Y69         FDRE                                         r  <hidden>
  -------------------------------------------------------------------    -------------------
    SLICE_X55Y69         FDRE (Prop_fdre_C_Q)         0.128     1.032 f  <hidden>
                         net (fo=2, routed)           0.130     1.161    <hidden>
    SLICE_X54Y70         LUT3 (Prop_lut3_I0_O)        0.099     1.260 f  <hidden>
                         net (fo=32, routed)          0.157     1.417    <hidden>
    SLICE_X57Y70         FDPE                                         f  <hidden>
  -------------------------------------------------------------------    -------------------

                         (clock clk_fpga_0 rise edge)
                                                      0.000     0.000 r  
    PS7_X0Y0             PS7                          0.000     0.000 r  cnn_accelerator_design_i/processing_system7_0/inst/PS7_i/FCLKCLK[0]
                         net (fo=1, routed)           0.337     0.337    cnn_accelerator_design_i/processing_system7_0/inst/FCLK_CLK_unbuffered[0]
    BUFGCTRL_X0Y16       BUFG (Prop_bufg_I_O)         0.029     0.366 r  cnn_accelerator_design_i/processing_system7_0/inst/buffer_fclk_clk_0.FCLK_CLK_0_BUFG/O
                         net (fo=15024, routed)       0.836     1.202    <hidden>
    SLICE_X57Y70         FDPE                                         r  <hidden>
                         clock pessimism             -0.264     0.938    
    SLICE_X57Y70         FDPE (Remov_fdpe_C_PRE)     -0.095     0.843    <hidden>
  -------------------------------------------------------------------
                         required time                         -0.843    
                         arrival time                           1.417    
  -------------------------------------------------------------------
                         slack                                  0.575    

Slack (MET) :             0.575ns  (arrival time - required time)
  Source:                 <hidden>
                            (rising edge-triggered cell FDRE clocked by clk_fpga_0  {rise@0.000ns fall@10.000ns period=20.000ns})
  Destination:            <hidden>
                            (removal check against rising-edge clock clk_fpga_0  {rise@0.000ns fall@10.000ns period=20.000ns})
  Path Group:             **async_default**
  Path Type:              Removal (Min at Fast Process Corner)
  Requirement:            0.000ns  (clk_fpga_0 rise@0.000ns - clk_fpga_0 rise@0.000ns)
  Data Path Delay:        0.514ns  (logic 0.227ns (44.196%)  route 0.287ns (55.804%))
  Logic Levels:           1  (LUT3=1)
  Clock Path Skew:        0.034ns (DCD - SCD - CPR)
    Destination Clock Delay (DCD):    1.202ns
    Source Clock Delay      (SCD):    0.904ns
    Clock Pessimism Removal (CPR):    0.264ns

    Location             Delay type                Incr(ns)  Path(ns)    Netlist Resource(s)
  -------------------------------------------------------------------    -------------------
                         (clock clk_fpga_0 rise edge)
                                                      0.000     0.000 r  
    PS7_X0Y0             PS7                          0.000     0.000 r  cnn_accelerator_design_i/processing_system7_0/inst/PS7_i/FCLKCLK[0]
                         net (fo=1, routed)           0.310     0.310    cnn_accelerator_design_i/processing_system7_0/inst/FCLK_CLK_unbuffered[0]
    BUFGCTRL_X0Y16       BUFG (Prop_bufg_I_O)         0.026     0.336 r  cnn_accelerator_design_i/processing_system7_0/inst/buffer_fclk_clk_0.FCLK_CLK_0_BUFG/O
                         net (fo=15024, routed)       0.568     0.904    <hidden>
    SLICE_X55Y69         FDRE                                         r  <hidden>
  -------------------------------------------------------------------    -------------------
    SLICE_X55Y69         FDRE (Prop_fdre_C_Q)         0.128     1.032 f  <hidden>
                         net (fo=2, routed)           0.130     1.161    <hidden>
    SLICE_X54Y70         LUT3 (Prop_lut3_I0_O)        0.099     1.260 f  <hidden>
                         net (fo=32, routed)          0.157     1.417    <hidden>
    SLICE_X57Y70         FDPE                                         f  <hidden>
  -------------------------------------------------------------------    -------------------

                         (clock clk_fpga_0 rise edge)
                                                      0.000     0.000 r  
    PS7_X0Y0             PS7                          0.000     0.000 r  cnn_accelerator_design_i/processing_system7_0/inst/PS7_i/FCLKCLK[0]
                         net (fo=1, routed)           0.337     0.337    cnn_accelerator_design_i/processing_system7_0/inst/FCLK_CLK_unbuffered[0]
    BUFGCTRL_X0Y16       BUFG (Prop_bufg_I_O)         0.029     0.366 r  cnn_accelerator_design_i/processing_system7_0/inst/buffer_fclk_clk_0.FCLK_CLK_0_BUFG/O
                         net (fo=15024, routed)       0.836     1.202    <hidden>
    SLICE_X57Y70         FDPE                                         r  <hidden>
                         clock pessimism             -0.264     0.938    
    SLICE_X57Y70         FDPE (Remov_fdpe_C_PRE)     -0.095     0.843    <hidden>
  -------------------------------------------------------------------
                         required time                         -0.843    
                         arrival time                           1.417    
  -------------------------------------------------------------------
                         slack                                  0.575    

Slack (MET) :             0.575ns  (arrival time - required time)
  Source:                 <hidden>
                            (rising edge-triggered cell FDRE clocked by clk_fpga_0  {rise@0.000ns fall@10.000ns period=20.000ns})
  Destination:            <hidden>
                            (removal check against rising-edge clock clk_fpga_0  {rise@0.000ns fall@10.000ns period=20.000ns})
  Path Group:             **async_default**
  Path Type:              Removal (Min at Fast Process Corner)
  Requirement:            0.000ns  (clk_fpga_0 rise@0.000ns - clk_fpga_0 rise@0.000ns)
  Data Path Delay:        0.514ns  (logic 0.227ns (44.196%)  route 0.287ns (55.804%))
  Logic Levels:           1  (LUT3=1)
  Clock Path Skew:        0.034ns (DCD - SCD - CPR)
    Destination Clock Delay (DCD):    1.202ns
    Source Clock Delay      (SCD):    0.904ns
    Clock Pessimism Removal (CPR):    0.264ns

    Location             Delay type                Incr(ns)  Path(ns)    Netlist Resource(s)
  -------------------------------------------------------------------    -------------------
                         (clock clk_fpga_0 rise edge)
                                                      0.000     0.000 r  
    PS7_X0Y0             PS7                          0.000     0.000 r  cnn_accelerator_design_i/processing_system7_0/inst/PS7_i/FCLKCLK[0]
                         net (fo=1, routed)           0.310     0.310    cnn_accelerator_design_i/processing_system7_0/inst/FCLK_CLK_unbuffered[0]
    BUFGCTRL_X0Y16       BUFG (Prop_bufg_I_O)         0.026     0.336 r  cnn_accelerator_design_i/processing_system7_0/inst/buffer_fclk_clk_0.FCLK_CLK_0_BUFG/O
                         net (fo=15024, routed)       0.568     0.904    <hidden>
    SLICE_X55Y69         FDRE                                         r  <hidden>
  -------------------------------------------------------------------    -------------------
    SLICE_X55Y69         FDRE (Prop_fdre_C_Q)         0.128     1.032 f  <hidden>
                         net (fo=2, routed)           0.130     1.161    <hidden>
    SLICE_X54Y70         LUT3 (Prop_lut3_I0_O)        0.099     1.260 f  <hidden>
                         net (fo=32, routed)          0.157     1.417    <hidden>
    SLICE_X57Y70         FDPE                                         f  <hidden>
  -------------------------------------------------------------------    -------------------

                         (clock clk_fpga_0 rise edge)
                                                      0.000     0.000 r  
    PS7_X0Y0             PS7                          0.000     0.000 r  cnn_accelerator_design_i/processing_system7_0/inst/PS7_i/FCLKCLK[0]
                         net (fo=1, routed)           0.337     0.337    cnn_accelerator_design_i/processing_system7_0/inst/FCLK_CLK_unbuffered[0]
    BUFGCTRL_X0Y16       BUFG (Prop_bufg_I_O)         0.029     0.366 r  cnn_accelerator_design_i/processing_system7_0/inst/buffer_fclk_clk_0.FCLK_CLK_0_BUFG/O
                         net (fo=15024, routed)       0.836     1.202    <hidden>
    SLICE_X57Y70         FDPE                                         r  <hidden>
                         clock pessimism             -0.264     0.938    
    SLICE_X57Y70         FDPE (Remov_fdpe_C_PRE)     -0.095     0.843    <hidden>
  -------------------------------------------------------------------
                         required time                         -0.843    
                         arrival time                           1.417    
  -------------------------------------------------------------------
                         slack                                  0.575    

Slack (MET) :             0.575ns  (arrival time - required time)
  Source:                 <hidden>
                            (rising edge-triggered cell FDRE clocked by clk_fpga_0  {rise@0.000ns fall@10.000ns period=20.000ns})
  Destination:            <hidden>
                            (removal check against rising-edge clock clk_fpga_0  {rise@0.000ns fall@10.000ns period=20.000ns})
  Path Group:             **async_default**
  Path Type:              Removal (Min at Fast Process Corner)
  Requirement:            0.000ns  (clk_fpga_0 rise@0.000ns - clk_fpga_0 rise@0.000ns)
  Data Path Delay:        0.514ns  (logic 0.227ns (44.196%)  route 0.287ns (55.804%))
  Logic Levels:           1  (LUT3=1)
  Clock Path Skew:        0.034ns (DCD - SCD - CPR)
    Destination Clock Delay (DCD):    1.202ns
    Source Clock Delay      (SCD):    0.904ns
    Clock Pessimism Removal (CPR):    0.264ns

    Location             Delay type                Incr(ns)  Path(ns)    Netlist Resource(s)
  -------------------------------------------------------------------    -------------------
                         (clock clk_fpga_0 rise edge)
                                                      0.000     0.000 r  
    PS7_X0Y0             PS7                          0.000     0.000 r  cnn_accelerator_design_i/processing_system7_0/inst/PS7_i/FCLKCLK[0]
                         net (fo=1, routed)           0.310     0.310    cnn_accelerator_design_i/processing_system7_0/inst/FCLK_CLK_unbuffered[0]
    BUFGCTRL_X0Y16       BUFG (Prop_bufg_I_O)         0.026     0.336 r  cnn_accelerator_design_i/processing_system7_0/inst/buffer_fclk_clk_0.FCLK_CLK_0_BUFG/O
                         net (fo=15024, routed)       0.568     0.904    <hidden>
    SLICE_X55Y69         FDRE                                         r  <hidden>
  -------------------------------------------------------------------    -------------------
    SLICE_X55Y69         FDRE (Prop_fdre_C_Q)         0.128     1.032 f  <hidden>
                         net (fo=2, routed)           0.130     1.161    <hidden>
    SLICE_X54Y70         LUT3 (Prop_lut3_I0_O)        0.099     1.260 f  <hidden>
                         net (fo=32, routed)          0.157     1.417    <hidden>
    SLICE_X57Y70         FDPE                                         f  <hidden>
  -------------------------------------------------------------------    -------------------

                         (clock clk_fpga_0 rise edge)
                                                      0.000     0.000 r  
    PS7_X0Y0             PS7                          0.000     0.000 r  cnn_accelerator_design_i/processing_system7_0/inst/PS7_i/FCLKCLK[0]
                         net (fo=1, routed)           0.337     0.337    cnn_accelerator_design_i/processing_system7_0/inst/FCLK_CLK_unbuffered[0]
    BUFGCTRL_X0Y16       BUFG (Prop_bufg_I_O)         0.029     0.366 r  cnn_accelerator_design_i/processing_system7_0/inst/buffer_fclk_clk_0.FCLK_CLK_0_BUFG/O
                         net (fo=15024, routed)       0.836     1.202    <hidden>
    SLICE_X57Y70         FDPE                                         r  <hidden>
                         clock pessimism             -0.264     0.938    
    SLICE_X57Y70         FDPE (Remov_fdpe_C_PRE)     -0.095     0.843    <hidden>
  -------------------------------------------------------------------
                         required time                         -0.843    
                         arrival time                           1.417    
  -------------------------------------------------------------------
                         slack                                  0.575    

Slack (MET) :             0.577ns  (arrival time - required time)
  Source:                 <hidden>
                            (rising edge-triggered cell FDRE clocked by clk_fpga_0  {rise@0.000ns fall@10.000ns period=20.000ns})
  Destination:            <hidden>
                            (removal check against rising-edge clock clk_fpga_0  {rise@0.000ns fall@10.000ns period=20.000ns})
  Path Group:             **async_default**
  Path Type:              Removal (Min at Fast Process Corner)
  Requirement:            0.000ns  (clk_fpga_0 rise@0.000ns - clk_fpga_0 rise@0.000ns)
  Data Path Delay:        0.749ns  (logic 0.186ns (24.842%)  route 0.563ns (75.158%))
  Logic Levels:           1  (LUT3=1)
  Clock Path Skew:        0.263ns (DCD - SCD - CPR)
    Destination Clock Delay (DCD):    1.180ns
    Source Clock Delay      (SCD):    0.882ns
    Clock Pessimism Removal (CPR):    0.035ns

    Location             Delay type                Incr(ns)  Path(ns)    Netlist Resource(s)
  -------------------------------------------------------------------    -------------------
                         (clock clk_fpga_0 rise edge)
                                                      0.000     0.000 r  
    PS7_X0Y0             PS7                          0.000     0.000 r  cnn_accelerator_design_i/processing_system7_0/inst/PS7_i/FCLKCLK[0]
                         net (fo=1, routed)           0.310     0.310    cnn_accelerator_design_i/processing_system7_0/inst/FCLK_CLK_unbuffered[0]
    BUFGCTRL_X0Y16       BUFG (Prop_bufg_I_O)         0.026     0.336 r  cnn_accelerator_design_i/processing_system7_0/inst/buffer_fclk_clk_0.FCLK_CLK_0_BUFG/O
                         net (fo=15024, routed)       0.546     0.882    <hidden>
    SLICE_X53Y67         FDRE                                         r  <hidden>
  -------------------------------------------------------------------    -------------------
    SLICE_X53Y67         FDRE (Prop_fdre_C_Q)         0.141     1.023 f  <hidden>
                         net (fo=3, routed)           0.120     1.143    <hidden>
    SLICE_X52Y67         LUT3 (Prop_lut3_I1_O)        0.045     1.188 f  <hidden>
                         net (fo=32, routed)          0.443     1.630    <hidden>
    SLICE_X45Y69         FDCE                                         f  <hidden>
  -------------------------------------------------------------------    -------------------

                         (clock clk_fpga_0 rise edge)
                                                      0.000     0.000 r  
    PS7_X0Y0             PS7                          0.000     0.000 r  cnn_accelerator_design_i/processing_system7_0/inst/PS7_i/FCLKCLK[0]
                         net (fo=1, routed)           0.337     0.337    cnn_accelerator_design_i/processing_system7_0/inst/FCLK_CLK_unbuffered[0]
    BUFGCTRL_X0Y16       BUFG (Prop_bufg_I_O)         0.029     0.366 r  cnn_accelerator_design_i/processing_system7_0/inst/buffer_fclk_clk_0.FCLK_CLK_0_BUFG/O
                         net (fo=15024, routed)       0.814     1.180    <hidden>
    SLICE_X45Y69         FDCE                                         r  <hidden>
                         clock pessimism             -0.035     1.145    
    SLICE_X45Y69         FDCE (Remov_fdce_C_CLR)     -0.092     1.053    <hidden>
  -------------------------------------------------------------------
                         required time                         -1.053    
                         arrival time                           1.630    
  -------------------------------------------------------------------
                         slack                                  0.577    

Slack (MET) :             0.577ns  (arrival time - required time)
  Source:                 <hidden>
                            (rising edge-triggered cell FDRE clocked by clk_fpga_0  {rise@0.000ns fall@10.000ns period=20.000ns})
  Destination:            <hidden>
                            (removal check against rising-edge clock clk_fpga_0  {rise@0.000ns fall@10.000ns period=20.000ns})
  Path Group:             **async_default**
  Path Type:              Removal (Min at Fast Process Corner)
  Requirement:            0.000ns  (clk_fpga_0 rise@0.000ns - clk_fpga_0 rise@0.000ns)
  Data Path Delay:        0.749ns  (logic 0.186ns (24.842%)  route 0.563ns (75.158%))
  Logic Levels:           1  (LUT3=1)
  Clock Path Skew:        0.263ns (DCD - SCD - CPR)
    Destination Clock Delay (DCD):    1.180ns
    Source Clock Delay      (SCD):    0.882ns
    Clock Pessimism Removal (CPR):    0.035ns

    Location             Delay type                Incr(ns)  Path(ns)    Netlist Resource(s)
  -------------------------------------------------------------------    -------------------
                         (clock clk_fpga_0 rise edge)
                                                      0.000     0.000 r  
    PS7_X0Y0             PS7                          0.000     0.000 r  cnn_accelerator_design_i/processing_system7_0/inst/PS7_i/FCLKCLK[0]
                         net (fo=1, routed)           0.310     0.310    cnn_accelerator_design_i/processing_system7_0/inst/FCLK_CLK_unbuffered[0]
    BUFGCTRL_X0Y16       BUFG (Prop_bufg_I_O)         0.026     0.336 r  cnn_accelerator_design_i/processing_system7_0/inst/buffer_fclk_clk_0.FCLK_CLK_0_BUFG/O
                         net (fo=15024, routed)       0.546     0.882    <hidden>
    SLICE_X53Y67         FDRE                                         r  <hidden>
  -------------------------------------------------------------------    -------------------
    SLICE_X53Y67         FDRE (Prop_fdre_C_Q)         0.141     1.023 f  <hidden>
                         net (fo=3, routed)           0.120     1.143    <hidden>
    SLICE_X52Y67         LUT3 (Prop_lut3_I1_O)        0.045     1.188 f  <hidden>
                         net (fo=32, routed)          0.443     1.630    <hidden>
    SLICE_X45Y69         FDCE                                         f  <hidden>
  -------------------------------------------------------------------    -------------------

                         (clock clk_fpga_0 rise edge)
                                                      0.000     0.000 r  
    PS7_X0Y0             PS7                          0.000     0.000 r  cnn_accelerator_design_i/processing_system7_0/inst/PS7_i/FCLKCLK[0]
                         net (fo=1, routed)           0.337     0.337    cnn_accelerator_design_i/processing_system7_0/inst/FCLK_CLK_unbuffered[0]
    BUFGCTRL_X0Y16       BUFG (Prop_bufg_I_O)         0.029     0.366 r  cnn_accelerator_design_i/processing_system7_0/inst/buffer_fclk_clk_0.FCLK_CLK_0_BUFG/O
                         net (fo=15024, routed)       0.814     1.180    <hidden>
    SLICE_X45Y69         FDCE                                         r  <hidden>
                         clock pessimism             -0.035     1.145    
    SLICE_X45Y69         FDCE (Remov_fdce_C_CLR)     -0.092     1.053    <hidden>
  -------------------------------------------------------------------
                         required time                         -1.053    
                         arrival time                           1.630    
  -------------------------------------------------------------------
                         slack                                  0.577    

Slack (MET) :             0.577ns  (arrival time - required time)
  Source:                 <hidden>
                            (rising edge-triggered cell FDRE clocked by clk_fpga_0  {rise@0.000ns fall@10.000ns period=20.000ns})
  Destination:            <hidden>
                            (removal check against rising-edge clock clk_fpga_0  {rise@0.000ns fall@10.000ns period=20.000ns})
  Path Group:             **async_default**
  Path Type:              Removal (Min at Fast Process Corner)
  Requirement:            0.000ns  (clk_fpga_0 rise@0.000ns - clk_fpga_0 rise@0.000ns)
  Data Path Delay:        0.749ns  (logic 0.186ns (24.842%)  route 0.563ns (75.158%))
  Logic Levels:           1  (LUT3=1)
  Clock Path Skew:        0.263ns (DCD - SCD - CPR)
    Destination Clock Delay (DCD):    1.180ns
    Source Clock Delay      (SCD):    0.882ns
    Clock Pessimism Removal (CPR):    0.035ns

    Location             Delay type                Incr(ns)  Path(ns)    Netlist Resource(s)
  -------------------------------------------------------------------    -------------------
                         (clock clk_fpga_0 rise edge)
                                                      0.000     0.000 r  
    PS7_X0Y0             PS7                          0.000     0.000 r  cnn_accelerator_design_i/processing_system7_0/inst/PS7_i/FCLKCLK[0]
                         net (fo=1, routed)           0.310     0.310    cnn_accelerator_design_i/processing_system7_0/inst/FCLK_CLK_unbuffered[0]
    BUFGCTRL_X0Y16       BUFG (Prop_bufg_I_O)         0.026     0.336 r  cnn_accelerator_design_i/processing_system7_0/inst/buffer_fclk_clk_0.FCLK_CLK_0_BUFG/O
                         net (fo=15024, routed)       0.546     0.882    <hidden>
    SLICE_X53Y67         FDRE                                         r  <hidden>
  -------------------------------------------------------------------    -------------------
    SLICE_X53Y67         FDRE (Prop_fdre_C_Q)         0.141     1.023 f  <hidden>
                         net (fo=3, routed)           0.120     1.143    <hidden>
    SLICE_X52Y67         LUT3 (Prop_lut3_I1_O)        0.045     1.188 f  <hidden>
                         net (fo=32, routed)          0.443     1.630    <hidden>
    SLICE_X45Y69         FDCE                                         f  <hidden>
  -------------------------------------------------------------------    -------------------

                         (clock clk_fpga_0 rise edge)
                                                      0.000     0.000 r  
    PS7_X0Y0             PS7                          0.000     0.000 r  cnn_accelerator_design_i/processing_system7_0/inst/PS7_i/FCLKCLK[0]
                         net (fo=1, routed)           0.337     0.337    cnn_accelerator_design_i/processing_system7_0/inst/FCLK_CLK_unbuffered[0]
    BUFGCTRL_X0Y16       BUFG (Prop_bufg_I_O)         0.029     0.366 r  cnn_accelerator_design_i/processing_system7_0/inst/buffer_fclk_clk_0.FCLK_CLK_0_BUFG/O
                         net (fo=15024, routed)       0.814     1.180    <hidden>
    SLICE_X45Y69         FDCE                                         r  <hidden>
                         clock pessimism             -0.035     1.145    
    SLICE_X45Y69         FDCE (Remov_fdce_C_CLR)     -0.092     1.053    <hidden>
  -------------------------------------------------------------------
                         required time                         -1.053    
                         arrival time                           1.630    
  -------------------------------------------------------------------
                         slack                                  0.577    

Slack (MET) :             0.577ns  (arrival time - required time)
  Source:                 <hidden>
                            (rising edge-triggered cell FDRE clocked by clk_fpga_0  {rise@0.000ns fall@10.000ns period=20.000ns})
  Destination:            <hidden>
                            (removal check against rising-edge clock clk_fpga_0  {rise@0.000ns fall@10.000ns period=20.000ns})
  Path Group:             **async_default**
  Path Type:              Removal (Min at Fast Process Corner)
  Requirement:            0.000ns  (clk_fpga_0 rise@0.000ns - clk_fpga_0 rise@0.000ns)
  Data Path Delay:        0.749ns  (logic 0.186ns (24.842%)  route 0.563ns (75.158%))
  Logic Levels:           1  (LUT3=1)
  Clock Path Skew:        0.263ns (DCD - SCD - CPR)
    Destination Clock Delay (DCD):    1.180ns
    Source Clock Delay      (SCD):    0.882ns
    Clock Pessimism Removal (CPR):    0.035ns

    Location             Delay type                Incr(ns)  Path(ns)    Netlist Resource(s)
  -------------------------------------------------------------------    -------------------
                         (clock clk_fpga_0 rise edge)
                                                      0.000     0.000 r  
    PS7_X0Y0             PS7                          0.000     0.000 r  cnn_accelerator_design_i/processing_system7_0/inst/PS7_i/FCLKCLK[0]
                         net (fo=1, routed)           0.310     0.310    cnn_accelerator_design_i/processing_system7_0/inst/FCLK_CLK_unbuffered[0]
    BUFGCTRL_X0Y16       BUFG (Prop_bufg_I_O)         0.026     0.336 r  cnn_accelerator_design_i/processing_system7_0/inst/buffer_fclk_clk_0.FCLK_CLK_0_BUFG/O
                         net (fo=15024, routed)       0.546     0.882    <hidden>
    SLICE_X53Y67         FDRE                                         r  <hidden>
  -------------------------------------------------------------------    -------------------
    SLICE_X53Y67         FDRE (Prop_fdre_C_Q)         0.141     1.023 f  <hidden>
                         net (fo=3, routed)           0.120     1.143    <hidden>
    SLICE_X52Y67         LUT3 (Prop_lut3_I1_O)        0.045     1.188 f  <hidden>
                         net (fo=32, routed)          0.443     1.630    <hidden>
    SLICE_X45Y69         FDCE                                         f  <hidden>
  -------------------------------------------------------------------    -------------------

                         (clock clk_fpga_0 rise edge)
                                                      0.000     0.000 r  
    PS7_X0Y0             PS7                          0.000     0.000 r  cnn_accelerator_design_i/processing_system7_0/inst/PS7_i/FCLKCLK[0]
                         net (fo=1, routed)           0.337     0.337    cnn_accelerator_design_i/processing_system7_0/inst/FCLK_CLK_unbuffered[0]
    BUFGCTRL_X0Y16       BUFG (Prop_bufg_I_O)         0.029     0.366 r  cnn_accelerator_design_i/processing_system7_0/inst/buffer_fclk_clk_0.FCLK_CLK_0_BUFG/O
                         net (fo=15024, routed)       0.814     1.180    <hidden>
    SLICE_X45Y69         FDCE                                         r  <hidden>
                         clock pessimism             -0.035     1.145    
    SLICE_X45Y69         FDCE (Remov_fdce_C_CLR)     -0.092     1.053    <hidden>
  -------------------------------------------------------------------
                         required time                         -1.053    
                         arrival time                           1.630    
  -------------------------------------------------------------------
                         slack                                  0.577    





--------------------------------------------------------------------------------------
Path Group:  (none)
From Clock:  
  To Clock:  clk_fpga_0

Max Delay             1 Endpoint
Min Delay             1 Endpoint
--------------------------------------------------------------------------------------


Max Delay Paths
--------------------------------------------------------------------------------------
Slack:                    inf
  Source:                 cnn_accelerator_design_i/processing_system7_0/inst/PS7_i/FCLKRESETN[0]
                            (internal pin)
  Destination:            cnn_accelerator_design_i/rst_ps7_0_50M/U0/EXT_LPF/ACTIVE_LOW_EXT.ACT_LO_EXT/GENERATE_LEVEL_P_S_CDC.SINGLE_BIT.CROSS_PLEVEL_IN2SCNDRY_IN_cdc_to/D
                            (rising edge-triggered cell FDRE clocked by clk_fpga_0  {rise@0.000ns fall@10.000ns period=20.000ns})
  Path Group:             (none)
  Path Type:              Setup (Max at Slow Process Corner)
  Data Path Delay:        1.401ns  (logic 0.124ns (8.854%)  route 1.277ns (91.146%))
  Logic Levels:           1  (LUT1=1)
  Clock Uncertainty:      0.301ns  ((TSJ^2 + TIJ^2)^1/2 + DJ) / 2 + PE
    Total System Jitter     (TSJ):    0.050ns
    Total Input Jitter      (TIJ):    0.600ns
    Discrete Jitter          (DJ):    0.000ns
    Phase Error              (PE):    0.000ns
  Timing Exception:       False Path

    Location             Delay type                Incr(ns)  Path(ns)    Netlist Resource(s)
  -------------------------------------------------------------------    -------------------
    PS7_X0Y0             PS7                          0.000     0.000 f  cnn_accelerator_design_i/processing_system7_0/inst/PS7_i/FCLKRESETN[0]
                         net (fo=1, routed)           1.277     1.277    cnn_accelerator_design_i/rst_ps7_0_50M/U0/EXT_LPF/ACTIVE_LOW_EXT.ACT_LO_EXT/ext_reset_in
    SLICE_X48Y88         LUT1 (Prop_lut1_I0_O)        0.124     1.401 r  cnn_accelerator_design_i/rst_ps7_0_50M/U0/EXT_LPF/ACTIVE_LOW_EXT.ACT_LO_EXT/GENERATE_LEVEL_P_S_CDC.SINGLE_BIT.CROSS_PLEVEL_IN2SCNDRY_IN_cdc_to_i_1/O
                         net (fo=1, routed)           0.000     1.401    cnn_accelerator_design_i/rst_ps7_0_50M/U0/EXT_LPF/ACTIVE_LOW_EXT.ACT_LO_EXT/exr_d1
    SLICE_X48Y88         FDRE                                         r  cnn_accelerator_design_i/rst_ps7_0_50M/U0/EXT_LPF/ACTIVE_LOW_EXT.ACT_LO_EXT/GENERATE_LEVEL_P_S_CDC.SINGLE_BIT.CROSS_PLEVEL_IN2SCNDRY_IN_cdc_to/D
  -------------------------------------------------------------------    -------------------

                         (clock clk_fpga_0 rise edge)
                                                      0.000     0.000 r  
    PS7_X0Y0             PS7                          0.000     0.000 r  cnn_accelerator_design_i/processing_system7_0/inst/PS7_i/FCLKCLK[0]
                         net (fo=1, routed)           1.088     1.088    cnn_accelerator_design_i/processing_system7_0/inst/FCLK_CLK_unbuffered[0]
    BUFGCTRL_X0Y16       BUFG (Prop_bufg_I_O)         0.091     1.179 r  cnn_accelerator_design_i/processing_system7_0/inst/buffer_fclk_clk_0.FCLK_CLK_0_BUFG/O
                         net (fo=15024, routed)       1.474     2.653    cnn_accelerator_design_i/rst_ps7_0_50M/U0/EXT_LPF/ACTIVE_LOW_EXT.ACT_LO_EXT/slowest_sync_clk
    SLICE_X48Y88         FDRE                                         r  cnn_accelerator_design_i/rst_ps7_0_50M/U0/EXT_LPF/ACTIVE_LOW_EXT.ACT_LO_EXT/GENERATE_LEVEL_P_S_CDC.SINGLE_BIT.CROSS_PLEVEL_IN2SCNDRY_IN_cdc_to/C





Min Delay Paths
--------------------------------------------------------------------------------------
Slack:                    inf
  Source:                 cnn_accelerator_design_i/processing_system7_0/inst/PS7_i/FCLKRESETN[0]
                            (internal pin)
  Destination:            cnn_accelerator_design_i/rst_ps7_0_50M/U0/EXT_LPF/ACTIVE_LOW_EXT.ACT_LO_EXT/GENERATE_LEVEL_P_S_CDC.SINGLE_BIT.CROSS_PLEVEL_IN2SCNDRY_IN_cdc_to/D
                            (rising edge-triggered cell FDRE clocked by clk_fpga_0  {rise@0.000ns fall@10.000ns period=20.000ns})
  Path Group:             (none)
  Path Type:              Hold (Min at Fast Process Corner)
  Data Path Delay:        0.574ns  (logic 0.045ns (7.846%)  route 0.529ns (92.154%))
  Logic Levels:           1  (LUT1=1)
  Clock Uncertainty:      0.301ns  ((TSJ^2 + TIJ^2)^1/2 + DJ) / 2 + PE
    Total System Jitter     (TSJ):    0.050ns
    Total Input Jitter      (TIJ):    0.600ns
    Discrete Jitter          (DJ):    0.000ns
    Phase Error              (PE):    0.000ns
  Timing Exception:       False Path

    Location             Delay type                Incr(ns)  Path(ns)    Netlist Resource(s)
  -------------------------------------------------------------------    -------------------
    PS7_X0Y0             PS7                          0.000     0.000 f  cnn_accelerator_design_i/processing_system7_0/inst/PS7_i/FCLKRESETN[0]
                         net (fo=1, routed)           0.529     0.529    cnn_accelerator_design_i/rst_ps7_0_50M/U0/EXT_LPF/ACTIVE_LOW_EXT.ACT_LO_EXT/ext_reset_in
    SLICE_X48Y88         LUT1 (Prop_lut1_I0_O)        0.045     0.574 r  cnn_accelerator_design_i/rst_ps7_0_50M/U0/EXT_LPF/ACTIVE_LOW_EXT.ACT_LO_EXT/GENERATE_LEVEL_P_S_CDC.SINGLE_BIT.CROSS_PLEVEL_IN2SCNDRY_IN_cdc_to_i_1/O
                         net (fo=1, routed)           0.000     0.574    cnn_accelerator_design_i/rst_ps7_0_50M/U0/EXT_LPF/ACTIVE_LOW_EXT.ACT_LO_EXT/exr_d1
    SLICE_X48Y88         FDRE                                         r  cnn_accelerator_design_i/rst_ps7_0_50M/U0/EXT_LPF/ACTIVE_LOW_EXT.ACT_LO_EXT/GENERATE_LEVEL_P_S_CDC.SINGLE_BIT.CROSS_PLEVEL_IN2SCNDRY_IN_cdc_to/D
  -------------------------------------------------------------------    -------------------

                         (clock clk_fpga_0 rise edge)
                                                      0.000     0.000 r  
    PS7_X0Y0             PS7                          0.000     0.000 r  cnn_accelerator_design_i/processing_system7_0/inst/PS7_i/FCLKCLK[0]
                         net (fo=1, routed)           0.337     0.337    cnn_accelerator_design_i/processing_system7_0/inst/FCLK_CLK_unbuffered[0]
    BUFGCTRL_X0Y16       BUFG (Prop_bufg_I_O)         0.029     0.366 r  cnn_accelerator_design_i/processing_system7_0/inst/buffer_fclk_clk_0.FCLK_CLK_0_BUFG/O
                         net (fo=15024, routed)       0.822     1.188    cnn_accelerator_design_i/rst_ps7_0_50M/U0/EXT_LPF/ACTIVE_LOW_EXT.ACT_LO_EXT/slowest_sync_clk
    SLICE_X48Y88         FDRE                                         r  cnn_accelerator_design_i/rst_ps7_0_50M/U0/EXT_LPF/ACTIVE_LOW_EXT.ACT_LO_EXT/GENERATE_LEVEL_P_S_CDC.SINGLE_BIT.CROSS_PLEVEL_IN2SCNDRY_IN_cdc_to/C





--------------------------------------------------------------------------------------
Path Group:  (none)
From Clock:  clk_fpga_0
  To Clock:  clk_fpga_0

Max Delay            36 Endpoints
Min Delay            36 Endpoints
--------------------------------------------------------------------------------------


Max Delay Paths
--------------------------------------------------------------------------------------
Slack:                    inf
  Source:                 cnn_accelerator_design_i/rst_ps7_0_50M/U0/ACTIVE_LOW_PR_OUT_DFF[0].FDRE_PER_N/C
                            (rising edge-triggered cell FDRE clocked by clk_fpga_0  {rise@0.000ns fall@10.000ns period=20.000ns})
  Destination:            <hidden>
                            (recovery check against rising-edge clock clk_fpga_0  {rise@0.000ns fall@10.000ns period=20.000ns})
  Path Group:             (none)
  Path Type:              Recovery (Max at Slow Process Corner)
  Data Path Delay:        7.266ns  (logic 0.606ns (8.340%)  route 6.660ns (91.660%))
  Logic Levels:           1  (LUT1=1)
  Clock Path Skew:        -0.170ns (DCD - SCD + CPR)
    Destination Clock Delay (DCD):    2.760ns
    Source Clock Delay      (SCD):    2.930ns
    Clock Pessimism Removal (CPR):    0.000ns
  Clock Uncertainty:      0.302ns  ((TSJ^2 + TIJ^2)^1/2 + DJ) / 2 + PE
    Total System Jitter     (TSJ):    0.071ns
    Total Input Jitter      (TIJ):    0.600ns
    Discrete Jitter          (DJ):    0.000ns
    Phase Error              (PE):    0.000ns
  Timing Exception:       False Path

    Location             Delay type                Incr(ns)  Path(ns)    Netlist Resource(s)
  -------------------------------------------------------------------    -------------------
                         (clock clk_fpga_0 rise edge)
                                                      0.000     0.000 r  
    PS7_X0Y0             PS7                          0.000     0.000 r  cnn_accelerator_design_i/processing_system7_0/inst/PS7_i/FCLKCLK[0]
                         net (fo=1, routed)           1.193     1.193    cnn_accelerator_design_i/processing_system7_0/inst/FCLK_CLK_unbuffered[0]
    BUFGCTRL_X0Y16       BUFG (Prop_bufg_I_O)         0.101     1.294 r  cnn_accelerator_design_i/processing_system7_0/inst/buffer_fclk_clk_0.FCLK_CLK_0_BUFG/O
                         net (fo=15024, routed)       1.636     2.930    cnn_accelerator_design_i/rst_ps7_0_50M/U0/slowest_sync_clk
    SLICE_X53Y88         FDRE                                         r  cnn_accelerator_design_i/rst_ps7_0_50M/U0/ACTIVE_LOW_PR_OUT_DFF[0].FDRE_PER_N/C
  -------------------------------------------------------------------    -------------------
    SLICE_X53Y88         FDRE (Prop_fdre_C_Q)         0.456     3.386 r  cnn_accelerator_design_i/rst_ps7_0_50M/U0/ACTIVE_LOW_PR_OUT_DFF[0].FDRE_PER_N/Q
                         net (fo=42, routed)          1.335     4.721    cnn_accelerator_design_i/axi_mem_intercon/m00_couplers/auto_pc/inst/gen_axi4_axi3.axi3_conv_inst/USE_WRITE.write_addr_inst/USE_BURSTS.cmd_queue/inst/aresetn
    SLICE_X51Y70         LUT1 (Prop_lut1_I0_O)        0.150     4.871 f  cnn_accelerator_design_i/axi_mem_intercon/m00_couplers/auto_pc/inst/gen_axi4_axi3.axi3_conv_inst/USE_WRITE.write_addr_inst/USE_BURSTS.cmd_queue/inst/S_AXI_AREADY_I_i_1/O
                         net (fo=244, routed)         5.325    10.196    <hidden>
    SLICE_X15Y49         FDPE                                         f  <hidden>
  -------------------------------------------------------------------    -------------------

                         (clock clk_fpga_0 rise edge)
                                                      0.000     0.000 r  
    PS7_X0Y0             PS7                          0.000     0.000 r  cnn_accelerator_design_i/processing_system7_0/inst/PS7_i/FCLKCLK[0]
                         net (fo=1, routed)           1.088     1.088    cnn_accelerator_design_i/processing_system7_0/inst/FCLK_CLK_unbuffered[0]
    BUFGCTRL_X0Y16       BUFG (Prop_bufg_I_O)         0.091     1.179 r  cnn_accelerator_design_i/processing_system7_0/inst/buffer_fclk_clk_0.FCLK_CLK_0_BUFG/O
                         net (fo=15024, routed)       1.581     2.760    <hidden>
    SLICE_X15Y49         FDPE                                         r  <hidden>

Slack:                    inf
  Source:                 cnn_accelerator_design_i/rst_ps7_0_50M/U0/ACTIVE_LOW_PR_OUT_DFF[0].FDRE_PER_N/C
                            (rising edge-triggered cell FDRE clocked by clk_fpga_0  {rise@0.000ns fall@10.000ns period=20.000ns})
  Destination:            <hidden>
                            (recovery check against rising-edge clock clk_fpga_0  {rise@0.000ns fall@10.000ns period=20.000ns})
  Path Group:             (none)
  Path Type:              Recovery (Max at Slow Process Corner)
  Data Path Delay:        7.266ns  (logic 0.606ns (8.340%)  route 6.660ns (91.660%))
  Logic Levels:           1  (LUT1=1)
  Clock Path Skew:        -0.170ns (DCD - SCD + CPR)
    Destination Clock Delay (DCD):    2.760ns
    Source Clock Delay      (SCD):    2.930ns
    Clock Pessimism Removal (CPR):    0.000ns
  Clock Uncertainty:      0.302ns  ((TSJ^2 + TIJ^2)^1/2 + DJ) / 2 + PE
    Total System Jitter     (TSJ):    0.071ns
    Total Input Jitter      (TIJ):    0.600ns
    Discrete Jitter          (DJ):    0.000ns
    Phase Error              (PE):    0.000ns
  Timing Exception:       False Path

    Location             Delay type                Incr(ns)  Path(ns)    Netlist Resource(s)
  -------------------------------------------------------------------    -------------------
                         (clock clk_fpga_0 rise edge)
                                                      0.000     0.000 r  
    PS7_X0Y0             PS7                          0.000     0.000 r  cnn_accelerator_design_i/processing_system7_0/inst/PS7_i/FCLKCLK[0]
                         net (fo=1, routed)           1.193     1.193    cnn_accelerator_design_i/processing_system7_0/inst/FCLK_CLK_unbuffered[0]
    BUFGCTRL_X0Y16       BUFG (Prop_bufg_I_O)         0.101     1.294 r  cnn_accelerator_design_i/processing_system7_0/inst/buffer_fclk_clk_0.FCLK_CLK_0_BUFG/O
                         net (fo=15024, routed)       1.636     2.930    cnn_accelerator_design_i/rst_ps7_0_50M/U0/slowest_sync_clk
    SLICE_X53Y88         FDRE                                         r  cnn_accelerator_design_i/rst_ps7_0_50M/U0/ACTIVE_LOW_PR_OUT_DFF[0].FDRE_PER_N/C
  -------------------------------------------------------------------    -------------------
    SLICE_X53Y88         FDRE (Prop_fdre_C_Q)         0.456     3.386 r  cnn_accelerator_design_i/rst_ps7_0_50M/U0/ACTIVE_LOW_PR_OUT_DFF[0].FDRE_PER_N/Q
                         net (fo=42, routed)          1.335     4.721    cnn_accelerator_design_i/axi_mem_intercon/m00_couplers/auto_pc/inst/gen_axi4_axi3.axi3_conv_inst/USE_WRITE.write_addr_inst/USE_BURSTS.cmd_queue/inst/aresetn
    SLICE_X51Y70         LUT1 (Prop_lut1_I0_O)        0.150     4.871 f  cnn_accelerator_design_i/axi_mem_intercon/m00_couplers/auto_pc/inst/gen_axi4_axi3.axi3_conv_inst/USE_WRITE.write_addr_inst/USE_BURSTS.cmd_queue/inst/S_AXI_AREADY_I_i_1/O
                         net (fo=244, routed)         5.325    10.196    <hidden>
    SLICE_X15Y49         FDPE                                         f  <hidden>
  -------------------------------------------------------------------    -------------------

                         (clock clk_fpga_0 rise edge)
                                                      0.000     0.000 r  
    PS7_X0Y0             PS7                          0.000     0.000 r  cnn_accelerator_design_i/processing_system7_0/inst/PS7_i/FCLKCLK[0]
                         net (fo=1, routed)           1.088     1.088    cnn_accelerator_design_i/processing_system7_0/inst/FCLK_CLK_unbuffered[0]
    BUFGCTRL_X0Y16       BUFG (Prop_bufg_I_O)         0.091     1.179 r  cnn_accelerator_design_i/processing_system7_0/inst/buffer_fclk_clk_0.FCLK_CLK_0_BUFG/O
                         net (fo=15024, routed)       1.581     2.760    <hidden>
    SLICE_X15Y49         FDPE                                         r  <hidden>

Slack:                    inf
  Source:                 cnn_accelerator_design_i/rst_ps7_0_50M/U0/ACTIVE_LOW_PR_OUT_DFF[0].FDRE_PER_N/C
                            (rising edge-triggered cell FDRE clocked by clk_fpga_0  {rise@0.000ns fall@10.000ns period=20.000ns})
  Destination:            <hidden>
                            (recovery check against rising-edge clock clk_fpga_0  {rise@0.000ns fall@10.000ns period=20.000ns})
  Path Group:             (none)
  Path Type:              Recovery (Max at Slow Process Corner)
  Data Path Delay:        3.156ns  (logic 0.606ns (19.199%)  route 2.550ns (80.801%))
  Logic Levels:           1  (LUT1=1)
  Clock Path Skew:        -0.225ns (DCD - SCD + CPR)
    Destination Clock Delay (DCD):    2.705ns
    Source Clock Delay      (SCD):    2.930ns
    Clock Pessimism Removal (CPR):    0.000ns
  Clock Uncertainty:      0.302ns  ((TSJ^2 + TIJ^2)^1/2 + DJ) / 2 + PE
    Total System Jitter     (TSJ):    0.071ns
    Total Input Jitter      (TIJ):    0.600ns
    Discrete Jitter          (DJ):    0.000ns
    Phase Error              (PE):    0.000ns
  Timing Exception:       False Path

    Location             Delay type                Incr(ns)  Path(ns)    Netlist Resource(s)
  -------------------------------------------------------------------    -------------------
                         (clock clk_fpga_0 rise edge)
                                                      0.000     0.000 r  
    PS7_X0Y0             PS7                          0.000     0.000 r  cnn_accelerator_design_i/processing_system7_0/inst/PS7_i/FCLKCLK[0]
                         net (fo=1, routed)           1.193     1.193    cnn_accelerator_design_i/processing_system7_0/inst/FCLK_CLK_unbuffered[0]
    BUFGCTRL_X0Y16       BUFG (Prop_bufg_I_O)         0.101     1.294 r  cnn_accelerator_design_i/processing_system7_0/inst/buffer_fclk_clk_0.FCLK_CLK_0_BUFG/O
                         net (fo=15024, routed)       1.636     2.930    cnn_accelerator_design_i/rst_ps7_0_50M/U0/slowest_sync_clk
    SLICE_X53Y88         FDRE                                         r  cnn_accelerator_design_i/rst_ps7_0_50M/U0/ACTIVE_LOW_PR_OUT_DFF[0].FDRE_PER_N/C
  -------------------------------------------------------------------    -------------------
    SLICE_X53Y88         FDRE (Prop_fdre_C_Q)         0.456     3.386 r  cnn_accelerator_design_i/rst_ps7_0_50M/U0/ACTIVE_LOW_PR_OUT_DFF[0].FDRE_PER_N/Q
                         net (fo=42, routed)          1.335     4.721    cnn_accelerator_design_i/axi_mem_intercon/m00_couplers/auto_pc/inst/gen_axi4_axi3.axi3_conv_inst/USE_WRITE.write_addr_inst/USE_BURSTS.cmd_queue/inst/aresetn
    SLICE_X51Y70         LUT1 (Prop_lut1_I0_O)        0.150     4.871 f  cnn_accelerator_design_i/axi_mem_intercon/m00_couplers/auto_pc/inst/gen_axi4_axi3.axi3_conv_inst/USE_WRITE.write_addr_inst/USE_BURSTS.cmd_queue/inst/S_AXI_AREADY_I_i_1/O
                         net (fo=244, routed)         1.215     6.086    <hidden>
    SLICE_X56Y70         FDPE                                         f  <hidden>
  -------------------------------------------------------------------    -------------------

                         (clock clk_fpga_0 rise edge)
                                                      0.000     0.000 r  
    PS7_X0Y0             PS7                          0.000     0.000 r  cnn_accelerator_design_i/processing_system7_0/inst/PS7_i/FCLKCLK[0]
                         net (fo=1, routed)           1.088     1.088    cnn_accelerator_design_i/processing_system7_0/inst/FCLK_CLK_unbuffered[0]
    BUFGCTRL_X0Y16       BUFG (Prop_bufg_I_O)         0.091     1.179 r  cnn_accelerator_design_i/processing_system7_0/inst/buffer_fclk_clk_0.FCLK_CLK_0_BUFG/O
                         net (fo=15024, routed)       1.526     2.705    <hidden>
    SLICE_X56Y70         FDPE                                         r  <hidden>

Slack:                    inf
  Source:                 cnn_accelerator_design_i/rst_ps7_0_50M/U0/ACTIVE_LOW_PR_OUT_DFF[0].FDRE_PER_N/C
                            (rising edge-triggered cell FDRE clocked by clk_fpga_0  {rise@0.000ns fall@10.000ns period=20.000ns})
  Destination:            <hidden>
                            (recovery check against rising-edge clock clk_fpga_0  {rise@0.000ns fall@10.000ns period=20.000ns})
  Path Group:             (none)
  Path Type:              Recovery (Max at Slow Process Corner)
  Data Path Delay:        3.156ns  (logic 0.606ns (19.199%)  route 2.550ns (80.801%))
  Logic Levels:           1  (LUT1=1)
  Clock Path Skew:        -0.225ns (DCD - SCD + CPR)
    Destination Clock Delay (DCD):    2.705ns
    Source Clock Delay      (SCD):    2.930ns
    Clock Pessimism Removal (CPR):    0.000ns
  Clock Uncertainty:      0.302ns  ((TSJ^2 + TIJ^2)^1/2 + DJ) / 2 + PE
    Total System Jitter     (TSJ):    0.071ns
    Total Input Jitter      (TIJ):    0.600ns
    Discrete Jitter          (DJ):    0.000ns
    Phase Error              (PE):    0.000ns
  Timing Exception:       False Path

    Location             Delay type                Incr(ns)  Path(ns)    Netlist Resource(s)
  -------------------------------------------------------------------    -------------------
                         (clock clk_fpga_0 rise edge)
                                                      0.000     0.000 r  
    PS7_X0Y0             PS7                          0.000     0.000 r  cnn_accelerator_design_i/processing_system7_0/inst/PS7_i/FCLKCLK[0]
                         net (fo=1, routed)           1.193     1.193    cnn_accelerator_design_i/processing_system7_0/inst/FCLK_CLK_unbuffered[0]
    BUFGCTRL_X0Y16       BUFG (Prop_bufg_I_O)         0.101     1.294 r  cnn_accelerator_design_i/processing_system7_0/inst/buffer_fclk_clk_0.FCLK_CLK_0_BUFG/O
                         net (fo=15024, routed)       1.636     2.930    cnn_accelerator_design_i/rst_ps7_0_50M/U0/slowest_sync_clk
    SLICE_X53Y88         FDRE                                         r  cnn_accelerator_design_i/rst_ps7_0_50M/U0/ACTIVE_LOW_PR_OUT_DFF[0].FDRE_PER_N/C
  -------------------------------------------------------------------    -------------------
    SLICE_X53Y88         FDRE (Prop_fdre_C_Q)         0.456     3.386 r  cnn_accelerator_design_i/rst_ps7_0_50M/U0/ACTIVE_LOW_PR_OUT_DFF[0].FDRE_PER_N/Q
                         net (fo=42, routed)          1.335     4.721    cnn_accelerator_design_i/axi_mem_intercon/m00_couplers/auto_pc/inst/gen_axi4_axi3.axi3_conv_inst/USE_WRITE.write_addr_inst/USE_BURSTS.cmd_queue/inst/aresetn
    SLICE_X51Y70         LUT1 (Prop_lut1_I0_O)        0.150     4.871 f  cnn_accelerator_design_i/axi_mem_intercon/m00_couplers/auto_pc/inst/gen_axi4_axi3.axi3_conv_inst/USE_WRITE.write_addr_inst/USE_BURSTS.cmd_queue/inst/S_AXI_AREADY_I_i_1/O
                         net (fo=244, routed)         1.215     6.086    <hidden>
    SLICE_X56Y70         FDPE                                         f  <hidden>
  -------------------------------------------------------------------    -------------------

                         (clock clk_fpga_0 rise edge)
                                                      0.000     0.000 r  
    PS7_X0Y0             PS7                          0.000     0.000 r  cnn_accelerator_design_i/processing_system7_0/inst/PS7_i/FCLKCLK[0]
                         net (fo=1, routed)           1.088     1.088    cnn_accelerator_design_i/processing_system7_0/inst/FCLK_CLK_unbuffered[0]
    BUFGCTRL_X0Y16       BUFG (Prop_bufg_I_O)         0.091     1.179 r  cnn_accelerator_design_i/processing_system7_0/inst/buffer_fclk_clk_0.FCLK_CLK_0_BUFG/O
                         net (fo=15024, routed)       1.526     2.705    <hidden>
    SLICE_X56Y70         FDPE                                         r  <hidden>

Slack:                    inf
  Source:                 cnn_accelerator_design_i/rst_ps7_0_50M/U0/ACTIVE_LOW_PR_OUT_DFF[0].FDRE_PER_N/C
                            (rising edge-triggered cell FDRE clocked by clk_fpga_0  {rise@0.000ns fall@10.000ns period=20.000ns})
  Destination:            <hidden>
                            (recovery check against rising-edge clock clk_fpga_0  {rise@0.000ns fall@10.000ns period=20.000ns})
  Path Group:             (none)
  Path Type:              Recovery (Max at Slow Process Corner)
  Data Path Delay:        2.752ns  (logic 0.606ns (22.022%)  route 2.146ns (77.978%))
  Logic Levels:           1  (LUT1=1)
  Clock Path Skew:        -0.293ns (DCD - SCD + CPR)
    Destination Clock Delay (DCD):    2.637ns
    Source Clock Delay      (SCD):    2.930ns
    Clock Pessimism Removal (CPR):    0.000ns
  Clock Uncertainty:      0.302ns  ((TSJ^2 + TIJ^2)^1/2 + DJ) / 2 + PE
    Total System Jitter     (TSJ):    0.071ns
    Total Input Jitter      (TIJ):    0.600ns
    Discrete Jitter          (DJ):    0.000ns
    Phase Error              (PE):    0.000ns
  Timing Exception:       False Path

    Location             Delay type                Incr(ns)  Path(ns)    Netlist Resource(s)
  -------------------------------------------------------------------    -------------------
                         (clock clk_fpga_0 rise edge)
                                                      0.000     0.000 r  
    PS7_X0Y0             PS7                          0.000     0.000 r  cnn_accelerator_design_i/processing_system7_0/inst/PS7_i/FCLKCLK[0]
                         net (fo=1, routed)           1.193     1.193    cnn_accelerator_design_i/processing_system7_0/inst/FCLK_CLK_unbuffered[0]
    BUFGCTRL_X0Y16       BUFG (Prop_bufg_I_O)         0.101     1.294 r  cnn_accelerator_design_i/processing_system7_0/inst/buffer_fclk_clk_0.FCLK_CLK_0_BUFG/O
                         net (fo=15024, routed)       1.636     2.930    cnn_accelerator_design_i/rst_ps7_0_50M/U0/slowest_sync_clk
    SLICE_X53Y88         FDRE                                         r  cnn_accelerator_design_i/rst_ps7_0_50M/U0/ACTIVE_LOW_PR_OUT_DFF[0].FDRE_PER_N/C
  -------------------------------------------------------------------    -------------------
    SLICE_X53Y88         FDRE (Prop_fdre_C_Q)         0.456     3.386 r  cnn_accelerator_design_i/rst_ps7_0_50M/U0/ACTIVE_LOW_PR_OUT_DFF[0].FDRE_PER_N/Q
                         net (fo=42, routed)          1.335     4.721    cnn_accelerator_design_i/axi_mem_intercon/m00_couplers/auto_pc/inst/gen_axi4_axi3.axi3_conv_inst/USE_WRITE.write_addr_inst/USE_BURSTS.cmd_queue/inst/aresetn
    SLICE_X51Y70         LUT1 (Prop_lut1_I0_O)        0.150     4.871 f  cnn_accelerator_design_i/axi_mem_intercon/m00_couplers/auto_pc/inst/gen_axi4_axi3.axi3_conv_inst/USE_WRITE.write_addr_inst/USE_BURSTS.cmd_queue/inst/S_AXI_AREADY_I_i_1/O
                         net (fo=244, routed)         0.811     5.682    <hidden>
    SLICE_X52Y67         FDPE                                         f  <hidden>
  -------------------------------------------------------------------    -------------------

                         (clock clk_fpga_0 rise edge)
                                                      0.000     0.000 r  
    PS7_X0Y0             PS7                          0.000     0.000 r  cnn_accelerator_design_i/processing_system7_0/inst/PS7_i/FCLKCLK[0]
                         net (fo=1, routed)           1.088     1.088    cnn_accelerator_design_i/processing_system7_0/inst/FCLK_CLK_unbuffered[0]
    BUFGCTRL_X0Y16       BUFG (Prop_bufg_I_O)         0.091     1.179 r  cnn_accelerator_design_i/processing_system7_0/inst/buffer_fclk_clk_0.FCLK_CLK_0_BUFG/O
                         net (fo=15024, routed)       1.458     2.637    <hidden>
    SLICE_X52Y67         FDPE                                         r  <hidden>

Slack:                    inf
  Source:                 cnn_accelerator_design_i/rst_ps7_0_50M/U0/ACTIVE_LOW_PR_OUT_DFF[0].FDRE_PER_N/C
                            (rising edge-triggered cell FDRE clocked by clk_fpga_0  {rise@0.000ns fall@10.000ns period=20.000ns})
  Destination:            <hidden>
                            (recovery check against rising-edge clock clk_fpga_0  {rise@0.000ns fall@10.000ns period=20.000ns})
  Path Group:             (none)
  Path Type:              Recovery (Max at Slow Process Corner)
  Data Path Delay:        2.752ns  (logic 0.606ns (22.022%)  route 2.146ns (77.978%))
  Logic Levels:           1  (LUT1=1)
  Clock Path Skew:        -0.293ns (DCD - SCD + CPR)
    Destination Clock Delay (DCD):    2.637ns
    Source Clock Delay      (SCD):    2.930ns
    Clock Pessimism Removal (CPR):    0.000ns
  Clock Uncertainty:      0.302ns  ((TSJ^2 + TIJ^2)^1/2 + DJ) / 2 + PE
    Total System Jitter     (TSJ):    0.071ns
    Total Input Jitter      (TIJ):    0.600ns
    Discrete Jitter          (DJ):    0.000ns
    Phase Error              (PE):    0.000ns
  Timing Exception:       False Path

    Location             Delay type                Incr(ns)  Path(ns)    Netlist Resource(s)
  -------------------------------------------------------------------    -------------------
                         (clock clk_fpga_0 rise edge)
                                                      0.000     0.000 r  
    PS7_X0Y0             PS7                          0.000     0.000 r  cnn_accelerator_design_i/processing_system7_0/inst/PS7_i/FCLKCLK[0]
                         net (fo=1, routed)           1.193     1.193    cnn_accelerator_design_i/processing_system7_0/inst/FCLK_CLK_unbuffered[0]
    BUFGCTRL_X0Y16       BUFG (Prop_bufg_I_O)         0.101     1.294 r  cnn_accelerator_design_i/processing_system7_0/inst/buffer_fclk_clk_0.FCLK_CLK_0_BUFG/O
                         net (fo=15024, routed)       1.636     2.930    cnn_accelerator_design_i/rst_ps7_0_50M/U0/slowest_sync_clk
    SLICE_X53Y88         FDRE                                         r  cnn_accelerator_design_i/rst_ps7_0_50M/U0/ACTIVE_LOW_PR_OUT_DFF[0].FDRE_PER_N/C
  -------------------------------------------------------------------    -------------------
    SLICE_X53Y88         FDRE (Prop_fdre_C_Q)         0.456     3.386 r  cnn_accelerator_design_i/rst_ps7_0_50M/U0/ACTIVE_LOW_PR_OUT_DFF[0].FDRE_PER_N/Q
                         net (fo=42, routed)          1.335     4.721    cnn_accelerator_design_i/axi_mem_intercon/m00_couplers/auto_pc/inst/gen_axi4_axi3.axi3_conv_inst/USE_WRITE.write_addr_inst/USE_BURSTS.cmd_queue/inst/aresetn
    SLICE_X51Y70         LUT1 (Prop_lut1_I0_O)        0.150     4.871 f  cnn_accelerator_design_i/axi_mem_intercon/m00_couplers/auto_pc/inst/gen_axi4_axi3.axi3_conv_inst/USE_WRITE.write_addr_inst/USE_BURSTS.cmd_queue/inst/S_AXI_AREADY_I_i_1/O
                         net (fo=244, routed)         0.811     5.682    <hidden>
    SLICE_X52Y67         FDPE                                         f  <hidden>
  -------------------------------------------------------------------    -------------------

                         (clock clk_fpga_0 rise edge)
                                                      0.000     0.000 r  
    PS7_X0Y0             PS7                          0.000     0.000 r  cnn_accelerator_design_i/processing_system7_0/inst/PS7_i/FCLKCLK[0]
                         net (fo=1, routed)           1.088     1.088    cnn_accelerator_design_i/processing_system7_0/inst/FCLK_CLK_unbuffered[0]
    BUFGCTRL_X0Y16       BUFG (Prop_bufg_I_O)         0.091     1.179 r  cnn_accelerator_design_i/processing_system7_0/inst/buffer_fclk_clk_0.FCLK_CLK_0_BUFG/O
                         net (fo=15024, routed)       1.458     2.637    <hidden>
    SLICE_X52Y67         FDPE                                         r  <hidden>

Slack:                    inf
  Source:                 cnn_accelerator_design_i/axi_smc/inst/clk_map/psr_aclk/U0/ACTIVE_LOW_BSR_OUT_DFF[0].FDRE_BSR_N/C
                            (rising edge-triggered cell FDRE clocked by clk_fpga_0  {rise@0.000ns fall@10.000ns period=20.000ns})
  Destination:            <hidden>
                            (recovery check against rising-edge clock clk_fpga_0  {rise@0.000ns fall@10.000ns period=20.000ns})
  Path Group:             (none)
  Path Type:              Recovery (Max at Slow Process Corner)
  Data Path Delay:        2.512ns  (logic 0.580ns (23.088%)  route 1.932ns (76.912%))
  Logic Levels:           1  (LUT1=1)
  Clock Path Skew:        -0.287ns (DCD - SCD + CPR)
    Destination Clock Delay (DCD):    2.658ns
    Source Clock Delay      (SCD):    2.945ns
    Clock Pessimism Removal (CPR):    0.000ns
  Clock Uncertainty:      0.302ns  ((TSJ^2 + TIJ^2)^1/2 + DJ) / 2 + PE
    Total System Jitter     (TSJ):    0.071ns
    Total Input Jitter      (TIJ):    0.600ns
    Discrete Jitter          (DJ):    0.000ns
    Phase Error              (PE):    0.000ns
  Timing Exception:       False Path

    Location             Delay type                Incr(ns)  Path(ns)    Netlist Resource(s)
  -------------------------------------------------------------------    -------------------
                         (clock clk_fpga_0 rise edge)
                                                      0.000     0.000 r  
    PS7_X0Y0             PS7                          0.000     0.000 r  cnn_accelerator_design_i/processing_system7_0/inst/PS7_i/FCLKCLK[0]
                         net (fo=1, routed)           1.193     1.193    cnn_accelerator_design_i/processing_system7_0/inst/FCLK_CLK_unbuffered[0]
    BUFGCTRL_X0Y16       BUFG (Prop_bufg_I_O)         0.101     1.294 r  cnn_accelerator_design_i/processing_system7_0/inst/buffer_fclk_clk_0.FCLK_CLK_0_BUFG/O
                         net (fo=15024, routed)       1.651     2.945    cnn_accelerator_design_i/axi_smc/inst/clk_map/psr_aclk/U0/aclk
    SLICE_X43Y93         FDRE                                         r  cnn_accelerator_design_i/axi_smc/inst/clk_map/psr_aclk/U0/ACTIVE_LOW_BSR_OUT_DFF[0].FDRE_BSR_N/C
  -------------------------------------------------------------------    -------------------
    SLICE_X43Y93         FDRE (Prop_fdre_C_Q)         0.456     3.401 r  cnn_accelerator_design_i/axi_smc/inst/clk_map/psr_aclk/U0/ACTIVE_LOW_BSR_OUT_DFF[0].FDRE_BSR_N/Q
                         net (fo=9, routed)           1.115     4.516    <hidden>
    SLICE_X43Y94         LUT1 (Prop_lut1_I0_O)        0.124     4.640 f  <hidden>
                         net (fo=3, routed)           0.818     5.457    <hidden>
    SLICE_X43Y94         FDCE                                         f  <hidden>
  -------------------------------------------------------------------    -------------------

                         (clock clk_fpga_0 rise edge)
                                                      0.000     0.000 r  
    PS7_X0Y0             PS7                          0.000     0.000 r  cnn_accelerator_design_i/processing_system7_0/inst/PS7_i/FCLKCLK[0]
                         net (fo=1, routed)           1.088     1.088    cnn_accelerator_design_i/processing_system7_0/inst/FCLK_CLK_unbuffered[0]
    BUFGCTRL_X0Y16       BUFG (Prop_bufg_I_O)         0.091     1.179 r  cnn_accelerator_design_i/processing_system7_0/inst/buffer_fclk_clk_0.FCLK_CLK_0_BUFG/O
                         net (fo=15024, routed)       1.479     2.658    <hidden>
    SLICE_X43Y94         FDCE                                         r  <hidden>

Slack:                    inf
  Source:                 cnn_accelerator_design_i/axi_smc/inst/clk_map/psr_aclk/U0/ACTIVE_LOW_BSR_OUT_DFF[0].FDRE_BSR_N/C
                            (rising edge-triggered cell FDRE clocked by clk_fpga_0  {rise@0.000ns fall@10.000ns period=20.000ns})
  Destination:            <hidden>
                            (recovery check against rising-edge clock clk_fpga_0  {rise@0.000ns fall@10.000ns period=20.000ns})
  Path Group:             (none)
  Path Type:              Recovery (Max at Slow Process Corner)
  Data Path Delay:        2.512ns  (logic 0.580ns (23.088%)  route 1.932ns (76.912%))
  Logic Levels:           1  (LUT1=1)
  Clock Path Skew:        -0.287ns (DCD - SCD + CPR)
    Destination Clock Delay (DCD):    2.658ns
    Source Clock Delay      (SCD):    2.945ns
    Clock Pessimism Removal (CPR):    0.000ns
  Clock Uncertainty:      0.302ns  ((TSJ^2 + TIJ^2)^1/2 + DJ) / 2 + PE
    Total System Jitter     (TSJ):    0.071ns
    Total Input Jitter      (TIJ):    0.600ns
    Discrete Jitter          (DJ):    0.000ns
    Phase Error              (PE):    0.000ns
  Timing Exception:       False Path

    Location             Delay type                Incr(ns)  Path(ns)    Netlist Resource(s)
  -------------------------------------------------------------------    -------------------
                         (clock clk_fpga_0 rise edge)
                                                      0.000     0.000 r  
    PS7_X0Y0             PS7                          0.000     0.000 r  cnn_accelerator_design_i/processing_system7_0/inst/PS7_i/FCLKCLK[0]
                         net (fo=1, routed)           1.193     1.193    cnn_accelerator_design_i/processing_system7_0/inst/FCLK_CLK_unbuffered[0]
    BUFGCTRL_X0Y16       BUFG (Prop_bufg_I_O)         0.101     1.294 r  cnn_accelerator_design_i/processing_system7_0/inst/buffer_fclk_clk_0.FCLK_CLK_0_BUFG/O
                         net (fo=15024, routed)       1.651     2.945    cnn_accelerator_design_i/axi_smc/inst/clk_map/psr_aclk/U0/aclk
    SLICE_X43Y93         FDRE                                         r  cnn_accelerator_design_i/axi_smc/inst/clk_map/psr_aclk/U0/ACTIVE_LOW_BSR_OUT_DFF[0].FDRE_BSR_N/C
  -------------------------------------------------------------------    -------------------
    SLICE_X43Y93         FDRE (Prop_fdre_C_Q)         0.456     3.401 r  cnn_accelerator_design_i/axi_smc/inst/clk_map/psr_aclk/U0/ACTIVE_LOW_BSR_OUT_DFF[0].FDRE_BSR_N/Q
                         net (fo=9, routed)           1.115     4.516    <hidden>
    SLICE_X43Y94         LUT1 (Prop_lut1_I0_O)        0.124     4.640 f  <hidden>
                         net (fo=3, routed)           0.818     5.457    <hidden>
    SLICE_X43Y94         FDCE                                         f  <hidden>
  -------------------------------------------------------------------    -------------------

                         (clock clk_fpga_0 rise edge)
                                                      0.000     0.000 r  
    PS7_X0Y0             PS7                          0.000     0.000 r  cnn_accelerator_design_i/processing_system7_0/inst/PS7_i/FCLKCLK[0]
                         net (fo=1, routed)           1.088     1.088    cnn_accelerator_design_i/processing_system7_0/inst/FCLK_CLK_unbuffered[0]
    BUFGCTRL_X0Y16       BUFG (Prop_bufg_I_O)         0.091     1.179 r  cnn_accelerator_design_i/processing_system7_0/inst/buffer_fclk_clk_0.FCLK_CLK_0_BUFG/O
                         net (fo=15024, routed)       1.479     2.658    <hidden>
    SLICE_X43Y94         FDCE                                         r  <hidden>

Slack:                    inf
  Source:                 cnn_accelerator_design_i/axi_smc/inst/clk_map/psr_aclk/U0/ACTIVE_LOW_BSR_OUT_DFF[0].FDRE_BSR_N/C
                            (rising edge-triggered cell FDRE clocked by clk_fpga_0  {rise@0.000ns fall@10.000ns period=20.000ns})
  Destination:            <hidden>
                            (recovery check against rising-edge clock clk_fpga_0  {rise@0.000ns fall@10.000ns period=20.000ns})
  Path Group:             (none)
  Path Type:              Recovery (Max at Slow Process Corner)
  Data Path Delay:        2.512ns  (logic 0.580ns (23.088%)  route 1.932ns (76.912%))
  Logic Levels:           1  (LUT1=1)
  Clock Path Skew:        -0.287ns (DCD - SCD + CPR)
    Destination Clock Delay (DCD):    2.658ns
    Source Clock Delay      (SCD):    2.945ns
    Clock Pessimism Removal (CPR):    0.000ns
  Clock Uncertainty:      0.302ns  ((TSJ^2 + TIJ^2)^1/2 + DJ) / 2 + PE
    Total System Jitter     (TSJ):    0.071ns
    Total Input Jitter      (TIJ):    0.600ns
    Discrete Jitter          (DJ):    0.000ns
    Phase Error              (PE):    0.000ns
  Timing Exception:       False Path

    Location             Delay type                Incr(ns)  Path(ns)    Netlist Resource(s)
  -------------------------------------------------------------------    -------------------
                         (clock clk_fpga_0 rise edge)
                                                      0.000     0.000 r  
    PS7_X0Y0             PS7                          0.000     0.000 r  cnn_accelerator_design_i/processing_system7_0/inst/PS7_i/FCLKCLK[0]
                         net (fo=1, routed)           1.193     1.193    cnn_accelerator_design_i/processing_system7_0/inst/FCLK_CLK_unbuffered[0]
    BUFGCTRL_X0Y16       BUFG (Prop_bufg_I_O)         0.101     1.294 r  cnn_accelerator_design_i/processing_system7_0/inst/buffer_fclk_clk_0.FCLK_CLK_0_BUFG/O
                         net (fo=15024, routed)       1.651     2.945    cnn_accelerator_design_i/axi_smc/inst/clk_map/psr_aclk/U0/aclk
    SLICE_X43Y93         FDRE                                         r  cnn_accelerator_design_i/axi_smc/inst/clk_map/psr_aclk/U0/ACTIVE_LOW_BSR_OUT_DFF[0].FDRE_BSR_N/C
  -------------------------------------------------------------------    -------------------
    SLICE_X43Y93         FDRE (Prop_fdre_C_Q)         0.456     3.401 r  cnn_accelerator_design_i/axi_smc/inst/clk_map/psr_aclk/U0/ACTIVE_LOW_BSR_OUT_DFF[0].FDRE_BSR_N/Q
                         net (fo=9, routed)           1.115     4.516    <hidden>
    SLICE_X43Y94         LUT1 (Prop_lut1_I0_O)        0.124     4.640 f  <hidden>
                         net (fo=3, routed)           0.818     5.457    <hidden>
    SLICE_X43Y94         FDCE                                         f  <hidden>
  -------------------------------------------------------------------    -------------------

                         (clock clk_fpga_0 rise edge)
                                                      0.000     0.000 r  
    PS7_X0Y0             PS7                          0.000     0.000 r  cnn_accelerator_design_i/processing_system7_0/inst/PS7_i/FCLKCLK[0]
                         net (fo=1, routed)           1.088     1.088    cnn_accelerator_design_i/processing_system7_0/inst/FCLK_CLK_unbuffered[0]
    BUFGCTRL_X0Y16       BUFG (Prop_bufg_I_O)         0.091     1.179 r  cnn_accelerator_design_i/processing_system7_0/inst/buffer_fclk_clk_0.FCLK_CLK_0_BUFG/O
                         net (fo=15024, routed)       1.479     2.658    <hidden>
    SLICE_X43Y94         FDCE                                         r  <hidden>

Slack:                    inf
  Source:                 cnn_accelerator_design_i/axi_smc/inst/clk_map/psr_aclk/U0/ACTIVE_LOW_BSR_OUT_DFF[0].FDRE_BSR_N/C
                            (rising edge-triggered cell FDRE clocked by clk_fpga_0  {rise@0.000ns fall@10.000ns period=20.000ns})
  Destination:            <hidden>
                            (recovery check against rising-edge clock clk_fpga_0  {rise@0.000ns fall@10.000ns period=20.000ns})
  Path Group:             (none)
  Path Type:              Recovery (Max at Slow Process Corner)
  Data Path Delay:        2.365ns  (logic 0.610ns (25.790%)  route 1.755ns (74.210%))
  Logic Levels:           1  (LUT1=1)
  Clock Path Skew:        -0.287ns (DCD - SCD + CPR)
    Destination Clock Delay (DCD):    2.658ns
    Source Clock Delay      (SCD):    2.945ns
    Clock Pessimism Removal (CPR):    0.000ns
  Clock Uncertainty:      0.302ns  ((TSJ^2 + TIJ^2)^1/2 + DJ) / 2 + PE
    Total System Jitter     (TSJ):    0.071ns
    Total Input Jitter      (TIJ):    0.600ns
    Discrete Jitter          (DJ):    0.000ns
    Phase Error              (PE):    0.000ns
  Timing Exception:       False Path

    Location             Delay type                Incr(ns)  Path(ns)    Netlist Resource(s)
  -------------------------------------------------------------------    -------------------
                         (clock clk_fpga_0 rise edge)
                                                      0.000     0.000 r  
    PS7_X0Y0             PS7                          0.000     0.000 r  cnn_accelerator_design_i/processing_system7_0/inst/PS7_i/FCLKCLK[0]
                         net (fo=1, routed)           1.193     1.193    cnn_accelerator_design_i/processing_system7_0/inst/FCLK_CLK_unbuffered[0]
    BUFGCTRL_X0Y16       BUFG (Prop_bufg_I_O)         0.101     1.294 r  cnn_accelerator_design_i/processing_system7_0/inst/buffer_fclk_clk_0.FCLK_CLK_0_BUFG/O
                         net (fo=15024, routed)       1.651     2.945    cnn_accelerator_design_i/axi_smc/inst/clk_map/psr_aclk/U0/aclk
    SLICE_X43Y93         FDRE                                         r  cnn_accelerator_design_i/axi_smc/inst/clk_map/psr_aclk/U0/ACTIVE_LOW_BSR_OUT_DFF[0].FDRE_BSR_N/C
  -------------------------------------------------------------------    -------------------
    SLICE_X43Y93         FDRE (Prop_fdre_C_Q)         0.456     3.401 r  cnn_accelerator_design_i/axi_smc/inst/clk_map/psr_aclk/U0/ACTIVE_LOW_BSR_OUT_DFF[0].FDRE_BSR_N/Q
                         net (fo=9, routed)           1.115     4.516    <hidden>
    SLICE_X43Y94         LUT1 (Prop_lut1_I0_O)        0.154     4.670 f  <hidden>
                         net (fo=3, routed)           0.641     5.310    <hidden>
    SLICE_X43Y95         FDCE                                         f  <hidden>
  -------------------------------------------------------------------    -------------------

                         (clock clk_fpga_0 rise edge)
                                                      0.000     0.000 r  
    PS7_X0Y0             PS7                          0.000     0.000 r  cnn_accelerator_design_i/processing_system7_0/inst/PS7_i/FCLKCLK[0]
                         net (fo=1, routed)           1.088     1.088    cnn_accelerator_design_i/processing_system7_0/inst/FCLK_CLK_unbuffered[0]
    BUFGCTRL_X0Y16       BUFG (Prop_bufg_I_O)         0.091     1.179 r  cnn_accelerator_design_i/processing_system7_0/inst/buffer_fclk_clk_0.FCLK_CLK_0_BUFG/O
                         net (fo=15024, routed)       1.479     2.658    <hidden>
    SLICE_X43Y95         FDCE                                         r  <hidden>





Min Delay Paths
--------------------------------------------------------------------------------------
Slack:                    inf
  Source:                 cnn_accelerator_design_i/rst_ps7_0_50M/U0/ACTIVE_LOW_PR_OUT_DFF[0].FDRE_PER_N/C
                            (rising edge-triggered cell FDRE clocked by clk_fpga_0  {rise@0.000ns fall@10.000ns period=20.000ns})
  Destination:            cnn_accelerator_design_i/axi_dma_0/U0/I_RST_MODULE/REG_HRD_RST/GENERATE_LEVEL_P_S_CDC.SINGLE_BIT.CROSS_PLEVEL_IN2SCNDRY_IN_cdc_to/D
                            (rising edge-triggered cell FDRE clocked by clk_fpga_0  {rise@0.000ns fall@10.000ns period=20.000ns})
  Path Group:             (none)
  Path Type:              Hold (Min at Fast Process Corner)
  Data Path Delay:        0.397ns  (logic 0.141ns (35.529%)  route 0.256ns (64.471%))
  Logic Levels:           0  
  Clock Path Skew:        0.302ns (DCD - SCD - CPR)
    Destination Clock Delay (DCD):    1.188ns
    Source Clock Delay      (SCD):    0.886ns
    Clock Pessimism Removal (CPR):    -0.000ns
  Clock Uncertainty:      0.302ns  ((TSJ^2 + TIJ^2)^1/2 + DJ) / 2 + PE
    Total System Jitter     (TSJ):    0.071ns
    Total Input Jitter      (TIJ):    0.600ns
    Discrete Jitter          (DJ):    0.000ns
    Phase Error              (PE):    0.000ns
  Timing Exception:       False Path

    Location             Delay type                Incr(ns)  Path(ns)    Netlist Resource(s)
  -------------------------------------------------------------------    -------------------
                         (clock clk_fpga_0 rise edge)
                                                      0.000     0.000 r  
    PS7_X0Y0             PS7                          0.000     0.000 r  cnn_accelerator_design_i/processing_system7_0/inst/PS7_i/FCLKCLK[0]
                         net (fo=1, routed)           0.310     0.310    cnn_accelerator_design_i/processing_system7_0/inst/FCLK_CLK_unbuffered[0]
    BUFGCTRL_X0Y16       BUFG (Prop_bufg_I_O)         0.026     0.336 r  cnn_accelerator_design_i/processing_system7_0/inst/buffer_fclk_clk_0.FCLK_CLK_0_BUFG/O
                         net (fo=15024, routed)       0.550     0.886    cnn_accelerator_design_i/rst_ps7_0_50M/U0/slowest_sync_clk
    SLICE_X53Y88         FDRE                                         r  cnn_accelerator_design_i/rst_ps7_0_50M/U0/ACTIVE_LOW_PR_OUT_DFF[0].FDRE_PER_N/C
  -------------------------------------------------------------------    -------------------
    SLICE_X53Y88         FDRE (Prop_fdre_C_Q)         0.141     1.027 r  cnn_accelerator_design_i/rst_ps7_0_50M/U0/ACTIVE_LOW_PR_OUT_DFF[0].FDRE_PER_N/Q
                         net (fo=42, routed)          0.256     1.282    cnn_accelerator_design_i/axi_dma_0/U0/I_RST_MODULE/REG_HRD_RST/axi_resetn
    SLICE_X44Y88         FDRE                                         r  cnn_accelerator_design_i/axi_dma_0/U0/I_RST_MODULE/REG_HRD_RST/GENERATE_LEVEL_P_S_CDC.SINGLE_BIT.CROSS_PLEVEL_IN2SCNDRY_IN_cdc_to/D
  -------------------------------------------------------------------    -------------------

                         (clock clk_fpga_0 rise edge)
                                                      0.000     0.000 r  
    PS7_X0Y0             PS7                          0.000     0.000 r  cnn_accelerator_design_i/processing_system7_0/inst/PS7_i/FCLKCLK[0]
                         net (fo=1, routed)           0.337     0.337    cnn_accelerator_design_i/processing_system7_0/inst/FCLK_CLK_unbuffered[0]
    BUFGCTRL_X0Y16       BUFG (Prop_bufg_I_O)         0.029     0.366 r  cnn_accelerator_design_i/processing_system7_0/inst/buffer_fclk_clk_0.FCLK_CLK_0_BUFG/O
                         net (fo=15024, routed)       0.822     1.188    cnn_accelerator_design_i/axi_dma_0/U0/I_RST_MODULE/REG_HRD_RST/s_axi_lite_aclk
    SLICE_X44Y88         FDRE                                         r  cnn_accelerator_design_i/axi_dma_0/U0/I_RST_MODULE/REG_HRD_RST/GENERATE_LEVEL_P_S_CDC.SINGLE_BIT.CROSS_PLEVEL_IN2SCNDRY_IN_cdc_to/C

Slack:                    inf
  Source:                 cnn_accelerator_design_i/rst_ps7_0_50M/U0/ACTIVE_LOW_PR_OUT_DFF[0].FDRE_PER_N/C
                            (rising edge-triggered cell FDRE clocked by clk_fpga_0  {rise@0.000ns fall@10.000ns period=20.000ns})
  Destination:            cnn_accelerator_design_i/axi_smc/inst/clk_map/psr_aclk/U0/EXT_LPF/ACTIVE_LOW_AUX.ACT_LO_AUX/GENERATE_LEVEL_P_S_CDC.SINGLE_BIT.CROSS_PLEVEL_IN2SCNDRY_IN_cdc_to/D
                            (rising edge-triggered cell FDRE clocked by clk_fpga_0  {rise@0.000ns fall@10.000ns period=20.000ns})
  Path Group:             (none)
  Path Type:              Hold (Min at Fast Process Corner)
  Data Path Delay:        0.571ns  (logic 0.186ns (32.559%)  route 0.385ns (67.441%))
  Logic Levels:           1  (LUT1=1)
  Clock Path Skew:        0.303ns (DCD - SCD - CPR)
    Destination Clock Delay (DCD):    1.189ns
    Source Clock Delay      (SCD):    0.886ns
    Clock Pessimism Removal (CPR):    -0.000ns
  Clock Uncertainty:      0.302ns  ((TSJ^2 + TIJ^2)^1/2 + DJ) / 2 + PE
    Total System Jitter     (TSJ):    0.071ns
    Total Input Jitter      (TIJ):    0.600ns
    Discrete Jitter          (DJ):    0.000ns
    Phase Error              (PE):    0.000ns
  Timing Exception:       False Path

    Location             Delay type                Incr(ns)  Path(ns)    Netlist Resource(s)
  -------------------------------------------------------------------    -------------------
                         (clock clk_fpga_0 rise edge)
                                                      0.000     0.000 r  
    PS7_X0Y0             PS7                          0.000     0.000 r  cnn_accelerator_design_i/processing_system7_0/inst/PS7_i/FCLKCLK[0]
                         net (fo=1, routed)           0.310     0.310    cnn_accelerator_design_i/processing_system7_0/inst/FCLK_CLK_unbuffered[0]
    BUFGCTRL_X0Y16       BUFG (Prop_bufg_I_O)         0.026     0.336 r  cnn_accelerator_design_i/processing_system7_0/inst/buffer_fclk_clk_0.FCLK_CLK_0_BUFG/O
                         net (fo=15024, routed)       0.550     0.886    cnn_accelerator_design_i/rst_ps7_0_50M/U0/slowest_sync_clk
    SLICE_X53Y88         FDRE                                         r  cnn_accelerator_design_i/rst_ps7_0_50M/U0/ACTIVE_LOW_PR_OUT_DFF[0].FDRE_PER_N/C
  -------------------------------------------------------------------    -------------------
    SLICE_X53Y88         FDRE (Prop_fdre_C_Q)         0.141     1.027 f  cnn_accelerator_design_i/rst_ps7_0_50M/U0/ACTIVE_LOW_PR_OUT_DFF[0].FDRE_PER_N/Q
                         net (fo=42, routed)          0.385     1.412    cnn_accelerator_design_i/axi_smc/inst/clk_map/psr_aclk/U0/EXT_LPF/ACTIVE_LOW_AUX.ACT_LO_AUX/aresetn
    SLICE_X44Y92         LUT1 (Prop_lut1_I0_O)        0.045     1.457 r  cnn_accelerator_design_i/axi_smc/inst/clk_map/psr_aclk/U0/EXT_LPF/ACTIVE_LOW_AUX.ACT_LO_AUX/GENERATE_LEVEL_P_S_CDC.SINGLE_BIT.CROSS_PLEVEL_IN2SCNDRY_IN_cdc_to_i_1/O
                         net (fo=1, routed)           0.000     1.457    cnn_accelerator_design_i/axi_smc/inst/clk_map/psr_aclk/U0/EXT_LPF/ACTIVE_LOW_AUX.ACT_LO_AUX/asr_d1
    SLICE_X44Y92         FDRE                                         r  cnn_accelerator_design_i/axi_smc/inst/clk_map/psr_aclk/U0/EXT_LPF/ACTIVE_LOW_AUX.ACT_LO_AUX/GENERATE_LEVEL_P_S_CDC.SINGLE_BIT.CROSS_PLEVEL_IN2SCNDRY_IN_cdc_to/D
  -------------------------------------------------------------------    -------------------

                         (clock clk_fpga_0 rise edge)
                                                      0.000     0.000 r  
    PS7_X0Y0             PS7                          0.000     0.000 r  cnn_accelerator_design_i/processing_system7_0/inst/PS7_i/FCLKCLK[0]
                         net (fo=1, routed)           0.337     0.337    cnn_accelerator_design_i/processing_system7_0/inst/FCLK_CLK_unbuffered[0]
    BUFGCTRL_X0Y16       BUFG (Prop_bufg_I_O)         0.029     0.366 r  cnn_accelerator_design_i/processing_system7_0/inst/buffer_fclk_clk_0.FCLK_CLK_0_BUFG/O
                         net (fo=15024, routed)       0.823     1.189    cnn_accelerator_design_i/axi_smc/inst/clk_map/psr_aclk/U0/EXT_LPF/ACTIVE_LOW_AUX.ACT_LO_AUX/aclk
    SLICE_X44Y92         FDRE                                         r  cnn_accelerator_design_i/axi_smc/inst/clk_map/psr_aclk/U0/EXT_LPF/ACTIVE_LOW_AUX.ACT_LO_AUX/GENERATE_LEVEL_P_S_CDC.SINGLE_BIT.CROSS_PLEVEL_IN2SCNDRY_IN_cdc_to/C

Slack:                    inf
  Source:                 cnn_accelerator_design_i/axi_smc/inst/clk_map/psr_aclk/U0/ACTIVE_LOW_BSR_OUT_DFF[0].FDRE_BSR_N/C
                            (rising edge-triggered cell FDRE clocked by clk_fpga_0  {rise@0.000ns fall@10.000ns period=20.000ns})
  Destination:            <hidden>
                            (removal check against rising-edge clock clk_fpga_0  {rise@0.000ns fall@10.000ns period=20.000ns})
  Path Group:             (none)
  Path Type:              Removal (Min at Fast Process Corner)
  Data Path Delay:        0.575ns  (logic 0.186ns (32.341%)  route 0.389ns (67.659%))
  Logic Levels:           1  (LUT1=1)
  Clock Path Skew:        0.298ns (DCD - SCD - CPR)
    Destination Clock Delay (DCD):    1.190ns
    Source Clock Delay      (SCD):    0.892ns
    Clock Pessimism Removal (CPR):    -0.000ns
  Clock Uncertainty:      0.302ns  ((TSJ^2 + TIJ^2)^1/2 + DJ) / 2 + PE
    Total System Jitter     (TSJ):    0.071ns
    Total Input Jitter      (TIJ):    0.600ns
    Discrete Jitter          (DJ):    0.000ns
    Phase Error              (PE):    0.000ns
  Timing Exception:       False Path

    Location             Delay type                Incr(ns)  Path(ns)    Netlist Resource(s)
  -------------------------------------------------------------------    -------------------
                         (clock clk_fpga_0 rise edge)
                                                      0.000     0.000 r  
    PS7_X0Y0             PS7                          0.000     0.000 r  cnn_accelerator_design_i/processing_system7_0/inst/PS7_i/FCLKCLK[0]
                         net (fo=1, routed)           0.310     0.310    cnn_accelerator_design_i/processing_system7_0/inst/FCLK_CLK_unbuffered[0]
    BUFGCTRL_X0Y16       BUFG (Prop_bufg_I_O)         0.026     0.336 r  cnn_accelerator_design_i/processing_system7_0/inst/buffer_fclk_clk_0.FCLK_CLK_0_BUFG/O
                         net (fo=15024, routed)       0.556     0.892    cnn_accelerator_design_i/axi_smc/inst/clk_map/psr_aclk/U0/aclk
    SLICE_X43Y93         FDRE                                         r  cnn_accelerator_design_i/axi_smc/inst/clk_map/psr_aclk/U0/ACTIVE_LOW_BSR_OUT_DFF[0].FDRE_BSR_N/C
  -------------------------------------------------------------------    -------------------
    SLICE_X43Y93         FDRE (Prop_fdre_C_Q)         0.141     1.033 r  cnn_accelerator_design_i/axi_smc/inst/clk_map/psr_aclk/U0/ACTIVE_LOW_BSR_OUT_DFF[0].FDRE_BSR_N/Q
                         net (fo=9, routed)           0.217     1.250    <hidden>
    SLICE_X41Y94         LUT1 (Prop_lut1_I0_O)        0.045     1.295 f  <hidden>
                         net (fo=3, routed)           0.172     1.467    <hidden>
    SLICE_X41Y96         FDCE                                         f  <hidden>
  -------------------------------------------------------------------    -------------------

                         (clock clk_fpga_0 rise edge)
                                                      0.000     0.000 r  
    PS7_X0Y0             PS7                          0.000     0.000 r  cnn_accelerator_design_i/processing_system7_0/inst/PS7_i/FCLKCLK[0]
                         net (fo=1, routed)           0.337     0.337    cnn_accelerator_design_i/processing_system7_0/inst/FCLK_CLK_unbuffered[0]
    BUFGCTRL_X0Y16       BUFG (Prop_bufg_I_O)         0.029     0.366 r  cnn_accelerator_design_i/processing_system7_0/inst/buffer_fclk_clk_0.FCLK_CLK_0_BUFG/O
                         net (fo=15024, routed)       0.824     1.190    <hidden>
    SLICE_X41Y96         FDCE                                         r  <hidden>

Slack:                    inf
  Source:                 cnn_accelerator_design_i/axi_smc/inst/clk_map/psr_aclk/U0/ACTIVE_LOW_BSR_OUT_DFF[0].FDRE_BSR_N/C
                            (rising edge-triggered cell FDRE clocked by clk_fpga_0  {rise@0.000ns fall@10.000ns period=20.000ns})
  Destination:            <hidden>
                            (removal check against rising-edge clock clk_fpga_0  {rise@0.000ns fall@10.000ns period=20.000ns})
  Path Group:             (none)
  Path Type:              Removal (Min at Fast Process Corner)
  Data Path Delay:        0.575ns  (logic 0.186ns (32.341%)  route 0.389ns (67.659%))
  Logic Levels:           1  (LUT1=1)
  Clock Path Skew:        0.298ns (DCD - SCD - CPR)
    Destination Clock Delay (DCD):    1.190ns
    Source Clock Delay      (SCD):    0.892ns
    Clock Pessimism Removal (CPR):    -0.000ns
  Clock Uncertainty:      0.302ns  ((TSJ^2 + TIJ^2)^1/2 + DJ) / 2 + PE
    Total System Jitter     (TSJ):    0.071ns
    Total Input Jitter      (TIJ):    0.600ns
    Discrete Jitter          (DJ):    0.000ns
    Phase Error              (PE):    0.000ns
  Timing Exception:       False Path

    Location             Delay type                Incr(ns)  Path(ns)    Netlist Resource(s)
  -------------------------------------------------------------------    -------------------
                         (clock clk_fpga_0 rise edge)
                                                      0.000     0.000 r  
    PS7_X0Y0             PS7                          0.000     0.000 r  cnn_accelerator_design_i/processing_system7_0/inst/PS7_i/FCLKCLK[0]
                         net (fo=1, routed)           0.310     0.310    cnn_accelerator_design_i/processing_system7_0/inst/FCLK_CLK_unbuffered[0]
    BUFGCTRL_X0Y16       BUFG (Prop_bufg_I_O)         0.026     0.336 r  cnn_accelerator_design_i/processing_system7_0/inst/buffer_fclk_clk_0.FCLK_CLK_0_BUFG/O
                         net (fo=15024, routed)       0.556     0.892    cnn_accelerator_design_i/axi_smc/inst/clk_map/psr_aclk/U0/aclk
    SLICE_X43Y93         FDRE                                         r  cnn_accelerator_design_i/axi_smc/inst/clk_map/psr_aclk/U0/ACTIVE_LOW_BSR_OUT_DFF[0].FDRE_BSR_N/C
  -------------------------------------------------------------------    -------------------
    SLICE_X43Y93         FDRE (Prop_fdre_C_Q)         0.141     1.033 r  cnn_accelerator_design_i/axi_smc/inst/clk_map/psr_aclk/U0/ACTIVE_LOW_BSR_OUT_DFF[0].FDRE_BSR_N/Q
                         net (fo=9, routed)           0.217     1.250    <hidden>
    SLICE_X41Y94         LUT1 (Prop_lut1_I0_O)        0.045     1.295 f  <hidden>
                         net (fo=3, routed)           0.172     1.467    <hidden>
    SLICE_X41Y96         FDCE                                         f  <hidden>
  -------------------------------------------------------------------    -------------------

                         (clock clk_fpga_0 rise edge)
                                                      0.000     0.000 r  
    PS7_X0Y0             PS7                          0.000     0.000 r  cnn_accelerator_design_i/processing_system7_0/inst/PS7_i/FCLKCLK[0]
                         net (fo=1, routed)           0.337     0.337    cnn_accelerator_design_i/processing_system7_0/inst/FCLK_CLK_unbuffered[0]
    BUFGCTRL_X0Y16       BUFG (Prop_bufg_I_O)         0.029     0.366 r  cnn_accelerator_design_i/processing_system7_0/inst/buffer_fclk_clk_0.FCLK_CLK_0_BUFG/O
                         net (fo=15024, routed)       0.824     1.190    <hidden>
    SLICE_X41Y96         FDCE                                         r  <hidden>

Slack:                    inf
  Source:                 cnn_accelerator_design_i/axi_smc/inst/clk_map/psr_aclk/U0/ACTIVE_LOW_BSR_OUT_DFF[0].FDRE_BSR_N/C
                            (rising edge-triggered cell FDRE clocked by clk_fpga_0  {rise@0.000ns fall@10.000ns period=20.000ns})
  Destination:            <hidden>
                            (removal check against rising-edge clock clk_fpga_0  {rise@0.000ns fall@10.000ns period=20.000ns})
  Path Group:             (none)
  Path Type:              Removal (Min at Fast Process Corner)
  Data Path Delay:        0.575ns  (logic 0.186ns (32.341%)  route 0.389ns (67.659%))
  Logic Levels:           1  (LUT1=1)
  Clock Path Skew:        0.298ns (DCD - SCD - CPR)
    Destination Clock Delay (DCD):    1.190ns
    Source Clock Delay      (SCD):    0.892ns
    Clock Pessimism Removal (CPR):    -0.000ns
  Clock Uncertainty:      0.302ns  ((TSJ^2 + TIJ^2)^1/2 + DJ) / 2 + PE
    Total System Jitter     (TSJ):    0.071ns
    Total Input Jitter      (TIJ):    0.600ns
    Discrete Jitter          (DJ):    0.000ns
    Phase Error              (PE):    0.000ns
  Timing Exception:       False Path

    Location             Delay type                Incr(ns)  Path(ns)    Netlist Resource(s)
  -------------------------------------------------------------------    -------------------
                         (clock clk_fpga_0 rise edge)
                                                      0.000     0.000 r  
    PS7_X0Y0             PS7                          0.000     0.000 r  cnn_accelerator_design_i/processing_system7_0/inst/PS7_i/FCLKCLK[0]
                         net (fo=1, routed)           0.310     0.310    cnn_accelerator_design_i/processing_system7_0/inst/FCLK_CLK_unbuffered[0]
    BUFGCTRL_X0Y16       BUFG (Prop_bufg_I_O)         0.026     0.336 r  cnn_accelerator_design_i/processing_system7_0/inst/buffer_fclk_clk_0.FCLK_CLK_0_BUFG/O
                         net (fo=15024, routed)       0.556     0.892    cnn_accelerator_design_i/axi_smc/inst/clk_map/psr_aclk/U0/aclk
    SLICE_X43Y93         FDRE                                         r  cnn_accelerator_design_i/axi_smc/inst/clk_map/psr_aclk/U0/ACTIVE_LOW_BSR_OUT_DFF[0].FDRE_BSR_N/C
  -------------------------------------------------------------------    -------------------
    SLICE_X43Y93         FDRE (Prop_fdre_C_Q)         0.141     1.033 r  cnn_accelerator_design_i/axi_smc/inst/clk_map/psr_aclk/U0/ACTIVE_LOW_BSR_OUT_DFF[0].FDRE_BSR_N/Q
                         net (fo=9, routed)           0.217     1.250    <hidden>
    SLICE_X41Y94         LUT1 (Prop_lut1_I0_O)        0.045     1.295 f  <hidden>
                         net (fo=3, routed)           0.172     1.467    <hidden>
    SLICE_X41Y96         FDCE                                         f  <hidden>
  -------------------------------------------------------------------    -------------------

                         (clock clk_fpga_0 rise edge)
                                                      0.000     0.000 r  
    PS7_X0Y0             PS7                          0.000     0.000 r  cnn_accelerator_design_i/processing_system7_0/inst/PS7_i/FCLKCLK[0]
                         net (fo=1, routed)           0.337     0.337    cnn_accelerator_design_i/processing_system7_0/inst/FCLK_CLK_unbuffered[0]
    BUFGCTRL_X0Y16       BUFG (Prop_bufg_I_O)         0.029     0.366 r  cnn_accelerator_design_i/processing_system7_0/inst/buffer_fclk_clk_0.FCLK_CLK_0_BUFG/O
                         net (fo=15024, routed)       0.824     1.190    <hidden>
    SLICE_X41Y96         FDCE                                         r  <hidden>

Slack:                    inf
  Source:                 cnn_accelerator_design_i/axi_smc/inst/clk_map/psr_aclk/U0/ACTIVE_LOW_BSR_OUT_DFF[0].FDRE_BSR_N/C
                            (rising edge-triggered cell FDRE clocked by clk_fpga_0  {rise@0.000ns fall@10.000ns period=20.000ns})
  Destination:            <hidden>
                            (removal check against rising-edge clock clk_fpga_0  {rise@0.000ns fall@10.000ns period=20.000ns})
  Path Group:             (none)
  Path Type:              Removal (Min at Fast Process Corner)
  Data Path Delay:        0.628ns  (logic 0.192ns (30.565%)  route 0.436ns (69.436%))
  Logic Levels:           1  (LUT1=1)
  Clock Path Skew:        0.297ns (DCD - SCD - CPR)
    Destination Clock Delay (DCD):    1.189ns
    Source Clock Delay      (SCD):    0.892ns
    Clock Pessimism Removal (CPR):    -0.000ns
  Clock Uncertainty:      0.302ns  ((TSJ^2 + TIJ^2)^1/2 + DJ) / 2 + PE
    Total System Jitter     (TSJ):    0.071ns
    Total Input Jitter      (TIJ):    0.600ns
    Discrete Jitter          (DJ):    0.000ns
    Phase Error              (PE):    0.000ns
  Timing Exception:       False Path

    Location             Delay type                Incr(ns)  Path(ns)    Netlist Resource(s)
  -------------------------------------------------------------------    -------------------
                         (clock clk_fpga_0 rise edge)
                                                      0.000     0.000 r  
    PS7_X0Y0             PS7                          0.000     0.000 r  cnn_accelerator_design_i/processing_system7_0/inst/PS7_i/FCLKCLK[0]
                         net (fo=1, routed)           0.310     0.310    cnn_accelerator_design_i/processing_system7_0/inst/FCLK_CLK_unbuffered[0]
    BUFGCTRL_X0Y16       BUFG (Prop_bufg_I_O)         0.026     0.336 r  cnn_accelerator_design_i/processing_system7_0/inst/buffer_fclk_clk_0.FCLK_CLK_0_BUFG/O
                         net (fo=15024, routed)       0.556     0.892    cnn_accelerator_design_i/axi_smc/inst/clk_map/psr_aclk/U0/aclk
    SLICE_X43Y93         FDRE                                         r  cnn_accelerator_design_i/axi_smc/inst/clk_map/psr_aclk/U0/ACTIVE_LOW_BSR_OUT_DFF[0].FDRE_BSR_N/C
  -------------------------------------------------------------------    -------------------
    SLICE_X43Y93         FDRE (Prop_fdre_C_Q)         0.141     1.033 r  cnn_accelerator_design_i/axi_smc/inst/clk_map/psr_aclk/U0/ACTIVE_LOW_BSR_OUT_DFF[0].FDRE_BSR_N/Q
                         net (fo=9, routed)           0.217     1.250    <hidden>
    SLICE_X41Y94         LUT1 (Prop_lut1_I0_O)        0.051     1.301 f  <hidden>
                         net (fo=3, routed)           0.219     1.520    <hidden>
    SLICE_X43Y92         FDCE                                         f  <hidden>
  -------------------------------------------------------------------    -------------------

                         (clock clk_fpga_0 rise edge)
                                                      0.000     0.000 r  
    PS7_X0Y0             PS7                          0.000     0.000 r  cnn_accelerator_design_i/processing_system7_0/inst/PS7_i/FCLKCLK[0]
                         net (fo=1, routed)           0.337     0.337    cnn_accelerator_design_i/processing_system7_0/inst/FCLK_CLK_unbuffered[0]
    BUFGCTRL_X0Y16       BUFG (Prop_bufg_I_O)         0.029     0.366 r  cnn_accelerator_design_i/processing_system7_0/inst/buffer_fclk_clk_0.FCLK_CLK_0_BUFG/O
                         net (fo=15024, routed)       0.823     1.189    <hidden>
    SLICE_X43Y92         FDCE                                         r  <hidden>

Slack:                    inf
  Source:                 cnn_accelerator_design_i/axi_smc/inst/clk_map/psr_aclk/U0/ACTIVE_LOW_BSR_OUT_DFF[0].FDRE_BSR_N/C
                            (rising edge-triggered cell FDRE clocked by clk_fpga_0  {rise@0.000ns fall@10.000ns period=20.000ns})
  Destination:            <hidden>
                            (removal check against rising-edge clock clk_fpga_0  {rise@0.000ns fall@10.000ns period=20.000ns})
  Path Group:             (none)
  Path Type:              Removal (Min at Fast Process Corner)
  Data Path Delay:        0.628ns  (logic 0.192ns (30.565%)  route 0.436ns (69.436%))
  Logic Levels:           1  (LUT1=1)
  Clock Path Skew:        0.297ns (DCD - SCD - CPR)
    Destination Clock Delay (DCD):    1.189ns
    Source Clock Delay      (SCD):    0.892ns
    Clock Pessimism Removal (CPR):    -0.000ns
  Clock Uncertainty:      0.302ns  ((TSJ^2 + TIJ^2)^1/2 + DJ) / 2 + PE
    Total System Jitter     (TSJ):    0.071ns
    Total Input Jitter      (TIJ):    0.600ns
    Discrete Jitter          (DJ):    0.000ns
    Phase Error              (PE):    0.000ns
  Timing Exception:       False Path

    Location             Delay type                Incr(ns)  Path(ns)    Netlist Resource(s)
  -------------------------------------------------------------------    -------------------
                         (clock clk_fpga_0 rise edge)
                                                      0.000     0.000 r  
    PS7_X0Y0             PS7                          0.000     0.000 r  cnn_accelerator_design_i/processing_system7_0/inst/PS7_i/FCLKCLK[0]
                         net (fo=1, routed)           0.310     0.310    cnn_accelerator_design_i/processing_system7_0/inst/FCLK_CLK_unbuffered[0]
    BUFGCTRL_X0Y16       BUFG (Prop_bufg_I_O)         0.026     0.336 r  cnn_accelerator_design_i/processing_system7_0/inst/buffer_fclk_clk_0.FCLK_CLK_0_BUFG/O
                         net (fo=15024, routed)       0.556     0.892    cnn_accelerator_design_i/axi_smc/inst/clk_map/psr_aclk/U0/aclk
    SLICE_X43Y93         FDRE                                         r  cnn_accelerator_design_i/axi_smc/inst/clk_map/psr_aclk/U0/ACTIVE_LOW_BSR_OUT_DFF[0].FDRE_BSR_N/C
  -------------------------------------------------------------------    -------------------
    SLICE_X43Y93         FDRE (Prop_fdre_C_Q)         0.141     1.033 r  cnn_accelerator_design_i/axi_smc/inst/clk_map/psr_aclk/U0/ACTIVE_LOW_BSR_OUT_DFF[0].FDRE_BSR_N/Q
                         net (fo=9, routed)           0.217     1.250    <hidden>
    SLICE_X41Y94         LUT1 (Prop_lut1_I0_O)        0.051     1.301 f  <hidden>
                         net (fo=3, routed)           0.219     1.520    <hidden>
    SLICE_X43Y92         FDCE                                         f  <hidden>
  -------------------------------------------------------------------    -------------------

                         (clock clk_fpga_0 rise edge)
                                                      0.000     0.000 r  
    PS7_X0Y0             PS7                          0.000     0.000 r  cnn_accelerator_design_i/processing_system7_0/inst/PS7_i/FCLKCLK[0]
                         net (fo=1, routed)           0.337     0.337    cnn_accelerator_design_i/processing_system7_0/inst/FCLK_CLK_unbuffered[0]
    BUFGCTRL_X0Y16       BUFG (Prop_bufg_I_O)         0.029     0.366 r  cnn_accelerator_design_i/processing_system7_0/inst/buffer_fclk_clk_0.FCLK_CLK_0_BUFG/O
                         net (fo=15024, routed)       0.823     1.189    <hidden>
    SLICE_X43Y92         FDCE                                         r  <hidden>

Slack:                    inf
  Source:                 cnn_accelerator_design_i/axi_smc/inst/clk_map/psr_aclk/U0/ACTIVE_LOW_BSR_OUT_DFF[0].FDRE_BSR_N/C
                            (rising edge-triggered cell FDRE clocked by clk_fpga_0  {rise@0.000ns fall@10.000ns period=20.000ns})
  Destination:            <hidden>
                            (removal check against rising-edge clock clk_fpga_0  {rise@0.000ns fall@10.000ns period=20.000ns})
  Path Group:             (none)
  Path Type:              Removal (Min at Fast Process Corner)
  Data Path Delay:        0.628ns  (logic 0.192ns (30.565%)  route 0.436ns (69.436%))
  Logic Levels:           1  (LUT1=1)
  Clock Path Skew:        0.297ns (DCD - SCD - CPR)
    Destination Clock Delay (DCD):    1.189ns
    Source Clock Delay      (SCD):    0.892ns
    Clock Pessimism Removal (CPR):    -0.000ns
  Clock Uncertainty:      0.302ns  ((TSJ^2 + TIJ^2)^1/2 + DJ) / 2 + PE
    Total System Jitter     (TSJ):    0.071ns
    Total Input Jitter      (TIJ):    0.600ns
    Discrete Jitter          (DJ):    0.000ns
    Phase Error              (PE):    0.000ns
  Timing Exception:       False Path

    Location             Delay type                Incr(ns)  Path(ns)    Netlist Resource(s)
  -------------------------------------------------------------------    -------------------
                         (clock clk_fpga_0 rise edge)
                                                      0.000     0.000 r  
    PS7_X0Y0             PS7                          0.000     0.000 r  cnn_accelerator_design_i/processing_system7_0/inst/PS7_i/FCLKCLK[0]
                         net (fo=1, routed)           0.310     0.310    cnn_accelerator_design_i/processing_system7_0/inst/FCLK_CLK_unbuffered[0]
    BUFGCTRL_X0Y16       BUFG (Prop_bufg_I_O)         0.026     0.336 r  cnn_accelerator_design_i/processing_system7_0/inst/buffer_fclk_clk_0.FCLK_CLK_0_BUFG/O
                         net (fo=15024, routed)       0.556     0.892    cnn_accelerator_design_i/axi_smc/inst/clk_map/psr_aclk/U0/aclk
    SLICE_X43Y93         FDRE                                         r  cnn_accelerator_design_i/axi_smc/inst/clk_map/psr_aclk/U0/ACTIVE_LOW_BSR_OUT_DFF[0].FDRE_BSR_N/C
  -------------------------------------------------------------------    -------------------
    SLICE_X43Y93         FDRE (Prop_fdre_C_Q)         0.141     1.033 r  cnn_accelerator_design_i/axi_smc/inst/clk_map/psr_aclk/U0/ACTIVE_LOW_BSR_OUT_DFF[0].FDRE_BSR_N/Q
                         net (fo=9, routed)           0.217     1.250    <hidden>
    SLICE_X41Y94         LUT1 (Prop_lut1_I0_O)        0.051     1.301 f  <hidden>
                         net (fo=3, routed)           0.219     1.520    <hidden>
    SLICE_X43Y92         FDCE                                         f  <hidden>
  -------------------------------------------------------------------    -------------------

                         (clock clk_fpga_0 rise edge)
                                                      0.000     0.000 r  
    PS7_X0Y0             PS7                          0.000     0.000 r  cnn_accelerator_design_i/processing_system7_0/inst/PS7_i/FCLKCLK[0]
                         net (fo=1, routed)           0.337     0.337    cnn_accelerator_design_i/processing_system7_0/inst/FCLK_CLK_unbuffered[0]
    BUFGCTRL_X0Y16       BUFG (Prop_bufg_I_O)         0.029     0.366 r  cnn_accelerator_design_i/processing_system7_0/inst/buffer_fclk_clk_0.FCLK_CLK_0_BUFG/O
                         net (fo=15024, routed)       0.823     1.189    <hidden>
    SLICE_X43Y92         FDCE                                         r  <hidden>

Slack:                    inf
  Source:                 cnn_accelerator_design_i/axi_smc/inst/clk_map/psr_aclk/U0/ACTIVE_LOW_BSR_OUT_DFF[0].FDRE_BSR_N/C
                            (rising edge-triggered cell FDRE clocked by clk_fpga_0  {rise@0.000ns fall@10.000ns period=20.000ns})
  Destination:            <hidden>
                            (removal check against rising-edge clock clk_fpga_0  {rise@0.000ns fall@10.000ns period=20.000ns})
  Path Group:             (none)
  Path Type:              Removal (Min at Fast Process Corner)
  Data Path Delay:        0.642ns  (logic 0.186ns (28.993%)  route 0.456ns (71.007%))
  Logic Levels:           1  (LUT1=1)
  Clock Path Skew:        0.298ns (DCD - SCD - CPR)
    Destination Clock Delay (DCD):    1.190ns
    Source Clock Delay      (SCD):    0.892ns
    Clock Pessimism Removal (CPR):    -0.000ns
  Clock Uncertainty:      0.302ns  ((TSJ^2 + TIJ^2)^1/2 + DJ) / 2 + PE
    Total System Jitter     (TSJ):    0.071ns
    Total Input Jitter      (TIJ):    0.600ns
    Discrete Jitter          (DJ):    0.000ns
    Phase Error              (PE):    0.000ns
  Timing Exception:       False Path

    Location             Delay type                Incr(ns)  Path(ns)    Netlist Resource(s)
  -------------------------------------------------------------------    -------------------
                         (clock clk_fpga_0 rise edge)
                                                      0.000     0.000 r  
    PS7_X0Y0             PS7                          0.000     0.000 r  cnn_accelerator_design_i/processing_system7_0/inst/PS7_i/FCLKCLK[0]
                         net (fo=1, routed)           0.310     0.310    cnn_accelerator_design_i/processing_system7_0/inst/FCLK_CLK_unbuffered[0]
    BUFGCTRL_X0Y16       BUFG (Prop_bufg_I_O)         0.026     0.336 r  cnn_accelerator_design_i/processing_system7_0/inst/buffer_fclk_clk_0.FCLK_CLK_0_BUFG/O
                         net (fo=15024, routed)       0.556     0.892    cnn_accelerator_design_i/axi_smc/inst/clk_map/psr_aclk/U0/aclk
    SLICE_X43Y93         FDRE                                         r  cnn_accelerator_design_i/axi_smc/inst/clk_map/psr_aclk/U0/ACTIVE_LOW_BSR_OUT_DFF[0].FDRE_BSR_N/C
  -------------------------------------------------------------------    -------------------
    SLICE_X43Y93         FDRE (Prop_fdre_C_Q)         0.141     1.033 r  cnn_accelerator_design_i/axi_smc/inst/clk_map/psr_aclk/U0/ACTIVE_LOW_BSR_OUT_DFF[0].FDRE_BSR_N/Q
                         net (fo=9, routed)           0.221     1.253    <hidden>
    SLICE_X41Y94         LUT1 (Prop_lut1_I0_O)        0.045     1.298 f  <hidden>
                         net (fo=3, routed)           0.235     1.533    <hidden>
    SLICE_X41Y94         FDCE                                         f  <hidden>
  -------------------------------------------------------------------    -------------------

                         (clock clk_fpga_0 rise edge)
                                                      0.000     0.000 r  
    PS7_X0Y0             PS7                          0.000     0.000 r  cnn_accelerator_design_i/processing_system7_0/inst/PS7_i/FCLKCLK[0]
                         net (fo=1, routed)           0.337     0.337    cnn_accelerator_design_i/processing_system7_0/inst/FCLK_CLK_unbuffered[0]
    BUFGCTRL_X0Y16       BUFG (Prop_bufg_I_O)         0.029     0.366 r  cnn_accelerator_design_i/processing_system7_0/inst/buffer_fclk_clk_0.FCLK_CLK_0_BUFG/O
                         net (fo=15024, routed)       0.824     1.190    <hidden>
    SLICE_X41Y94         FDCE                                         r  <hidden>

Slack:                    inf
  Source:                 cnn_accelerator_design_i/axi_smc/inst/clk_map/psr_aclk/U0/ACTIVE_LOW_BSR_OUT_DFF[0].FDRE_BSR_N/C
                            (rising edge-triggered cell FDRE clocked by clk_fpga_0  {rise@0.000ns fall@10.000ns period=20.000ns})
  Destination:            <hidden>
                            (removal check against rising-edge clock clk_fpga_0  {rise@0.000ns fall@10.000ns period=20.000ns})
  Path Group:             (none)
  Path Type:              Removal (Min at Fast Process Corner)
  Data Path Delay:        0.642ns  (logic 0.186ns (28.993%)  route 0.456ns (71.007%))
  Logic Levels:           1  (LUT1=1)
  Clock Path Skew:        0.298ns (DCD - SCD - CPR)
    Destination Clock Delay (DCD):    1.190ns
    Source Clock Delay      (SCD):    0.892ns
    Clock Pessimism Removal (CPR):    -0.000ns
  Clock Uncertainty:      0.302ns  ((TSJ^2 + TIJ^2)^1/2 + DJ) / 2 + PE
    Total System Jitter     (TSJ):    0.071ns
    Total Input Jitter      (TIJ):    0.600ns
    Discrete Jitter          (DJ):    0.000ns
    Phase Error              (PE):    0.000ns
  Timing Exception:       False Path

    Location             Delay type                Incr(ns)  Path(ns)    Netlist Resource(s)
  -------------------------------------------------------------------    -------------------
                         (clock clk_fpga_0 rise edge)
                                                      0.000     0.000 r  
    PS7_X0Y0             PS7                          0.000     0.000 r  cnn_accelerator_design_i/processing_system7_0/inst/PS7_i/FCLKCLK[0]
                         net (fo=1, routed)           0.310     0.310    cnn_accelerator_design_i/processing_system7_0/inst/FCLK_CLK_unbuffered[0]
    BUFGCTRL_X0Y16       BUFG (Prop_bufg_I_O)         0.026     0.336 r  cnn_accelerator_design_i/processing_system7_0/inst/buffer_fclk_clk_0.FCLK_CLK_0_BUFG/O
                         net (fo=15024, routed)       0.556     0.892    cnn_accelerator_design_i/axi_smc/inst/clk_map/psr_aclk/U0/aclk
    SLICE_X43Y93         FDRE                                         r  cnn_accelerator_design_i/axi_smc/inst/clk_map/psr_aclk/U0/ACTIVE_LOW_BSR_OUT_DFF[0].FDRE_BSR_N/C
  -------------------------------------------------------------------    -------------------
    SLICE_X43Y93         FDRE (Prop_fdre_C_Q)         0.141     1.033 r  cnn_accelerator_design_i/axi_smc/inst/clk_map/psr_aclk/U0/ACTIVE_LOW_BSR_OUT_DFF[0].FDRE_BSR_N/Q
                         net (fo=9, routed)           0.221     1.253    <hidden>
    SLICE_X41Y94         LUT1 (Prop_lut1_I0_O)        0.045     1.298 f  <hidden>
                         net (fo=3, routed)           0.235     1.533    <hidden>
    SLICE_X41Y94         FDCE                                         f  <hidden>
  -------------------------------------------------------------------    -------------------

                         (clock clk_fpga_0 rise edge)
                                                      0.000     0.000 r  
    PS7_X0Y0             PS7                          0.000     0.000 r  cnn_accelerator_design_i/processing_system7_0/inst/PS7_i/FCLKCLK[0]
                         net (fo=1, routed)           0.337     0.337    cnn_accelerator_design_i/processing_system7_0/inst/FCLK_CLK_unbuffered[0]
    BUFGCTRL_X0Y16       BUFG (Prop_bufg_I_O)         0.029     0.366 r  cnn_accelerator_design_i/processing_system7_0/inst/buffer_fclk_clk_0.FCLK_CLK_0_BUFG/O
                         net (fo=15024, routed)       0.824     1.190    <hidden>
    SLICE_X41Y94         FDCE                                         r  <hidden>





