Copyright 1986-2022 Xilinx, Inc. All Rights Reserved. Copyright 2022-2025 Advanced Micro Devices, Inc. All Rights Reserved.
------------------------------------------------------------------------------------------------------------------------------------------------------------------------------------------------------------------------------------------------------------------
| Tool Version : Vivado v.2025.1 (win64) Build 6140274 Thu May 22 00:12:29 MDT 2025
| Date         : Sun Apr 19 23:25:26 2026
| Host         : DESKTOP-G7LOJLI running 64-bit major release  (build 9200)
| Command      : report_timing_summary -max_paths 10 -routable_nets -report_unconstrained -file cnn_system_wrapper_timing_summary_routed.rpt -pb cnn_system_wrapper_timing_summary_routed.pb -rpx cnn_system_wrapper_timing_summary_routed.rpx -warn_on_violation
| Design       : cnn_system_wrapper
| Device       : 7z020-clg400
| Speed File   : -1  PRODUCTION 1.12 2019-11-22
| Design State : Routed
------------------------------------------------------------------------------------------------------------------------------------------------------------------------------------------------------------------------------------------------------------------

Timing Summary Report

------------------------------------------------------------------------------------------------
| Timer Settings
| --------------
------------------------------------------------------------------------------------------------

  Enable Multi Corner Analysis               :  Yes
  Enable Pessimism Removal                   :  Yes
  Pessimism Removal Resolution               :  Nearest Common Node
  Enable Input Delay Default Clock           :  No
  Enable Preset / Clear Arcs                 :  No
  Disable Flight Delays                      :  No
  Ignore I/O Paths                           :  No
  Timing Early Launch at Borrowing Latches   :  No
  Borrow Time for Max Delay Exceptions       :  Yes
  Merge Timing Exceptions                    :  Yes
  Inter-SLR Compensation                     :  Conservative

  Corner  Analyze    Analyze    
  Name    Max Paths  Min Paths  
  ------  ---------  ---------  
  Slow    Yes        Yes        
  Fast    Yes        Yes        


------------------------------------------------------------------------------------------------
| Report Methodology
| ------------------
------------------------------------------------------------------------------------------------

Rule     Severity  Description                   Violations  
-------  --------  ----------------------------  ----------  
LUTAR-1  Warning   LUT drives async reset alert  4           

Note: This report is based on the most recent report_methodology run and may not be up-to-date. Run report_methodology on the current design for the latest report.



check_timing report

Table of Contents
-----------------
1. checking no_clock (0)
2. checking constant_clock (0)
3. checking pulse_width_clock (0)
4. checking unconstrained_internal_endpoints (0)
5. checking no_input_delay (0)
6. checking no_output_delay (0)
7. checking multiple_clock (0)
8. checking generated_clocks (0)
9. checking loops (0)
10. checking partial_input_delay (0)
11. checking partial_output_delay (0)
12. checking latch_loops (0)

1. checking no_clock (0)
------------------------
 There are 0 register/latch pins with no clock.


2. checking constant_clock (0)
------------------------------
 There are 0 register/latch pins with constant_clock.


3. checking pulse_width_clock (0)
---------------------------------
 There are 0 register/latch pins which need pulse_width check


4. checking unconstrained_internal_endpoints (0)
------------------------------------------------
 There are 0 pins that are not constrained for maximum delay.

 There are 0 pins that are not constrained for maximum delay due to constant clock.


5. checking no_input_delay (0)
------------------------------
 There are 0 input ports with no input delay specified.

 There are 0 input ports with no input delay but user has a false path constraint.


6. checking no_output_delay (0)
-------------------------------
 There are 0 ports with no output delay specified.

 There are 0 ports with no output delay but user has a false path constraint

 There are 0 ports with no output delay but with a timing clock defined on it or propagating through it


7. checking multiple_clock (0)
------------------------------
 There are 0 register/latch pins with multiple clocks.


8. checking generated_clocks (0)
--------------------------------
 There are 0 generated clocks that are not connected to a clock source.


9. checking loops (0)
---------------------
 There are 0 combinational loops in the design.


10. checking partial_input_delay (0)
------------------------------------
 There are 0 input ports with partial input delay specified.


11. checking partial_output_delay (0)
-------------------------------------
 There are 0 ports with partial output delay specified.


12. checking latch_loops (0)
----------------------------
 There are 0 combinational latch loops in the design through latch input



------------------------------------------------------------------------------------------------
| Design Timing Summary
| ---------------------
------------------------------------------------------------------------------------------------

    WNS(ns)      TNS(ns)  TNS Failing Endpoints  TNS Total Endpoints      WHS(ns)      THS(ns)  THS Failing Endpoints  THS Total Endpoints     WPWS(ns)     TPWS(ns)  TPWS Failing Endpoints  TPWS Total Endpoints  
    -------      -------  ---------------------  -------------------      -------      -------  ---------------------  -------------------     --------     --------  ----------------------  --------------------  
      1.017        0.000                      0                36599        0.014        0.000                      0                36599        3.750        0.000                       0                 14850  


All user specified timing constraints are met.


------------------------------------------------------------------------------------------------
| Clock Summary
| -------------
------------------------------------------------------------------------------------------------

Clock       Waveform(ns)       Period(ns)      Frequency(MHz)
-----       ------------       ----------      --------------
clk_fpga_0  {0.000 5.000}      10.000          100.000         


------------------------------------------------------------------------------------------------
| Intra Clock Table
| -----------------
------------------------------------------------------------------------------------------------

Clock             WNS(ns)      TNS(ns)  TNS Failing Endpoints  TNS Total Endpoints      WHS(ns)      THS(ns)  THS Failing Endpoints  THS Total Endpoints     WPWS(ns)     TPWS(ns)  TPWS Failing Endpoints  TPWS Total Endpoints  
-----             -------      -------  ---------------------  -------------------      -------      -------  ---------------------  -------------------     --------     --------  ----------------------  --------------------  
clk_fpga_0          1.017        0.000                      0                36471        0.014        0.000                      0                36471        3.750        0.000                       0                 14850  


------------------------------------------------------------------------------------------------
| Inter Clock Table
| -----------------
------------------------------------------------------------------------------------------------

From Clock    To Clock          WNS(ns)      TNS(ns)  TNS Failing Endpoints  TNS Total Endpoints      WHS(ns)      THS(ns)  THS Failing Endpoints  THS Total Endpoints  
----------    --------          -------      -------  ---------------------  -------------------      -------      -------  ---------------------  -------------------  


------------------------------------------------------------------------------------------------
| Other Path Groups Table
| -----------------------
------------------------------------------------------------------------------------------------

Path Group         From Clock         To Clock               WNS(ns)      TNS(ns)  TNS Failing Endpoints  TNS Total Endpoints      WHS(ns)      THS(ns)  THS Failing Endpoints  THS Total Endpoints  
----------         ----------         --------               -------      -------  ---------------------  -------------------      -------      -------  ---------------------  -------------------  
**async_default**  clk_fpga_0         clk_fpga_0               5.796        0.000                      0                  128        0.573        0.000                      0                  128  


------------------------------------------------------------------------------------------------
| User Ignored Path Table
| -----------------------
------------------------------------------------------------------------------------------------

Path Group    From Clock    To Clock    
----------    ----------    --------    
(none)                      clk_fpga_0    
(none)        clk_fpga_0    clk_fpga_0    


------------------------------------------------------------------------------------------------
| Unconstrained Path Table
| ------------------------
------------------------------------------------------------------------------------------------

Path Group    From Clock    To Clock    
----------    ----------    --------    
(none)                      clk_fpga_0    


------------------------------------------------------------------------------------------------
| Timing Details
| --------------
------------------------------------------------------------------------------------------------


---------------------------------------------------------------------------------------------------
From Clock:  clk_fpga_0
  To Clock:  clk_fpga_0

Setup :            0  Failing Endpoints,  Worst Slack        1.017ns,  Total Violation        0.000ns
Hold  :            0  Failing Endpoints,  Worst Slack        0.014ns,  Total Violation        0.000ns
PW    :            0  Failing Endpoints,  Worst Slack        3.750ns,  Total Violation        0.000ns
---------------------------------------------------------------------------------------------------


Max Delay Paths
--------------------------------------------------------------------------------------
Slack (MET) :             1.017ns  (required time - arrival time)
  Source:                 cnn_system_i/cnn_top_0/inst/grp_cnn_top_Pipeline_CONV2_R_CONV2_C_CONV2_CH_L_fu_480/ap_CS_fsm_reg[0]/C
                            (rising edge-triggered cell FDSE clocked by clk_fpga_0  {rise@0.000ns fall@5.000ns period=10.000ns})
  Destination:            cnn_system_i/cnn_top_0/inst/w_conv2_U/ram3_reg/ADDRBWRADDR[7]
                            (rising edge-triggered cell RAMB36E1 clocked by clk_fpga_0  {rise@0.000ns fall@5.000ns period=10.000ns})
  Path Group:             clk_fpga_0
  Path Type:              Setup (Max at Slow Process Corner)
  Requirement:            10.000ns  (clk_fpga_0 rise@10.000ns - clk_fpga_0 rise@0.000ns)
  Data Path Delay:        7.896ns  (logic 1.492ns (18.896%)  route 6.404ns (81.104%))
  Logic Levels:           5  (LUT2=2 LUT5=2 LUT6=1)
  Clock Path Skew:        -0.163ns (DCD - SCD + CPR)
    Destination Clock Delay (DCD):    2.710ns = ( 12.710 - 10.000 ) 
    Source Clock Delay      (SCD):    3.002ns
    Clock Pessimism Removal (CPR):    0.129ns
  Clock Uncertainty:      0.154ns  ((TSJ^2 + TIJ^2)^1/2 + DJ) / 2 + PE
    Total System Jitter     (TSJ):    0.071ns
    Total Input Jitter      (TIJ):    0.300ns
    Discrete Jitter          (DJ):    0.000ns
    Phase Error              (PE):    0.000ns

    Location             Delay type                Incr(ns)  Path(ns)    Netlist Resource(s)
  -------------------------------------------------------------------    -------------------
                         (clock clk_fpga_0 rise edge)
                                                      0.000     0.000 r  
    PS7_X0Y0             PS7                          0.000     0.000 r  cnn_system_i/ps7/inst/PS7_i/FCLKCLK[0]
                         net (fo=1, routed)           1.193     1.193    cnn_system_i/ps7/inst/FCLK_CLK_unbuffered[0]
    BUFGCTRL_X0Y16       BUFG (Prop_bufg_I_O)         0.101     1.294 r  cnn_system_i/ps7/inst/buffer_fclk_clk_0.FCLK_CLK_0_BUFG/O
                         net (fo=14852, routed)       1.708     3.002    cnn_system_i/cnn_top_0/inst/grp_cnn_top_Pipeline_CONV2_R_CONV2_C_CONV2_CH_L_fu_480/ap_clk
    SLICE_X55Y25         FDSE                                         r  cnn_system_i/cnn_top_0/inst/grp_cnn_top_Pipeline_CONV2_R_CONV2_C_CONV2_CH_L_fu_480/ap_CS_fsm_reg[0]/C
  -------------------------------------------------------------------    -------------------
    SLICE_X55Y25         FDSE (Prop_fdse_C_Q)         0.456     3.458 f  cnn_system_i/cnn_top_0/inst/grp_cnn_top_Pipeline_CONV2_R_CONV2_C_CONV2_CH_L_fu_480/ap_CS_fsm_reg[0]/Q
                         net (fo=1167, routed)        0.938     4.396    cnn_system_i/cnn_top_0/inst/grp_cnn_top_Pipeline_CONV2_R_CONV2_C_CONV2_CH_L_fu_480/ap_CS_fsm_pp0_stage0
    SLICE_X55Y25         LUT2 (Prop_lut2_I0_O)        0.124     4.520 f  cnn_system_i/cnn_top_0/inst/grp_cnn_top_Pipeline_CONV2_R_CONV2_C_CONV2_CH_L_fu_480/ram12_reg_i_1__0/O
                         net (fo=745, routed)         1.488     6.008    cnn_system_i/cnn_top_0/inst/grp_cnn_top_Pipeline_CONV2_R_CONV2_C_CONV2_CH_L_fu_480/grp_cnn_top_Pipeline_CONV2_R_CONV2_C_CONV2_CH_L_fu_480_pool1_buf_address13[10]
    SLICE_X64Y10         LUT2 (Prop_lut2_I0_O)        0.118     6.126 r  cnn_system_i/cnn_top_0/inst/grp_cnn_top_Pipeline_CONV2_R_CONV2_C_CONV2_CH_L_fu_480/ram1_reg_i_10__1/O
                         net (fo=56, routed)          1.524     7.649    cnn_system_i/cnn_top_0/inst/grp_cnn_top_Pipeline_CONV2_R_CONV2_C_CONV2_CH_L_fu_480/grp_cnn_top_Pipeline_CONV2_R_CONV2_C_CONV2_CH_L_fu_480_w_conv2_address2[0]
    SLICE_X39Y5          LUT6 (Prop_lut6_I3_O)        0.326     7.975 r  cnn_system_i/cnn_top_0/inst/grp_cnn_top_Pipeline_CONV2_R_CONV2_C_CONV2_CH_L_fu_480/ram2_reg_i_26/O
                         net (fo=2, routed)           0.655     8.630    cnn_system_i/cnn_top_0/inst/grp_cnn_top_Pipeline_CONV2_R_CONV2_C_CONV2_CH_L_fu_480/ram2_reg_i_26_n_5
    SLICE_X39Y5          LUT5 (Prop_lut5_I0_O)        0.150     8.780 r  cnn_system_i/cnn_top_0/inst/grp_cnn_top_Pipeline_CONV2_R_CONV2_C_CONV2_CH_L_fu_480/ram3_reg_i_13__0/O
                         net (fo=2, routed)           0.743     9.523    cnn_system_i/cnn_top_0/inst/grp_cnn_top_Pipeline_CONV2_R_CONV2_C_CONV2_CH_L_fu_480/ram3_reg_i_13__0_n_5
    SLICE_X32Y5          LUT5 (Prop_lut5_I4_O)        0.318     9.841 r  cnn_system_i/cnn_top_0/inst/grp_cnn_top_Pipeline_CONV2_R_CONV2_C_CONV2_CH_L_fu_480/ram3_reg_i_8__0/O
                         net (fo=1, routed)           1.056    10.898    cnn_system_i/cnn_top_0/inst/w_conv2_U/address4[2]
    RAMB36_X2Y3          RAMB36E1                                     r  cnn_system_i/cnn_top_0/inst/w_conv2_U/ram3_reg/ADDRBWRADDR[7]
  -------------------------------------------------------------------    -------------------

                         (clock clk_fpga_0 rise edge)
                                                     10.000    10.000 r  
    PS7_X0Y0             PS7                          0.000    10.000 r  cnn_system_i/ps7/inst/PS7_i/FCLKCLK[0]
                         net (fo=1, routed)           1.088    11.088    cnn_system_i/ps7/inst/FCLK_CLK_unbuffered[0]
    BUFGCTRL_X0Y16       BUFG (Prop_bufg_I_O)         0.091    11.179 r  cnn_system_i/ps7/inst/buffer_fclk_clk_0.FCLK_CLK_0_BUFG/O
                         net (fo=14852, routed)       1.531    12.710    cnn_system_i/cnn_top_0/inst/w_conv2_U/ap_clk
    RAMB36_X2Y3          RAMB36E1                                     r  cnn_system_i/cnn_top_0/inst/w_conv2_U/ram3_reg/CLKBWRCLK
                         clock pessimism              0.129    12.839    
                         clock uncertainty           -0.154    12.685    
    RAMB36_X2Y3          RAMB36E1 (Setup_ramb36e1_CLKBWRCLK_ADDRBWRADDR[7])
                                                     -0.770    11.915    cnn_system_i/cnn_top_0/inst/w_conv2_U/ram3_reg
  -------------------------------------------------------------------
                         required time                         11.915    
                         arrival time                         -10.898    
  -------------------------------------------------------------------
                         slack                                  1.017    

Slack (MET) :             1.298ns  (required time - arrival time)
  Source:                 cnn_system_i/cnn_top_0/inst/grp_cnn_top_Pipeline_CONV2_R_CONV2_C_CONV2_CH_L_fu_480/ap_CS_fsm_reg[0]/C
                            (rising edge-triggered cell FDSE clocked by clk_fpga_0  {rise@0.000ns fall@5.000ns period=10.000ns})
  Destination:            cnn_system_i/cnn_top_0/inst/w_conv2_U/ram3_reg/ADDRBWRADDR[13]
                            (rising edge-triggered cell RAMB36E1 clocked by clk_fpga_0  {rise@0.000ns fall@5.000ns period=10.000ns})
  Path Group:             clk_fpga_0
  Path Type:              Setup (Max at Slow Process Corner)
  Requirement:            10.000ns  (clk_fpga_0 rise@10.000ns - clk_fpga_0 rise@0.000ns)
  Data Path Delay:        7.819ns  (logic 1.468ns (18.775%)  route 6.351ns (81.225%))
  Logic Levels:           5  (LUT2=2 LUT4=1 LUT5=1 LUT6=1)
  Clock Path Skew:        -0.163ns (DCD - SCD + CPR)
    Destination Clock Delay (DCD):    2.710ns = ( 12.710 - 10.000 ) 
    Source Clock Delay      (SCD):    3.002ns
    Clock Pessimism Removal (CPR):    0.129ns
  Clock Uncertainty:      0.154ns  ((TSJ^2 + TIJ^2)^1/2 + DJ) / 2 + PE
    Total System Jitter     (TSJ):    0.071ns
    Total Input Jitter      (TIJ):    0.300ns
    Discrete Jitter          (DJ):    0.000ns
    Phase Error              (PE):    0.000ns

    Location             Delay type                Incr(ns)  Path(ns)    Netlist Resource(s)
  -------------------------------------------------------------------    -------------------
                         (clock clk_fpga_0 rise edge)
                                                      0.000     0.000 r  
    PS7_X0Y0             PS7                          0.000     0.000 r  cnn_system_i/ps7/inst/PS7_i/FCLKCLK[0]
                         net (fo=1, routed)           1.193     1.193    cnn_system_i/ps7/inst/FCLK_CLK_unbuffered[0]
    BUFGCTRL_X0Y16       BUFG (Prop_bufg_I_O)         0.101     1.294 r  cnn_system_i/ps7/inst/buffer_fclk_clk_0.FCLK_CLK_0_BUFG/O
                         net (fo=14852, routed)       1.708     3.002    cnn_system_i/cnn_top_0/inst/grp_cnn_top_Pipeline_CONV2_R_CONV2_C_CONV2_CH_L_fu_480/ap_clk
    SLICE_X55Y25         FDSE                                         r  cnn_system_i/cnn_top_0/inst/grp_cnn_top_Pipeline_CONV2_R_CONV2_C_CONV2_CH_L_fu_480/ap_CS_fsm_reg[0]/C
  -------------------------------------------------------------------    -------------------
    SLICE_X55Y25         FDSE (Prop_fdse_C_Q)         0.456     3.458 f  cnn_system_i/cnn_top_0/inst/grp_cnn_top_Pipeline_CONV2_R_CONV2_C_CONV2_CH_L_fu_480/ap_CS_fsm_reg[0]/Q
                         net (fo=1167, routed)        0.938     4.396    cnn_system_i/cnn_top_0/inst/grp_cnn_top_Pipeline_CONV2_R_CONV2_C_CONV2_CH_L_fu_480/ap_CS_fsm_pp0_stage0
    SLICE_X55Y25         LUT2 (Prop_lut2_I0_O)        0.124     4.520 f  cnn_system_i/cnn_top_0/inst/grp_cnn_top_Pipeline_CONV2_R_CONV2_C_CONV2_CH_L_fu_480/ram12_reg_i_1__0/O
                         net (fo=745, routed)         1.488     6.008    cnn_system_i/cnn_top_0/inst/grp_cnn_top_Pipeline_CONV2_R_CONV2_C_CONV2_CH_L_fu_480/grp_cnn_top_Pipeline_CONV2_R_CONV2_C_CONV2_CH_L_fu_480_pool1_buf_address13[10]
    SLICE_X64Y10         LUT2 (Prop_lut2_I0_O)        0.118     6.126 r  cnn_system_i/cnn_top_0/inst/grp_cnn_top_Pipeline_CONV2_R_CONV2_C_CONV2_CH_L_fu_480/ram1_reg_i_10__1/O
                         net (fo=56, routed)          1.421     7.546    cnn_system_i/cnn_top_0/inst/grp_cnn_top_Pipeline_CONV2_R_CONV2_C_CONV2_CH_L_fu_480/grp_cnn_top_Pipeline_CONV2_R_CONV2_C_CONV2_CH_L_fu_480_w_conv2_address2[0]
    SLICE_X51Y6          LUT6 (Prop_lut6_I0_O)        0.326     7.872 r  cnn_system_i/cnn_top_0/inst/grp_cnn_top_Pipeline_CONV2_R_CONV2_C_CONV2_CH_L_fu_480/ram4_reg_i_10__0/O
                         net (fo=2, routed)           0.834     8.707    cnn_system_i/cnn_top_0/inst/grp_cnn_top_Pipeline_CONV2_R_CONV2_C_CONV2_CH_L_fu_480/ram4_reg_i_10__0_n_5
    SLICE_X36Y6          LUT5 (Prop_lut5_I3_O)        0.116     8.823 r  cnn_system_i/cnn_top_0/inst/grp_cnn_top_Pipeline_CONV2_R_CONV2_C_CONV2_CH_L_fu_480/ram2_reg_i_14__0/O
                         net (fo=2, routed)           0.735     9.558    cnn_system_i/cnn_top_0/inst/grp_cnn_top_Pipeline_CONV2_R_CONV2_C_CONV2_CH_L_fu_480/ram2_reg_i_14__0_n_5
    SLICE_X33Y6          LUT4 (Prop_lut4_I0_O)        0.328     9.886 r  cnn_system_i/cnn_top_0/inst/grp_cnn_top_Pipeline_CONV2_R_CONV2_C_CONV2_CH_L_fu_480/ram3_reg_i_2__1/O
                         net (fo=1, routed)           0.935    10.821    cnn_system_i/cnn_top_0/inst/w_conv2_U/address4[8]
    RAMB36_X2Y3          RAMB36E1                                     r  cnn_system_i/cnn_top_0/inst/w_conv2_U/ram3_reg/ADDRBWRADDR[13]
  -------------------------------------------------------------------    -------------------

                         (clock clk_fpga_0 rise edge)
                                                     10.000    10.000 r  
    PS7_X0Y0             PS7                          0.000    10.000 r  cnn_system_i/ps7/inst/PS7_i/FCLKCLK[0]
                         net (fo=1, routed)           1.088    11.088    cnn_system_i/ps7/inst/FCLK_CLK_unbuffered[0]
    BUFGCTRL_X0Y16       BUFG (Prop_bufg_I_O)         0.091    11.179 r  cnn_system_i/ps7/inst/buffer_fclk_clk_0.FCLK_CLK_0_BUFG/O
                         net (fo=14852, routed)       1.531    12.710    cnn_system_i/cnn_top_0/inst/w_conv2_U/ap_clk
    RAMB36_X2Y3          RAMB36E1                                     r  cnn_system_i/cnn_top_0/inst/w_conv2_U/ram3_reg/CLKBWRCLK
                         clock pessimism              0.129    12.839    
                         clock uncertainty           -0.154    12.685    
    RAMB36_X2Y3          RAMB36E1 (Setup_ramb36e1_CLKBWRCLK_ADDRBWRADDR[13])
                                                     -0.566    12.119    cnn_system_i/cnn_top_0/inst/w_conv2_U/ram3_reg
  -------------------------------------------------------------------
                         required time                         12.119    
                         arrival time                         -10.821    
  -------------------------------------------------------------------
                         slack                                  1.298    

Slack (MET) :             1.315ns  (required time - arrival time)
  Source:                 cnn_system_i/ps7/inst/PS7_i/SAXIHP1ACLK
                            (rising edge-triggered cell PS7 clocked by clk_fpga_0  {rise@0.000ns fall@5.000ns period=10.000ns})
  Destination:            <hidden>
                            (rising edge-triggered cell FDPE clocked by clk_fpga_0  {rise@0.000ns fall@5.000ns period=10.000ns})
  Path Group:             clk_fpga_0
  Path Type:              Setup (Max at Slow Process Corner)
  Requirement:            10.000ns  (clk_fpga_0 rise@10.000ns - clk_fpga_0 rise@0.000ns)
  Data Path Delay:        8.179ns  (logic 2.700ns (33.013%)  route 5.479ns (66.987%))
  Logic Levels:           7  (LUT3=2 LUT4=2 LUT6=3)
  Clock Path Skew:        -0.337ns (DCD - SCD + CPR)
    Destination Clock Delay (DCD):    2.645ns = ( 12.645 - 10.000 ) 
    Source Clock Delay      (SCD):    3.110ns
    Clock Pessimism Removal (CPR):    0.129ns
  Clock Uncertainty:      0.154ns  ((TSJ^2 + TIJ^2)^1/2 + DJ) / 2 + PE
    Total System Jitter     (TSJ):    0.071ns
    Total Input Jitter      (TIJ):    0.300ns
    Discrete Jitter          (DJ):    0.000ns
    Phase Error              (PE):    0.000ns

    Location             Delay type                Incr(ns)  Path(ns)    Netlist Resource(s)
  -------------------------------------------------------------------    -------------------
                         (clock clk_fpga_0 rise edge)
                                                      0.000     0.000 r  
    PS7_X0Y0             PS7                          0.000     0.000 r  cnn_system_i/ps7/inst/PS7_i/FCLKCLK[0]
                         net (fo=1, routed)           1.193     1.193    cnn_system_i/ps7/inst/FCLK_CLK_unbuffered[0]
    BUFGCTRL_X0Y16       BUFG (Prop_bufg_I_O)         0.101     1.294 r  cnn_system_i/ps7/inst/buffer_fclk_clk_0.FCLK_CLK_0_BUFG/O
                         net (fo=14852, routed)       1.816     3.110    cnn_system_i/ps7/inst/S_AXI_HP1_ACLK
    PS7_X0Y0             PS7                                          r  cnn_system_i/ps7/inst/PS7_i/SAXIHP1ACLK
  -------------------------------------------------------------------    -------------------
    PS7_X0Y0             PS7 (Prop_ps7_SAXIHP1ACLK_SAXIHP1WREADY)
                                                      1.234     4.344 r  cnn_system_i/ps7/inst/PS7_i/SAXIHP1WREADY
                         net (fo=2, routed)           0.811     5.155    cnn_system_i/axi_ic_hp1/xbar/inst/gen_samd.crossbar_samd/gen_master_slots[0].gen_mi_write.wdata_mux_w/gen_wmux.wmux_aw_fifo/m_axi_wready[0]
    SLICE_X26Y67         LUT4 (Prop_lut4_I2_O)        0.124     5.279 r  cnn_system_i/axi_ic_hp1/xbar/inst/gen_samd.crossbar_samd/gen_master_slots[0].gen_mi_write.wdata_mux_w/gen_wmux.wmux_aw_fifo/s_axi_wready[1]_INST_0_i_1/O
                         net (fo=2, routed)           0.494     5.773    cnn_system_i/axi_ic_hp1/xbar/inst/gen_samd.crossbar_samd/gen_master_slots[1].gen_mi_write.wdata_mux_w/gen_wmux.wmux_aw_fifo/s_axi_wready[1]
    SLICE_X31Y67         LUT6 (Prop_lut6_I0_O)        0.124     5.897 r  cnn_system_i/axi_ic_hp1/xbar/inst/gen_samd.crossbar_samd/gen_master_slots[1].gen_mi_write.wdata_mux_w/gen_wmux.wmux_aw_fifo/s_axi_wready[1]_INST_0/O
                         net (fo=15, routed)          1.010     6.907    cnn_system_i/axi_ic_hp1/s01_couplers/auto_us/inst/gen_upsizer.gen_full_upsizer.axi_upsizer_inst/USE_WRITE.write_addr_inst/GEN_CMD_QUEUE.cmd_queue/m_axi_wready
    SLICE_X37Y64         LUT3 (Prop_lut3_I0_O)        0.120     7.027 r  cnn_system_i/axi_ic_hp1/s01_couplers/auto_us/inst/gen_upsizer.gen_full_upsizer.axi_upsizer_inst/USE_WRITE.write_addr_inst/GEN_CMD_QUEUE.cmd_queue/s_axi_wready_INST_0/O
                         net (fo=2, routed)           0.967     7.994    cnn_system_i/axi_ic_hp1/s01_couplers/auto_pc/inst/gen_axi4_axi3.axi3_conv_inst/USE_WRITE.write_addr_inst/USE_BURSTS.cmd_queue/inst/m_axi_wready
    SLICE_X51Y56         LUT3 (Prop_lut3_I0_O)        0.322     8.316 r  cnn_system_i/axi_ic_hp1/s01_couplers/auto_pc/inst/gen_axi4_axi3.axi3_conv_inst/USE_WRITE.write_addr_inst/USE_BURSTS.cmd_queue/inst/s_axi_wready_INST_0/O
                         net (fo=12, routed)          0.482     8.799    cnn_system_i/axi_ic_hp1/s01_couplers/auto_pc/inst/gen_axi4_axi3.axi3_conv_inst/USE_WRITE.write_data_inst/length_counter_1_reg[6]_0
    SLICE_X52Y55         LUT6 (Prop_lut6_I4_O)        0.332     9.131 r  cnn_system_i/axi_ic_hp1/s01_couplers/auto_pc/inst/gen_axi4_axi3.axi3_conv_inst/USE_WRITE.write_data_inst/fifo_gen_inst_i_2__0/O
                         net (fo=9, routed)           0.782     9.913    <hidden>
    SLICE_X51Y54         LUT4 (Prop_lut4_I1_O)        0.118    10.031 r  <hidden>
                         net (fo=12, routed)          0.352    10.383    <hidden>
    SLICE_X51Y53         LUT6 (Prop_lut6_I0_O)        0.326    10.709 r  <hidden>
                         net (fo=2, routed)           0.580    11.289    <hidden>
    SLICE_X50Y53         FDPE                                         r  <hidden>
  -------------------------------------------------------------------    -------------------

                         (clock clk_fpga_0 rise edge)
                                                     10.000    10.000 r  
    PS7_X0Y0             PS7                          0.000    10.000 r  cnn_system_i/ps7/inst/PS7_i/FCLKCLK[0]
                         net (fo=1, routed)           1.088    11.088    cnn_system_i/ps7/inst/FCLK_CLK_unbuffered[0]
    BUFGCTRL_X0Y16       BUFG (Prop_bufg_I_O)         0.091    11.179 r  cnn_system_i/ps7/inst/buffer_fclk_clk_0.FCLK_CLK_0_BUFG/O
                         net (fo=14852, routed)       1.466    12.645    <hidden>
    SLICE_X50Y53         FDPE                                         r  <hidden>
                         clock pessimism              0.129    12.774    
                         clock uncertainty           -0.154    12.620    
    SLICE_X50Y53         FDPE (Setup_fdpe_C_D)       -0.016    12.604    <hidden>
  -------------------------------------------------------------------
                         required time                         12.604    
                         arrival time                         -11.289    
  -------------------------------------------------------------------
                         slack                                  1.315    

Slack (MET) :             1.407ns  (required time - arrival time)
  Source:                 cnn_system_i/cnn_top_0/inst/grp_cnn_top_Pipeline_CONV2_R_CONV2_C_CONV2_CH_L_fu_480/ap_CS_fsm_reg[0]/C
                            (rising edge-triggered cell FDSE clocked by clk_fpga_0  {rise@0.000ns fall@5.000ns period=10.000ns})
  Destination:            cnn_system_i/cnn_top_0/inst/w_conv2_U/ram2_reg/ADDRBWRADDR[13]
                            (rising edge-triggered cell RAMB36E1 clocked by clk_fpga_0  {rise@0.000ns fall@5.000ns period=10.000ns})
  Path Group:             clk_fpga_0
  Path Type:              Setup (Max at Slow Process Corner)
  Requirement:            10.000ns  (clk_fpga_0 rise@10.000ns - clk_fpga_0 rise@0.000ns)
  Data Path Delay:        7.515ns  (logic 1.462ns (19.455%)  route 6.053ns (80.545%))
  Logic Levels:           5  (LUT2=2 LUT5=2 LUT6=1)
  Clock Path Skew:        -0.156ns (DCD - SCD + CPR)
    Destination Clock Delay (DCD):    2.717ns = ( 12.717 - 10.000 ) 
    Source Clock Delay      (SCD):    3.002ns
    Clock Pessimism Removal (CPR):    0.129ns
  Clock Uncertainty:      0.154ns  ((TSJ^2 + TIJ^2)^1/2 + DJ) / 2 + PE
    Total System Jitter     (TSJ):    0.071ns
    Total Input Jitter      (TIJ):    0.300ns
    Discrete Jitter          (DJ):    0.000ns
    Phase Error              (PE):    0.000ns

    Location             Delay type                Incr(ns)  Path(ns)    Netlist Resource(s)
  -------------------------------------------------------------------    -------------------
                         (clock clk_fpga_0 rise edge)
                                                      0.000     0.000 r  
    PS7_X0Y0             PS7                          0.000     0.000 r  cnn_system_i/ps7/inst/PS7_i/FCLKCLK[0]
                         net (fo=1, routed)           1.193     1.193    cnn_system_i/ps7/inst/FCLK_CLK_unbuffered[0]
    BUFGCTRL_X0Y16       BUFG (Prop_bufg_I_O)         0.101     1.294 r  cnn_system_i/ps7/inst/buffer_fclk_clk_0.FCLK_CLK_0_BUFG/O
                         net (fo=14852, routed)       1.708     3.002    cnn_system_i/cnn_top_0/inst/grp_cnn_top_Pipeline_CONV2_R_CONV2_C_CONV2_CH_L_fu_480/ap_clk
    SLICE_X55Y25         FDSE                                         r  cnn_system_i/cnn_top_0/inst/grp_cnn_top_Pipeline_CONV2_R_CONV2_C_CONV2_CH_L_fu_480/ap_CS_fsm_reg[0]/C
  -------------------------------------------------------------------    -------------------
    SLICE_X55Y25         FDSE (Prop_fdse_C_Q)         0.456     3.458 f  cnn_system_i/cnn_top_0/inst/grp_cnn_top_Pipeline_CONV2_R_CONV2_C_CONV2_CH_L_fu_480/ap_CS_fsm_reg[0]/Q
                         net (fo=1167, routed)        0.938     4.396    cnn_system_i/cnn_top_0/inst/grp_cnn_top_Pipeline_CONV2_R_CONV2_C_CONV2_CH_L_fu_480/ap_CS_fsm_pp0_stage0
    SLICE_X55Y25         LUT2 (Prop_lut2_I0_O)        0.124     4.520 f  cnn_system_i/cnn_top_0/inst/grp_cnn_top_Pipeline_CONV2_R_CONV2_C_CONV2_CH_L_fu_480/ram12_reg_i_1__0/O
                         net (fo=745, routed)         1.488     6.008    cnn_system_i/cnn_top_0/inst/grp_cnn_top_Pipeline_CONV2_R_CONV2_C_CONV2_CH_L_fu_480/grp_cnn_top_Pipeline_CONV2_R_CONV2_C_CONV2_CH_L_fu_480_pool1_buf_address13[10]
    SLICE_X64Y10         LUT2 (Prop_lut2_I0_O)        0.118     6.126 r  cnn_system_i/cnn_top_0/inst/grp_cnn_top_Pipeline_CONV2_R_CONV2_C_CONV2_CH_L_fu_480/ram1_reg_i_10__1/O
                         net (fo=56, routed)          1.421     7.546    cnn_system_i/cnn_top_0/inst/grp_cnn_top_Pipeline_CONV2_R_CONV2_C_CONV2_CH_L_fu_480/grp_cnn_top_Pipeline_CONV2_R_CONV2_C_CONV2_CH_L_fu_480_w_conv2_address2[0]
    SLICE_X51Y6          LUT6 (Prop_lut6_I0_O)        0.326     7.872 r  cnn_system_i/cnn_top_0/inst/grp_cnn_top_Pipeline_CONV2_R_CONV2_C_CONV2_CH_L_fu_480/ram4_reg_i_10__0/O
                         net (fo=2, routed)           0.834     8.707    cnn_system_i/cnn_top_0/inst/grp_cnn_top_Pipeline_CONV2_R_CONV2_C_CONV2_CH_L_fu_480/ram4_reg_i_10__0_n_5
    SLICE_X36Y6          LUT5 (Prop_lut5_I3_O)        0.116     8.823 r  cnn_system_i/cnn_top_0/inst/grp_cnn_top_Pipeline_CONV2_R_CONV2_C_CONV2_CH_L_fu_480/ram2_reg_i_14__0/O
                         net (fo=2, routed)           0.735     9.558    cnn_system_i/cnn_top_0/inst/grp_cnn_top_Pipeline_CONV2_R_CONV2_C_CONV2_CH_L_fu_480/ram2_reg_i_14__0_n_5
    SLICE_X33Y6          LUT5 (Prop_lut5_I4_O)        0.322     9.880 r  cnn_system_i/cnn_top_0/inst/grp_cnn_top_Pipeline_CONV2_R_CONV2_C_CONV2_CH_L_fu_480/ram2_reg_i_2__1/O
                         net (fo=1, routed)           0.637    10.517    cnn_system_i/cnn_top_0/inst/w_conv2_U/address3[7]
    RAMB36_X2Y1          RAMB36E1                                     r  cnn_system_i/cnn_top_0/inst/w_conv2_U/ram2_reg/ADDRBWRADDR[13]
  -------------------------------------------------------------------    -------------------

                         (clock clk_fpga_0 rise edge)
                                                     10.000    10.000 r  
    PS7_X0Y0             PS7                          0.000    10.000 r  cnn_system_i/ps7/inst/PS7_i/FCLKCLK[0]
                         net (fo=1, routed)           1.088    11.088    cnn_system_i/ps7/inst/FCLK_CLK_unbuffered[0]
    BUFGCTRL_X0Y16       BUFG (Prop_bufg_I_O)         0.091    11.179 r  cnn_system_i/ps7/inst/buffer_fclk_clk_0.FCLK_CLK_0_BUFG/O
                         net (fo=14852, routed)       1.538    12.717    cnn_system_i/cnn_top_0/inst/w_conv2_U/ap_clk
    RAMB36_X2Y1          RAMB36E1                                     r  cnn_system_i/cnn_top_0/inst/w_conv2_U/ram2_reg/CLKBWRCLK
                         clock pessimism              0.129    12.846    
                         clock uncertainty           -0.154    12.692    
    RAMB36_X2Y1          RAMB36E1 (Setup_ramb36e1_CLKBWRCLK_ADDRBWRADDR[13])
                                                     -0.768    11.924    cnn_system_i/cnn_top_0/inst/w_conv2_U/ram2_reg
  -------------------------------------------------------------------
                         required time                         11.924    
                         arrival time                         -10.517    
  -------------------------------------------------------------------
                         slack                                  1.407    

Slack (MET) :             1.410ns  (required time - arrival time)
  Source:                 cnn_system_i/cnn_top_0/inst/grp_cnn_top_Pipeline_CONV2_R_CONV2_C_CONV2_CH_L_fu_480/ap_CS_fsm_reg[0]/C
                            (rising edge-triggered cell FDSE clocked by clk_fpga_0  {rise@0.000ns fall@5.000ns period=10.000ns})
  Destination:            cnn_system_i/cnn_top_0/inst/w_conv2_U/ram4_reg/ADDRBWRADDR[7]
                            (rising edge-triggered cell RAMB36E1 clocked by clk_fpga_0  {rise@0.000ns fall@5.000ns period=10.000ns})
  Path Group:             clk_fpga_0
  Path Type:              Setup (Max at Slow Process Corner)
  Requirement:            10.000ns  (clk_fpga_0 rise@10.000ns - clk_fpga_0 rise@0.000ns)
  Data Path Delay:        7.798ns  (logic 1.500ns (19.236%)  route 6.298ns (80.764%))
  Logic Levels:           5  (LUT2=2 LUT5=2 LUT6=1)
  Clock Path Skew:        -0.072ns (DCD - SCD + CPR)
    Destination Clock Delay (DCD):    2.801ns = ( 12.801 - 10.000 ) 
    Source Clock Delay      (SCD):    3.002ns
    Clock Pessimism Removal (CPR):    0.129ns
  Clock Uncertainty:      0.154ns  ((TSJ^2 + TIJ^2)^1/2 + DJ) / 2 + PE
    Total System Jitter     (TSJ):    0.071ns
    Total Input Jitter      (TIJ):    0.300ns
    Discrete Jitter          (DJ):    0.000ns
    Phase Error              (PE):    0.000ns

    Location             Delay type                Incr(ns)  Path(ns)    Netlist Resource(s)
  -------------------------------------------------------------------    -------------------
                         (clock clk_fpga_0 rise edge)
                                                      0.000     0.000 r  
    PS7_X0Y0             PS7                          0.000     0.000 r  cnn_system_i/ps7/inst/PS7_i/FCLKCLK[0]
                         net (fo=1, routed)           1.193     1.193    cnn_system_i/ps7/inst/FCLK_CLK_unbuffered[0]
    BUFGCTRL_X0Y16       BUFG (Prop_bufg_I_O)         0.101     1.294 r  cnn_system_i/ps7/inst/buffer_fclk_clk_0.FCLK_CLK_0_BUFG/O
                         net (fo=14852, routed)       1.708     3.002    cnn_system_i/cnn_top_0/inst/grp_cnn_top_Pipeline_CONV2_R_CONV2_C_CONV2_CH_L_fu_480/ap_clk
    SLICE_X55Y25         FDSE                                         r  cnn_system_i/cnn_top_0/inst/grp_cnn_top_Pipeline_CONV2_R_CONV2_C_CONV2_CH_L_fu_480/ap_CS_fsm_reg[0]/C
  -------------------------------------------------------------------    -------------------
    SLICE_X55Y25         FDSE (Prop_fdse_C_Q)         0.456     3.458 f  cnn_system_i/cnn_top_0/inst/grp_cnn_top_Pipeline_CONV2_R_CONV2_C_CONV2_CH_L_fu_480/ap_CS_fsm_reg[0]/Q
                         net (fo=1167, routed)        0.938     4.396    cnn_system_i/cnn_top_0/inst/grp_cnn_top_Pipeline_CONV2_R_CONV2_C_CONV2_CH_L_fu_480/ap_CS_fsm_pp0_stage0
    SLICE_X55Y25         LUT2 (Prop_lut2_I0_O)        0.124     4.520 f  cnn_system_i/cnn_top_0/inst/grp_cnn_top_Pipeline_CONV2_R_CONV2_C_CONV2_CH_L_fu_480/ram12_reg_i_1__0/O
                         net (fo=745, routed)         1.488     6.008    cnn_system_i/cnn_top_0/inst/grp_cnn_top_Pipeline_CONV2_R_CONV2_C_CONV2_CH_L_fu_480/grp_cnn_top_Pipeline_CONV2_R_CONV2_C_CONV2_CH_L_fu_480_pool1_buf_address13[10]
    SLICE_X64Y10         LUT2 (Prop_lut2_I0_O)        0.118     6.126 r  cnn_system_i/cnn_top_0/inst/grp_cnn_top_Pipeline_CONV2_R_CONV2_C_CONV2_CH_L_fu_480/ram1_reg_i_10__1/O
                         net (fo=56, routed)          1.524     7.649    cnn_system_i/cnn_top_0/inst/grp_cnn_top_Pipeline_CONV2_R_CONV2_C_CONV2_CH_L_fu_480/grp_cnn_top_Pipeline_CONV2_R_CONV2_C_CONV2_CH_L_fu_480_w_conv2_address2[0]
    SLICE_X39Y5          LUT6 (Prop_lut6_I3_O)        0.326     7.975 r  cnn_system_i/cnn_top_0/inst/grp_cnn_top_Pipeline_CONV2_R_CONV2_C_CONV2_CH_L_fu_480/ram2_reg_i_26/O
                         net (fo=2, routed)           0.655     8.630    cnn_system_i/cnn_top_0/inst/grp_cnn_top_Pipeline_CONV2_R_CONV2_C_CONV2_CH_L_fu_480/ram2_reg_i_26_n_5
    SLICE_X39Y5          LUT5 (Prop_lut5_I0_O)        0.150     8.780 r  cnn_system_i/cnn_top_0/inst/grp_cnn_top_Pipeline_CONV2_R_CONV2_C_CONV2_CH_L_fu_480/ram3_reg_i_13__0/O
                         net (fo=2, routed)           0.743     9.523    cnn_system_i/cnn_top_0/inst/grp_cnn_top_Pipeline_CONV2_R_CONV2_C_CONV2_CH_L_fu_480/ram3_reg_i_13__0_n_5
    SLICE_X32Y5          LUT5 (Prop_lut5_I4_O)        0.326     9.849 r  cnn_system_i/cnn_top_0/inst/grp_cnn_top_Pipeline_CONV2_R_CONV2_C_CONV2_CH_L_fu_480/ram4_reg_i_8__0/O
                         net (fo=1, routed)           0.951    10.800    cnn_system_i/cnn_top_0/inst/w_conv2_U/address5[1]
    RAMB36_X1Y0          RAMB36E1                                     r  cnn_system_i/cnn_top_0/inst/w_conv2_U/ram4_reg/ADDRBWRADDR[7]
  -------------------------------------------------------------------    -------------------

                         (clock clk_fpga_0 rise edge)
                                                     10.000    10.000 r  
    PS7_X0Y0             PS7                          0.000    10.000 r  cnn_system_i/ps7/inst/PS7_i/FCLKCLK[0]
                         net (fo=1, routed)           1.088    11.088    cnn_system_i/ps7/inst/FCLK_CLK_unbuffered[0]
    BUFGCTRL_X0Y16       BUFG (Prop_bufg_I_O)         0.091    11.179 r  cnn_system_i/ps7/inst/buffer_fclk_clk_0.FCLK_CLK_0_BUFG/O
                         net (fo=14852, routed)       1.622    12.801    cnn_system_i/cnn_top_0/inst/w_conv2_U/ap_clk
    RAMB36_X1Y0          RAMB36E1                                     r  cnn_system_i/cnn_top_0/inst/w_conv2_U/ram4_reg/CLKBWRCLK
                         clock pessimism              0.129    12.930    
                         clock uncertainty           -0.154    12.776    
    RAMB36_X1Y0          RAMB36E1 (Setup_ramb36e1_CLKBWRCLK_ADDRBWRADDR[7])
                                                     -0.566    12.210    cnn_system_i/cnn_top_0/inst/w_conv2_U/ram4_reg
  -------------------------------------------------------------------
                         required time                         12.210    
                         arrival time                         -10.800    
  -------------------------------------------------------------------
                         slack                                  1.410    

Slack (MET) :             1.455ns  (required time - arrival time)
  Source:                 cnn_system_i/cnn_top_0/inst/grp_cnn_top_Pipeline_CONV2_R_CONV2_C_CONV2_CH_L_fu_480/ap_CS_fsm_reg[0]/C
                            (rising edge-triggered cell FDSE clocked by clk_fpga_0  {rise@0.000ns fall@5.000ns period=10.000ns})
  Destination:            cnn_system_i/cnn_top_0/inst/w_conv2_U/ram6_reg/ADDRARDADDR[7]
                            (rising edge-triggered cell RAMB36E1 clocked by clk_fpga_0  {rise@0.000ns fall@5.000ns period=10.000ns})
  Path Group:             clk_fpga_0
  Path Type:              Setup (Max at Slow Process Corner)
  Requirement:            10.000ns  (clk_fpga_0 rise@10.000ns - clk_fpga_0 rise@0.000ns)
  Data Path Delay:        7.893ns  (logic 1.148ns (14.544%)  route 6.745ns (85.456%))
  Logic Levels:           4  (LUT2=2 LUT6=2)
  Clock Path Skew:        0.068ns (DCD - SCD + CPR)
    Destination Clock Delay (DCD):    2.841ns = ( 12.841 - 10.000 ) 
    Source Clock Delay      (SCD):    3.002ns
    Clock Pessimism Removal (CPR):    0.230ns
  Clock Uncertainty:      0.154ns  ((TSJ^2 + TIJ^2)^1/2 + DJ) / 2 + PE
    Total System Jitter     (TSJ):    0.071ns
    Total Input Jitter      (TIJ):    0.300ns
    Discrete Jitter          (DJ):    0.000ns
    Phase Error              (PE):    0.000ns

    Location             Delay type                Incr(ns)  Path(ns)    Netlist Resource(s)
  -------------------------------------------------------------------    -------------------
                         (clock clk_fpga_0 rise edge)
                                                      0.000     0.000 r  
    PS7_X0Y0             PS7                          0.000     0.000 r  cnn_system_i/ps7/inst/PS7_i/FCLKCLK[0]
                         net (fo=1, routed)           1.193     1.193    cnn_system_i/ps7/inst/FCLK_CLK_unbuffered[0]
    BUFGCTRL_X0Y16       BUFG (Prop_bufg_I_O)         0.101     1.294 r  cnn_system_i/ps7/inst/buffer_fclk_clk_0.FCLK_CLK_0_BUFG/O
                         net (fo=14852, routed)       1.708     3.002    cnn_system_i/cnn_top_0/inst/grp_cnn_top_Pipeline_CONV2_R_CONV2_C_CONV2_CH_L_fu_480/ap_clk
    SLICE_X55Y25         FDSE                                         r  cnn_system_i/cnn_top_0/inst/grp_cnn_top_Pipeline_CONV2_R_CONV2_C_CONV2_CH_L_fu_480/ap_CS_fsm_reg[0]/C
  -------------------------------------------------------------------    -------------------
    SLICE_X55Y25         FDSE (Prop_fdse_C_Q)         0.456     3.458 f  cnn_system_i/cnn_top_0/inst/grp_cnn_top_Pipeline_CONV2_R_CONV2_C_CONV2_CH_L_fu_480/ap_CS_fsm_reg[0]/Q
                         net (fo=1167, routed)        0.938     4.396    cnn_system_i/cnn_top_0/inst/grp_cnn_top_Pipeline_CONV2_R_CONV2_C_CONV2_CH_L_fu_480/ap_CS_fsm_pp0_stage0
    SLICE_X55Y25         LUT2 (Prop_lut2_I0_O)        0.124     4.520 f  cnn_system_i/cnn_top_0/inst/grp_cnn_top_Pipeline_CONV2_R_CONV2_C_CONV2_CH_L_fu_480/ram12_reg_i_1__0/O
                         net (fo=745, routed)         1.488     6.008    cnn_system_i/cnn_top_0/inst/grp_cnn_top_Pipeline_CONV2_R_CONV2_C_CONV2_CH_L_fu_480/grp_cnn_top_Pipeline_CONV2_R_CONV2_C_CONV2_CH_L_fu_480_pool1_buf_address13[10]
    SLICE_X64Y10         LUT2 (Prop_lut2_I0_O)        0.118     6.126 r  cnn_system_i/cnn_top_0/inst/grp_cnn_top_Pipeline_CONV2_R_CONV2_C_CONV2_CH_L_fu_480/ram1_reg_i_10__1/O
                         net (fo=56, routed)          1.374     7.500    cnn_system_i/cnn_top_0/inst/grp_cnn_top_Pipeline_CONV2_R_CONV2_C_CONV2_CH_L_fu_480/grp_cnn_top_Pipeline_CONV2_R_CONV2_C_CONV2_CH_L_fu_480_w_conv2_address2[0]
    SLICE_X38Y8          LUT6 (Prop_lut6_I0_O)        0.326     7.826 r  cnn_system_i/cnn_top_0/inst/grp_cnn_top_Pipeline_CONV2_R_CONV2_C_CONV2_CH_L_fu_480/ram0_reg_i_43/O
                         net (fo=1, routed)           0.466     8.292    cnn_system_i/cnn_top_0/inst/grp_cnn_top_Pipeline_CONV2_R_CONV2_C_CONV2_CH_L_fu_480/ram0_reg_i_43_n_5
    SLICE_X38Y8          LUT6 (Prop_lut6_I3_O)        0.124     8.416 r  cnn_system_i/cnn_top_0/inst/grp_cnn_top_Pipeline_CONV2_R_CONV2_C_CONV2_CH_L_fu_480/ram0_reg_i_9__0/O
                         net (fo=14, routed)          2.480    10.895    cnn_system_i/cnn_top_0/inst/w_conv2_U/address0[3]
    RAMB36_X4Y7          RAMB36E1                                     r  cnn_system_i/cnn_top_0/inst/w_conv2_U/ram6_reg/ADDRARDADDR[7]
  -------------------------------------------------------------------    -------------------

                         (clock clk_fpga_0 rise edge)
                                                     10.000    10.000 r  
    PS7_X0Y0             PS7                          0.000    10.000 r  cnn_system_i/ps7/inst/PS7_i/FCLKCLK[0]
                         net (fo=1, routed)           1.088    11.088    cnn_system_i/ps7/inst/FCLK_CLK_unbuffered[0]
    BUFGCTRL_X0Y16       BUFG (Prop_bufg_I_O)         0.091    11.179 r  cnn_system_i/ps7/inst/buffer_fclk_clk_0.FCLK_CLK_0_BUFG/O
                         net (fo=14852, routed)       1.662    12.841    cnn_system_i/cnn_top_0/inst/w_conv2_U/ap_clk
    RAMB36_X4Y7          RAMB36E1                                     r  cnn_system_i/cnn_top_0/inst/w_conv2_U/ram6_reg/CLKARDCLK
                         clock pessimism              0.230    13.070    
                         clock uncertainty           -0.154    12.916    
    RAMB36_X4Y7          RAMB36E1 (Setup_ramb36e1_CLKARDCLK_ADDRARDADDR[7])
                                                     -0.566    12.350    cnn_system_i/cnn_top_0/inst/w_conv2_U/ram6_reg
  -------------------------------------------------------------------
                         required time                         12.350    
                         arrival time                         -10.895    
  -------------------------------------------------------------------
                         slack                                  1.455    

Slack (MET) :             1.457ns  (required time - arrival time)
  Source:                 cnn_system_i/cnn_top_0/inst/grp_cnn_top_Pipeline_CONV2_R_CONV2_C_CONV2_CH_L_fu_480/ap_CS_fsm_reg[0]/C
                            (rising edge-triggered cell FDSE clocked by clk_fpga_0  {rise@0.000ns fall@5.000ns period=10.000ns})
  Destination:            cnn_system_i/cnn_top_0/inst/grp_cnn_top_Pipeline_CONV2_R_CONV2_C_CONV2_CH_L_fu_480/w_conv2_load_38_reg_8825_pp0_iter6_reg_reg[0]_srl5/CE
                            (rising edge-triggered cell SRL16E clocked by clk_fpga_0  {rise@0.000ns fall@5.000ns period=10.000ns})
  Path Group:             clk_fpga_0
  Path Type:              Setup (Max at Slow Process Corner)
  Requirement:            10.000ns  (clk_fpga_0 rise@10.000ns - clk_fpga_0 rise@0.000ns)
  Data Path Delay:        7.837ns  (logic 0.456ns (5.819%)  route 7.381ns (94.181%))
  Logic Levels:           0  
  Clock Path Skew:        -0.035ns (DCD - SCD + CPR)
    Destination Clock Delay (DCD):    2.737ns = ( 12.737 - 10.000 ) 
    Source Clock Delay      (SCD):    3.002ns
    Clock Pessimism Removal (CPR):    0.230ns
  Clock Uncertainty:      0.154ns  ((TSJ^2 + TIJ^2)^1/2 + DJ) / 2 + PE
    Total System Jitter     (TSJ):    0.071ns
    Total Input Jitter      (TIJ):    0.300ns
    Discrete Jitter          (DJ):    0.000ns
    Phase Error              (PE):    0.000ns

    Location             Delay type                Incr(ns)  Path(ns)    Netlist Resource(s)
  -------------------------------------------------------------------    -------------------
                         (clock clk_fpga_0 rise edge)
                                                      0.000     0.000 r  
    PS7_X0Y0             PS7                          0.000     0.000 r  cnn_system_i/ps7/inst/PS7_i/FCLKCLK[0]
                         net (fo=1, routed)           1.193     1.193    cnn_system_i/ps7/inst/FCLK_CLK_unbuffered[0]
    BUFGCTRL_X0Y16       BUFG (Prop_bufg_I_O)         0.101     1.294 r  cnn_system_i/ps7/inst/buffer_fclk_clk_0.FCLK_CLK_0_BUFG/O
                         net (fo=14852, routed)       1.708     3.002    cnn_system_i/cnn_top_0/inst/grp_cnn_top_Pipeline_CONV2_R_CONV2_C_CONV2_CH_L_fu_480/ap_clk
    SLICE_X55Y25         FDSE                                         r  cnn_system_i/cnn_top_0/inst/grp_cnn_top_Pipeline_CONV2_R_CONV2_C_CONV2_CH_L_fu_480/ap_CS_fsm_reg[0]/C
  -------------------------------------------------------------------    -------------------
    SLICE_X55Y25         FDSE (Prop_fdse_C_Q)         0.456     3.458 r  cnn_system_i/cnn_top_0/inst/grp_cnn_top_Pipeline_CONV2_R_CONV2_C_CONV2_CH_L_fu_480/ap_CS_fsm_reg[0]/Q
                         net (fo=1167, routed)        7.381    10.839    cnn_system_i/cnn_top_0/inst/grp_cnn_top_Pipeline_CONV2_R_CONV2_C_CONV2_CH_L_fu_480/ap_CS_fsm_pp0_stage0
    SLICE_X86Y35         SRL16E                                       r  cnn_system_i/cnn_top_0/inst/grp_cnn_top_Pipeline_CONV2_R_CONV2_C_CONV2_CH_L_fu_480/w_conv2_load_38_reg_8825_pp0_iter6_reg_reg[0]_srl5/CE
  -------------------------------------------------------------------    -------------------

                         (clock clk_fpga_0 rise edge)
                                                     10.000    10.000 r  
    PS7_X0Y0             PS7                          0.000    10.000 r  cnn_system_i/ps7/inst/PS7_i/FCLKCLK[0]
                         net (fo=1, routed)           1.088    11.088    cnn_system_i/ps7/inst/FCLK_CLK_unbuffered[0]
    BUFGCTRL_X0Y16       BUFG (Prop_bufg_I_O)         0.091    11.179 r  cnn_system_i/ps7/inst/buffer_fclk_clk_0.FCLK_CLK_0_BUFG/O
                         net (fo=14852, routed)       1.558    12.738    cnn_system_i/cnn_top_0/inst/grp_cnn_top_Pipeline_CONV2_R_CONV2_C_CONV2_CH_L_fu_480/ap_clk
    SLICE_X86Y35         SRL16E                                       r  cnn_system_i/cnn_top_0/inst/grp_cnn_top_Pipeline_CONV2_R_CONV2_C_CONV2_CH_L_fu_480/w_conv2_load_38_reg_8825_pp0_iter6_reg_reg[0]_srl5/CLK
                         clock pessimism              0.230    12.967    
                         clock uncertainty           -0.154    12.813    
    SLICE_X86Y35         SRL16E (Setup_srl16e_CLK_CE)
                                                     -0.517    12.296    cnn_system_i/cnn_top_0/inst/grp_cnn_top_Pipeline_CONV2_R_CONV2_C_CONV2_CH_L_fu_480/w_conv2_load_38_reg_8825_pp0_iter6_reg_reg[0]_srl5
  -------------------------------------------------------------------
                         required time                         12.296    
                         arrival time                         -10.839    
  -------------------------------------------------------------------
                         slack                                  1.457    

Slack (MET) :             1.457ns  (required time - arrival time)
  Source:                 cnn_system_i/cnn_top_0/inst/grp_cnn_top_Pipeline_CONV2_R_CONV2_C_CONV2_CH_L_fu_480/ap_CS_fsm_reg[0]/C
                            (rising edge-triggered cell FDSE clocked by clk_fpga_0  {rise@0.000ns fall@5.000ns period=10.000ns})
  Destination:            cnn_system_i/cnn_top_0/inst/grp_cnn_top_Pipeline_CONV2_R_CONV2_C_CONV2_CH_L_fu_480/w_conv2_load_38_reg_8825_pp0_iter6_reg_reg[1]_srl5/CE
                            (rising edge-triggered cell SRL16E clocked by clk_fpga_0  {rise@0.000ns fall@5.000ns period=10.000ns})
  Path Group:             clk_fpga_0
  Path Type:              Setup (Max at Slow Process Corner)
  Requirement:            10.000ns  (clk_fpga_0 rise@10.000ns - clk_fpga_0 rise@0.000ns)
  Data Path Delay:        7.837ns  (logic 0.456ns (5.819%)  route 7.381ns (94.181%))
  Logic Levels:           0  
  Clock Path Skew:        -0.035ns (DCD - SCD + CPR)
    Destination Clock Delay (DCD):    2.737ns = ( 12.737 - 10.000 ) 
    Source Clock Delay      (SCD):    3.002ns
    Clock Pessimism Removal (CPR):    0.230ns
  Clock Uncertainty:      0.154ns  ((TSJ^2 + TIJ^2)^1/2 + DJ) / 2 + PE
    Total System Jitter     (TSJ):    0.071ns
    Total Input Jitter      (TIJ):    0.300ns
    Discrete Jitter          (DJ):    0.000ns
    Phase Error              (PE):    0.000ns

    Location             Delay type                Incr(ns)  Path(ns)    Netlist Resource(s)
  -------------------------------------------------------------------    -------------------
                         (clock clk_fpga_0 rise edge)
                                                      0.000     0.000 r  
    PS7_X0Y0             PS7                          0.000     0.000 r  cnn_system_i/ps7/inst/PS7_i/FCLKCLK[0]
                         net (fo=1, routed)           1.193     1.193    cnn_system_i/ps7/inst/FCLK_CLK_unbuffered[0]
    BUFGCTRL_X0Y16       BUFG (Prop_bufg_I_O)         0.101     1.294 r  cnn_system_i/ps7/inst/buffer_fclk_clk_0.FCLK_CLK_0_BUFG/O
                         net (fo=14852, routed)       1.708     3.002    cnn_system_i/cnn_top_0/inst/grp_cnn_top_Pipeline_CONV2_R_CONV2_C_CONV2_CH_L_fu_480/ap_clk
    SLICE_X55Y25         FDSE                                         r  cnn_system_i/cnn_top_0/inst/grp_cnn_top_Pipeline_CONV2_R_CONV2_C_CONV2_CH_L_fu_480/ap_CS_fsm_reg[0]/C
  -------------------------------------------------------------------    -------------------
    SLICE_X55Y25         FDSE (Prop_fdse_C_Q)         0.456     3.458 r  cnn_system_i/cnn_top_0/inst/grp_cnn_top_Pipeline_CONV2_R_CONV2_C_CONV2_CH_L_fu_480/ap_CS_fsm_reg[0]/Q
                         net (fo=1167, routed)        7.381    10.839    cnn_system_i/cnn_top_0/inst/grp_cnn_top_Pipeline_CONV2_R_CONV2_C_CONV2_CH_L_fu_480/ap_CS_fsm_pp0_stage0
    SLICE_X86Y35         SRL16E                                       r  cnn_system_i/cnn_top_0/inst/grp_cnn_top_Pipeline_CONV2_R_CONV2_C_CONV2_CH_L_fu_480/w_conv2_load_38_reg_8825_pp0_iter6_reg_reg[1]_srl5/CE
  -------------------------------------------------------------------    -------------------

                         (clock clk_fpga_0 rise edge)
                                                     10.000    10.000 r  
    PS7_X0Y0             PS7                          0.000    10.000 r  cnn_system_i/ps7/inst/PS7_i/FCLKCLK[0]
                         net (fo=1, routed)           1.088    11.088    cnn_system_i/ps7/inst/FCLK_CLK_unbuffered[0]
    BUFGCTRL_X0Y16       BUFG (Prop_bufg_I_O)         0.091    11.179 r  cnn_system_i/ps7/inst/buffer_fclk_clk_0.FCLK_CLK_0_BUFG/O
                         net (fo=14852, routed)       1.558    12.738    cnn_system_i/cnn_top_0/inst/grp_cnn_top_Pipeline_CONV2_R_CONV2_C_CONV2_CH_L_fu_480/ap_clk
    SLICE_X86Y35         SRL16E                                       r  cnn_system_i/cnn_top_0/inst/grp_cnn_top_Pipeline_CONV2_R_CONV2_C_CONV2_CH_L_fu_480/w_conv2_load_38_reg_8825_pp0_iter6_reg_reg[1]_srl5/CLK
                         clock pessimism              0.230    12.967    
                         clock uncertainty           -0.154    12.813    
    SLICE_X86Y35         SRL16E (Setup_srl16e_CLK_CE)
                                                     -0.517    12.296    cnn_system_i/cnn_top_0/inst/grp_cnn_top_Pipeline_CONV2_R_CONV2_C_CONV2_CH_L_fu_480/w_conv2_load_38_reg_8825_pp0_iter6_reg_reg[1]_srl5
  -------------------------------------------------------------------
                         required time                         12.296    
                         arrival time                         -10.839    
  -------------------------------------------------------------------
                         slack                                  1.457    

Slack (MET) :             1.457ns  (required time - arrival time)
  Source:                 cnn_system_i/cnn_top_0/inst/grp_cnn_top_Pipeline_CONV2_R_CONV2_C_CONV2_CH_L_fu_480/ap_CS_fsm_reg[0]/C
                            (rising edge-triggered cell FDSE clocked by clk_fpga_0  {rise@0.000ns fall@5.000ns period=10.000ns})
  Destination:            cnn_system_i/cnn_top_0/inst/grp_cnn_top_Pipeline_CONV2_R_CONV2_C_CONV2_CH_L_fu_480/w_conv2_load_38_reg_8825_pp0_iter6_reg_reg[2]_srl5/CE
                            (rising edge-triggered cell SRL16E clocked by clk_fpga_0  {rise@0.000ns fall@5.000ns period=10.000ns})
  Path Group:             clk_fpga_0
  Path Type:              Setup (Max at Slow Process Corner)
  Requirement:            10.000ns  (clk_fpga_0 rise@10.000ns - clk_fpga_0 rise@0.000ns)
  Data Path Delay:        7.837ns  (logic 0.456ns (5.819%)  route 7.381ns (94.181%))
  Logic Levels:           0  
  Clock Path Skew:        -0.035ns (DCD - SCD + CPR)
    Destination Clock Delay (DCD):    2.737ns = ( 12.737 - 10.000 ) 
    Source Clock Delay      (SCD):    3.002ns
    Clock Pessimism Removal (CPR):    0.230ns
  Clock Uncertainty:      0.154ns  ((TSJ^2 + TIJ^2)^1/2 + DJ) / 2 + PE
    Total System Jitter     (TSJ):    0.071ns
    Total Input Jitter      (TIJ):    0.300ns
    Discrete Jitter          (DJ):    0.000ns
    Phase Error              (PE):    0.000ns

    Location             Delay type                Incr(ns)  Path(ns)    Netlist Resource(s)
  -------------------------------------------------------------------    -------------------
                         (clock clk_fpga_0 rise edge)
                                                      0.000     0.000 r  
    PS7_X0Y0             PS7                          0.000     0.000 r  cnn_system_i/ps7/inst/PS7_i/FCLKCLK[0]
                         net (fo=1, routed)           1.193     1.193    cnn_system_i/ps7/inst/FCLK_CLK_unbuffered[0]
    BUFGCTRL_X0Y16       BUFG (Prop_bufg_I_O)         0.101     1.294 r  cnn_system_i/ps7/inst/buffer_fclk_clk_0.FCLK_CLK_0_BUFG/O
                         net (fo=14852, routed)       1.708     3.002    cnn_system_i/cnn_top_0/inst/grp_cnn_top_Pipeline_CONV2_R_CONV2_C_CONV2_CH_L_fu_480/ap_clk
    SLICE_X55Y25         FDSE                                         r  cnn_system_i/cnn_top_0/inst/grp_cnn_top_Pipeline_CONV2_R_CONV2_C_CONV2_CH_L_fu_480/ap_CS_fsm_reg[0]/C
  -------------------------------------------------------------------    -------------------
    SLICE_X55Y25         FDSE (Prop_fdse_C_Q)         0.456     3.458 r  cnn_system_i/cnn_top_0/inst/grp_cnn_top_Pipeline_CONV2_R_CONV2_C_CONV2_CH_L_fu_480/ap_CS_fsm_reg[0]/Q
                         net (fo=1167, routed)        7.381    10.839    cnn_system_i/cnn_top_0/inst/grp_cnn_top_Pipeline_CONV2_R_CONV2_C_CONV2_CH_L_fu_480/ap_CS_fsm_pp0_stage0
    SLICE_X86Y35         SRL16E                                       r  cnn_system_i/cnn_top_0/inst/grp_cnn_top_Pipeline_CONV2_R_CONV2_C_CONV2_CH_L_fu_480/w_conv2_load_38_reg_8825_pp0_iter6_reg_reg[2]_srl5/CE
  -------------------------------------------------------------------    -------------------

                         (clock clk_fpga_0 rise edge)
                                                     10.000    10.000 r  
    PS7_X0Y0             PS7                          0.000    10.000 r  cnn_system_i/ps7/inst/PS7_i/FCLKCLK[0]
                         net (fo=1, routed)           1.088    11.088    cnn_system_i/ps7/inst/FCLK_CLK_unbuffered[0]
    BUFGCTRL_X0Y16       BUFG (Prop_bufg_I_O)         0.091    11.179 r  cnn_system_i/ps7/inst/buffer_fclk_clk_0.FCLK_CLK_0_BUFG/O
                         net (fo=14852, routed)       1.558    12.738    cnn_system_i/cnn_top_0/inst/grp_cnn_top_Pipeline_CONV2_R_CONV2_C_CONV2_CH_L_fu_480/ap_clk
    SLICE_X86Y35         SRL16E                                       r  cnn_system_i/cnn_top_0/inst/grp_cnn_top_Pipeline_CONV2_R_CONV2_C_CONV2_CH_L_fu_480/w_conv2_load_38_reg_8825_pp0_iter6_reg_reg[2]_srl5/CLK
                         clock pessimism              0.230    12.967    
                         clock uncertainty           -0.154    12.813    
    SLICE_X86Y35         SRL16E (Setup_srl16e_CLK_CE)
                                                     -0.517    12.296    cnn_system_i/cnn_top_0/inst/grp_cnn_top_Pipeline_CONV2_R_CONV2_C_CONV2_CH_L_fu_480/w_conv2_load_38_reg_8825_pp0_iter6_reg_reg[2]_srl5
  -------------------------------------------------------------------
                         required time                         12.296    
                         arrival time                         -10.839    
  -------------------------------------------------------------------
                         slack                                  1.457    

Slack (MET) :             1.457ns  (required time - arrival time)
  Source:                 cnn_system_i/cnn_top_0/inst/grp_cnn_top_Pipeline_CONV2_R_CONV2_C_CONV2_CH_L_fu_480/ap_CS_fsm_reg[0]/C
                            (rising edge-triggered cell FDSE clocked by clk_fpga_0  {rise@0.000ns fall@5.000ns period=10.000ns})
  Destination:            cnn_system_i/cnn_top_0/inst/grp_cnn_top_Pipeline_CONV2_R_CONV2_C_CONV2_CH_L_fu_480/w_conv2_load_38_reg_8825_pp0_iter6_reg_reg[3]_srl5/CE
                            (rising edge-triggered cell SRL16E clocked by clk_fpga_0  {rise@0.000ns fall@5.000ns period=10.000ns})
  Path Group:             clk_fpga_0
  Path Type:              Setup (Max at Slow Process Corner)
  Requirement:            10.000ns  (clk_fpga_0 rise@10.000ns - clk_fpga_0 rise@0.000ns)
  Data Path Delay:        7.837ns  (logic 0.456ns (5.819%)  route 7.381ns (94.181%))
  Logic Levels:           0  
  Clock Path Skew:        -0.035ns (DCD - SCD + CPR)
    Destination Clock Delay (DCD):    2.737ns = ( 12.737 - 10.000 ) 
    Source Clock Delay      (SCD):    3.002ns
    Clock Pessimism Removal (CPR):    0.230ns
  Clock Uncertainty:      0.154ns  ((TSJ^2 + TIJ^2)^1/2 + DJ) / 2 + PE
    Total System Jitter     (TSJ):    0.071ns
    Total Input Jitter      (TIJ):    0.300ns
    Discrete Jitter          (DJ):    0.000ns
    Phase Error              (PE):    0.000ns

    Location             Delay type                Incr(ns)  Path(ns)    Netlist Resource(s)
  -------------------------------------------------------------------    -------------------
                         (clock clk_fpga_0 rise edge)
                                                      0.000     0.000 r  
    PS7_X0Y0             PS7                          0.000     0.000 r  cnn_system_i/ps7/inst/PS7_i/FCLKCLK[0]
                         net (fo=1, routed)           1.193     1.193    cnn_system_i/ps7/inst/FCLK_CLK_unbuffered[0]
    BUFGCTRL_X0Y16       BUFG (Prop_bufg_I_O)         0.101     1.294 r  cnn_system_i/ps7/inst/buffer_fclk_clk_0.FCLK_CLK_0_BUFG/O
                         net (fo=14852, routed)       1.708     3.002    cnn_system_i/cnn_top_0/inst/grp_cnn_top_Pipeline_CONV2_R_CONV2_C_CONV2_CH_L_fu_480/ap_clk
    SLICE_X55Y25         FDSE                                         r  cnn_system_i/cnn_top_0/inst/grp_cnn_top_Pipeline_CONV2_R_CONV2_C_CONV2_CH_L_fu_480/ap_CS_fsm_reg[0]/C
  -------------------------------------------------------------------    -------------------
    SLICE_X55Y25         FDSE (Prop_fdse_C_Q)         0.456     3.458 r  cnn_system_i/cnn_top_0/inst/grp_cnn_top_Pipeline_CONV2_R_CONV2_C_CONV2_CH_L_fu_480/ap_CS_fsm_reg[0]/Q
                         net (fo=1167, routed)        7.381    10.839    cnn_system_i/cnn_top_0/inst/grp_cnn_top_Pipeline_CONV2_R_CONV2_C_CONV2_CH_L_fu_480/ap_CS_fsm_pp0_stage0
    SLICE_X86Y35         SRL16E                                       r  cnn_system_i/cnn_top_0/inst/grp_cnn_top_Pipeline_CONV2_R_CONV2_C_CONV2_CH_L_fu_480/w_conv2_load_38_reg_8825_pp0_iter6_reg_reg[3]_srl5/CE
  -------------------------------------------------------------------    -------------------

                         (clock clk_fpga_0 rise edge)
                                                     10.000    10.000 r  
    PS7_X0Y0             PS7                          0.000    10.000 r  cnn_system_i/ps7/inst/PS7_i/FCLKCLK[0]
                         net (fo=1, routed)           1.088    11.088    cnn_system_i/ps7/inst/FCLK_CLK_unbuffered[0]
    BUFGCTRL_X0Y16       BUFG (Prop_bufg_I_O)         0.091    11.179 r  cnn_system_i/ps7/inst/buffer_fclk_clk_0.FCLK_CLK_0_BUFG/O
                         net (fo=14852, routed)       1.558    12.738    cnn_system_i/cnn_top_0/inst/grp_cnn_top_Pipeline_CONV2_R_CONV2_C_CONV2_CH_L_fu_480/ap_clk
    SLICE_X86Y35         SRL16E                                       r  cnn_system_i/cnn_top_0/inst/grp_cnn_top_Pipeline_CONV2_R_CONV2_C_CONV2_CH_L_fu_480/w_conv2_load_38_reg_8825_pp0_iter6_reg_reg[3]_srl5/CLK
                         clock pessimism              0.230    12.967    
                         clock uncertainty           -0.154    12.813    
    SLICE_X86Y35         SRL16E (Setup_srl16e_CLK_CE)
                                                     -0.517    12.296    cnn_system_i/cnn_top_0/inst/grp_cnn_top_Pipeline_CONV2_R_CONV2_C_CONV2_CH_L_fu_480/w_conv2_load_38_reg_8825_pp0_iter6_reg_reg[3]_srl5
  -------------------------------------------------------------------
                         required time                         12.296    
                         arrival time                         -10.839    
  -------------------------------------------------------------------
                         slack                                  1.457    





Min Delay Paths
--------------------------------------------------------------------------------------
Slack (MET) :             0.014ns  (arrival time - required time)
  Source:                 cnn_system_i/axi_ic_hp0/s00_couplers/auto_pc/inst/gen_axi4_axi3.axi3_conv_inst/USE_READ.USE_SPLIT_R.read_addr_inst/S_AXI_AADDR_Q_reg[8]/C
                            (rising edge-triggered cell FDRE clocked by clk_fpga_0  {rise@0.000ns fall@5.000ns period=10.000ns})
  Destination:            cnn_system_i/axi_ic_hp0/s00_couplers/auto_us/inst/gen_upsizer.gen_full_upsizer.axi_upsizer_inst/si_register_slice_inst/ar.ar_pipe/m_payload_i_reg[8]/D
                            (rising edge-triggered cell FDRE clocked by clk_fpga_0  {rise@0.000ns fall@5.000ns period=10.000ns})
  Path Group:             clk_fpga_0
  Path Type:              Hold (Min at Fast Process Corner)
  Requirement:            0.000ns  (clk_fpga_0 rise@0.000ns - clk_fpga_0 rise@0.000ns)
  Data Path Delay:        0.338ns  (logic 0.164ns (48.468%)  route 0.174ns (51.532%))
  Logic Levels:           0  
  Clock Path Skew:        0.261ns (DCD - SCD - CPR)
    Destination Clock Delay (DCD):    1.192ns
    Source Clock Delay      (SCD):    0.901ns
    Clock Pessimism Removal (CPR):    0.030ns

    Location             Delay type                Incr(ns)  Path(ns)    Netlist Resource(s)
  -------------------------------------------------------------------    -------------------
                         (clock clk_fpga_0 rise edge)
                                                      0.000     0.000 r  
    PS7_X0Y0             PS7                          0.000     0.000 r  cnn_system_i/ps7/inst/PS7_i/FCLKCLK[0]
                         net (fo=1, routed)           0.310     0.310    cnn_system_i/ps7/inst/FCLK_CLK_unbuffered[0]
    BUFGCTRL_X0Y16       BUFG (Prop_bufg_I_O)         0.026     0.336 r  cnn_system_i/ps7/inst/buffer_fclk_clk_0.FCLK_CLK_0_BUFG/O
                         net (fo=14852, routed)       0.565     0.901    cnn_system_i/axi_ic_hp0/s00_couplers/auto_pc/inst/gen_axi4_axi3.axi3_conv_inst/USE_READ.USE_SPLIT_R.read_addr_inst/aclk
    SLICE_X32Y49         FDRE                                         r  cnn_system_i/axi_ic_hp0/s00_couplers/auto_pc/inst/gen_axi4_axi3.axi3_conv_inst/USE_READ.USE_SPLIT_R.read_addr_inst/S_AXI_AADDR_Q_reg[8]/C
  -------------------------------------------------------------------    -------------------
    SLICE_X32Y49         FDRE (Prop_fdre_C_Q)         0.164     1.065 r  cnn_system_i/axi_ic_hp0/s00_couplers/auto_pc/inst/gen_axi4_axi3.axi3_conv_inst/USE_READ.USE_SPLIT_R.read_addr_inst/S_AXI_AADDR_Q_reg[8]/Q
                         net (fo=1, routed)           0.174     1.239    cnn_system_i/axi_ic_hp0/s00_couplers/auto_us/inst/gen_upsizer.gen_full_upsizer.axi_upsizer_inst/si_register_slice_inst/ar.ar_pipe/D[8]
    SLICE_X32Y50         FDRE                                         r  cnn_system_i/axi_ic_hp0/s00_couplers/auto_us/inst/gen_upsizer.gen_full_upsizer.axi_upsizer_inst/si_register_slice_inst/ar.ar_pipe/m_payload_i_reg[8]/D
  -------------------------------------------------------------------    -------------------

                         (clock clk_fpga_0 rise edge)
                                                      0.000     0.000 r  
    PS7_X0Y0             PS7                          0.000     0.000 r  cnn_system_i/ps7/inst/PS7_i/FCLKCLK[0]
                         net (fo=1, routed)           0.337     0.337    cnn_system_i/ps7/inst/FCLK_CLK_unbuffered[0]
    BUFGCTRL_X0Y16       BUFG (Prop_bufg_I_O)         0.029     0.366 r  cnn_system_i/ps7/inst/buffer_fclk_clk_0.FCLK_CLK_0_BUFG/O
                         net (fo=14852, routed)       0.826     1.192    cnn_system_i/axi_ic_hp0/s00_couplers/auto_us/inst/gen_upsizer.gen_full_upsizer.axi_upsizer_inst/si_register_slice_inst/ar.ar_pipe/out
    SLICE_X32Y50         FDRE                                         r  cnn_system_i/axi_ic_hp0/s00_couplers/auto_us/inst/gen_upsizer.gen_full_upsizer.axi_upsizer_inst/si_register_slice_inst/ar.ar_pipe/m_payload_i_reg[8]/C
                         clock pessimism             -0.030     1.162    
    SLICE_X32Y50         FDRE (Hold_fdre_C_D)         0.063     1.225    cnn_system_i/axi_ic_hp0/s00_couplers/auto_us/inst/gen_upsizer.gen_full_upsizer.axi_upsizer_inst/si_register_slice_inst/ar.ar_pipe/m_payload_i_reg[8]
  -------------------------------------------------------------------
                         required time                         -1.225    
                         arrival time                           1.239    
  -------------------------------------------------------------------
                         slack                                  0.014    

Slack (MET) :             0.017ns  (arrival time - required time)
  Source:                 cnn_system_i/axi_dma_0/U0/I_PRMRY_DATAMOVER/GEN_S2MM_FULL.I_S2MM_FULL_WRAPPER/GEN_INCLUDE_IBTTCC.I_S2MM_MSTR_IBTTCC/sig_xfer_addr_reg_reg[13]/C
                            (rising edge-triggered cell FDRE clocked by clk_fpga_0  {rise@0.000ns fall@5.000ns period=10.000ns})
  Destination:            cnn_system_i/axi_dma_0/U0/I_PRMRY_DATAMOVER/GEN_S2MM_FULL.I_S2MM_FULL_WRAPPER/I_ADDR_CNTL/GEN_ADDR_FIFO.I_ADDR_QUAL_FIFO/USE_SRL_FIFO.I_SYNC_FIFO/data_reg[3][41]_srl4/D
                            (rising edge-triggered cell SRL16E clocked by clk_fpga_0  {rise@0.000ns fall@5.000ns period=10.000ns})
  Path Group:             clk_fpga_0
  Path Type:              Hold (Min at Fast Process Corner)
  Requirement:            0.000ns  (clk_fpga_0 rise@0.000ns - clk_fpga_0 rise@0.000ns)
  Data Path Delay:        0.379ns  (logic 0.164ns (43.311%)  route 0.215ns (56.689%))
  Logic Levels:           0  
  Clock Path Skew:        0.267ns (DCD - SCD - CPR)
    Destination Clock Delay (DCD):    1.184ns
    Source Clock Delay      (SCD):    0.882ns
    Clock Pessimism Removal (CPR):    0.035ns

    Location             Delay type                Incr(ns)  Path(ns)    Netlist Resource(s)
  -------------------------------------------------------------------    -------------------
                         (clock clk_fpga_0 rise edge)
                                                      0.000     0.000 r  
    PS7_X0Y0             PS7                          0.000     0.000 r  cnn_system_i/ps7/inst/PS7_i/FCLKCLK[0]
                         net (fo=1, routed)           0.310     0.310    cnn_system_i/ps7/inst/FCLK_CLK_unbuffered[0]
    BUFGCTRL_X0Y16       BUFG (Prop_bufg_I_O)         0.026     0.336 r  cnn_system_i/ps7/inst/buffer_fclk_clk_0.FCLK_CLK_0_BUFG/O
                         net (fo=14852, routed)       0.546     0.882    cnn_system_i/axi_dma_0/U0/I_PRMRY_DATAMOVER/GEN_S2MM_FULL.I_S2MM_FULL_WRAPPER/GEN_INCLUDE_IBTTCC.I_S2MM_MSTR_IBTTCC/m_axi_s2mm_aclk
    SLICE_X50Y67         FDRE                                         r  cnn_system_i/axi_dma_0/U0/I_PRMRY_DATAMOVER/GEN_S2MM_FULL.I_S2MM_FULL_WRAPPER/GEN_INCLUDE_IBTTCC.I_S2MM_MSTR_IBTTCC/sig_xfer_addr_reg_reg[13]/C
  -------------------------------------------------------------------    -------------------
    SLICE_X50Y67         FDRE (Prop_fdre_C_Q)         0.164     1.046 r  cnn_system_i/axi_dma_0/U0/I_PRMRY_DATAMOVER/GEN_S2MM_FULL.I_S2MM_FULL_WRAPPER/GEN_INCLUDE_IBTTCC.I_S2MM_MSTR_IBTTCC/sig_xfer_addr_reg_reg[13]/Q
                         net (fo=1, routed)           0.215     1.260    cnn_system_i/axi_dma_0/U0/I_PRMRY_DATAMOVER/GEN_S2MM_FULL.I_S2MM_FULL_WRAPPER/I_ADDR_CNTL/GEN_ADDR_FIFO.I_ADDR_QUAL_FIFO/USE_SRL_FIFO.I_SYNC_FIFO/in[13]
    SLICE_X46Y65         SRL16E                                       r  cnn_system_i/axi_dma_0/U0/I_PRMRY_DATAMOVER/GEN_S2MM_FULL.I_S2MM_FULL_WRAPPER/I_ADDR_CNTL/GEN_ADDR_FIFO.I_ADDR_QUAL_FIFO/USE_SRL_FIFO.I_SYNC_FIFO/data_reg[3][41]_srl4/D
  -------------------------------------------------------------------    -------------------

                         (clock clk_fpga_0 rise edge)
                                                      0.000     0.000 r  
    PS7_X0Y0             PS7                          0.000     0.000 r  cnn_system_i/ps7/inst/PS7_i/FCLKCLK[0]
                         net (fo=1, routed)           0.337     0.337    cnn_system_i/ps7/inst/FCLK_CLK_unbuffered[0]
    BUFGCTRL_X0Y16       BUFG (Prop_bufg_I_O)         0.029     0.366 r  cnn_system_i/ps7/inst/buffer_fclk_clk_0.FCLK_CLK_0_BUFG/O
                         net (fo=14852, routed)       0.818     1.184    cnn_system_i/axi_dma_0/U0/I_PRMRY_DATAMOVER/GEN_S2MM_FULL.I_S2MM_FULL_WRAPPER/I_ADDR_CNTL/GEN_ADDR_FIFO.I_ADDR_QUAL_FIFO/USE_SRL_FIFO.I_SYNC_FIFO/m_axi_s2mm_aclk
    SLICE_X46Y65         SRL16E                                       r  cnn_system_i/axi_dma_0/U0/I_PRMRY_DATAMOVER/GEN_S2MM_FULL.I_S2MM_FULL_WRAPPER/I_ADDR_CNTL/GEN_ADDR_FIFO.I_ADDR_QUAL_FIFO/USE_SRL_FIFO.I_SYNC_FIFO/data_reg[3][41]_srl4/CLK
                         clock pessimism             -0.035     1.149    
    SLICE_X46Y65         SRL16E (Hold_srl16e_CLK_D)
                                                      0.094     1.243    cnn_system_i/axi_dma_0/U0/I_PRMRY_DATAMOVER/GEN_S2MM_FULL.I_S2MM_FULL_WRAPPER/I_ADDR_CNTL/GEN_ADDR_FIFO.I_ADDR_QUAL_FIFO/USE_SRL_FIFO.I_SYNC_FIFO/data_reg[3][41]_srl4
  -------------------------------------------------------------------
                         required time                         -1.243    
                         arrival time                           1.260    
  -------------------------------------------------------------------
                         slack                                  0.017    

Slack (MET) :             0.021ns  (arrival time - required time)
  Source:                 cnn_system_i/axi_dma_0/U0/I_PRMRY_DATAMOVER/GEN_S2MM_FULL.I_S2MM_FULL_WRAPPER/GEN_INCLUDE_IBTTCC.I_S2MM_MSTR_IBTTCC/sig_xfer_addr_reg_reg[9]/C
                            (rising edge-triggered cell FDRE clocked by clk_fpga_0  {rise@0.000ns fall@5.000ns period=10.000ns})
  Destination:            cnn_system_i/axi_dma_0/U0/I_PRMRY_DATAMOVER/GEN_S2MM_FULL.I_S2MM_FULL_WRAPPER/I_ADDR_CNTL/GEN_ADDR_FIFO.I_ADDR_QUAL_FIFO/USE_SRL_FIFO.I_SYNC_FIFO/data_reg[3][45]_srl4/D
                            (rising edge-triggered cell SRL16E clocked by clk_fpga_0  {rise@0.000ns fall@5.000ns period=10.000ns})
  Path Group:             clk_fpga_0
  Path Type:              Hold (Min at Fast Process Corner)
  Requirement:            0.000ns  (clk_fpga_0 rise@0.000ns - clk_fpga_0 rise@0.000ns)
  Data Path Delay:        0.398ns  (logic 0.164ns (41.155%)  route 0.234ns (58.845%))
  Logic Levels:           0  
  Clock Path Skew:        0.268ns (DCD - SCD - CPR)
    Destination Clock Delay (DCD):    1.184ns
    Source Clock Delay      (SCD):    0.881ns
    Clock Pessimism Removal (CPR):    0.035ns

    Location             Delay type                Incr(ns)  Path(ns)    Netlist Resource(s)
  -------------------------------------------------------------------    -------------------
                         (clock clk_fpga_0 rise edge)
                                                      0.000     0.000 r  
    PS7_X0Y0             PS7                          0.000     0.000 r  cnn_system_i/ps7/inst/PS7_i/FCLKCLK[0]
                         net (fo=1, routed)           0.310     0.310    cnn_system_i/ps7/inst/FCLK_CLK_unbuffered[0]
    BUFGCTRL_X0Y16       BUFG (Prop_bufg_I_O)         0.026     0.336 r  cnn_system_i/ps7/inst/buffer_fclk_clk_0.FCLK_CLK_0_BUFG/O
                         net (fo=14852, routed)       0.545     0.881    cnn_system_i/axi_dma_0/U0/I_PRMRY_DATAMOVER/GEN_S2MM_FULL.I_S2MM_FULL_WRAPPER/GEN_INCLUDE_IBTTCC.I_S2MM_MSTR_IBTTCC/m_axi_s2mm_aclk
    SLICE_X50Y68         FDRE                                         r  cnn_system_i/axi_dma_0/U0/I_PRMRY_DATAMOVER/GEN_S2MM_FULL.I_S2MM_FULL_WRAPPER/GEN_INCLUDE_IBTTCC.I_S2MM_MSTR_IBTTCC/sig_xfer_addr_reg_reg[9]/C
  -------------------------------------------------------------------    -------------------
    SLICE_X50Y68         FDRE (Prop_fdre_C_Q)         0.164     1.045 r  cnn_system_i/axi_dma_0/U0/I_PRMRY_DATAMOVER/GEN_S2MM_FULL.I_S2MM_FULL_WRAPPER/GEN_INCLUDE_IBTTCC.I_S2MM_MSTR_IBTTCC/sig_xfer_addr_reg_reg[9]/Q
                         net (fo=1, routed)           0.234     1.279    cnn_system_i/axi_dma_0/U0/I_PRMRY_DATAMOVER/GEN_S2MM_FULL.I_S2MM_FULL_WRAPPER/I_ADDR_CNTL/GEN_ADDR_FIFO.I_ADDR_QUAL_FIFO/USE_SRL_FIFO.I_SYNC_FIFO/in[9]
    SLICE_X46Y65         SRL16E                                       r  cnn_system_i/axi_dma_0/U0/I_PRMRY_DATAMOVER/GEN_S2MM_FULL.I_S2MM_FULL_WRAPPER/I_ADDR_CNTL/GEN_ADDR_FIFO.I_ADDR_QUAL_FIFO/USE_SRL_FIFO.I_SYNC_FIFO/data_reg[3][45]_srl4/D
  -------------------------------------------------------------------    -------------------

                         (clock clk_fpga_0 rise edge)
                                                      0.000     0.000 r  
    PS7_X0Y0             PS7                          0.000     0.000 r  cnn_system_i/ps7/inst/PS7_i/FCLKCLK[0]
                         net (fo=1, routed)           0.337     0.337    cnn_system_i/ps7/inst/FCLK_CLK_unbuffered[0]
    BUFGCTRL_X0Y16       BUFG (Prop_bufg_I_O)         0.029     0.366 r  cnn_system_i/ps7/inst/buffer_fclk_clk_0.FCLK_CLK_0_BUFG/O
                         net (fo=14852, routed)       0.818     1.184    cnn_system_i/axi_dma_0/U0/I_PRMRY_DATAMOVER/GEN_S2MM_FULL.I_S2MM_FULL_WRAPPER/I_ADDR_CNTL/GEN_ADDR_FIFO.I_ADDR_QUAL_FIFO/USE_SRL_FIFO.I_SYNC_FIFO/m_axi_s2mm_aclk
    SLICE_X46Y65         SRL16E                                       r  cnn_system_i/axi_dma_0/U0/I_PRMRY_DATAMOVER/GEN_S2MM_FULL.I_S2MM_FULL_WRAPPER/I_ADDR_CNTL/GEN_ADDR_FIFO.I_ADDR_QUAL_FIFO/USE_SRL_FIFO.I_SYNC_FIFO/data_reg[3][45]_srl4/CLK
                         clock pessimism             -0.035     1.149    
    SLICE_X46Y65         SRL16E (Hold_srl16e_CLK_D)
                                                      0.109     1.258    cnn_system_i/axi_dma_0/U0/I_PRMRY_DATAMOVER/GEN_S2MM_FULL.I_S2MM_FULL_WRAPPER/I_ADDR_CNTL/GEN_ADDR_FIFO.I_ADDR_QUAL_FIFO/USE_SRL_FIFO.I_SYNC_FIFO/data_reg[3][45]_srl4
  -------------------------------------------------------------------
                         required time                         -1.258    
                         arrival time                           1.279    
  -------------------------------------------------------------------
                         slack                                  0.021    

Slack (MET) :             0.033ns  (arrival time - required time)
  Source:                 cnn_system_i/axi_dma_0/U0/I_PRMRY_DATAMOVER/GEN_S2MM_FULL.I_S2MM_FULL_WRAPPER/GEN_ENABLE_INDET_BTT_SF.I_INDET_BTT/INCLUDE_PACKING.DO_REG_SLICES[1].lsig_data_slice_reg_reg[1][4]/C
                            (rising edge-triggered cell FDRE clocked by clk_fpga_0  {rise@0.000ns fall@5.000ns period=10.000ns})
  Destination:            cnn_system_i/axi_dma_0/U0/I_PRMRY_DATAMOVER/GEN_S2MM_FULL.I_S2MM_FULL_WRAPPER/GEN_ENABLE_INDET_BTT_SF.I_INDET_BTT/I_DATA_FIFO/BLK_MEM.I_SYNC_FIFOGEN_FIFO/xpm_fifo_base_inst/gen_sdpram.xpm_memory_base_inst/gen_wr_a.gen_word_narrow.mem_reg/DIADI[20]
                            (rising edge-triggered cell RAMB36E1 clocked by clk_fpga_0  {rise@0.000ns fall@5.000ns period=10.000ns})
  Path Group:             clk_fpga_0
  Path Type:              Hold (Min at Fast Process Corner)
  Requirement:            0.000ns  (clk_fpga_0 rise@0.000ns - clk_fpga_0 rise@0.000ns)
  Data Path Delay:        0.353ns  (logic 0.128ns (36.242%)  route 0.225ns (63.758%))
  Logic Levels:           0  
  Clock Path Skew:        0.077ns (DCD - SCD - CPR)
    Destination Clock Delay (DCD):    1.251ns
    Source Clock Delay      (SCD):    0.910ns
    Clock Pessimism Removal (CPR):    0.264ns

    Location             Delay type                Incr(ns)  Path(ns)    Netlist Resource(s)
  -------------------------------------------------------------------    -------------------
                         (clock clk_fpga_0 rise edge)
                                                      0.000     0.000 r  
    PS7_X0Y0             PS7                          0.000     0.000 r  cnn_system_i/ps7/inst/PS7_i/FCLKCLK[0]
                         net (fo=1, routed)           0.310     0.310    cnn_system_i/ps7/inst/FCLK_CLK_unbuffered[0]
    BUFGCTRL_X0Y16       BUFG (Prop_bufg_I_O)         0.026     0.336 r  cnn_system_i/ps7/inst/buffer_fclk_clk_0.FCLK_CLK_0_BUFG/O
                         net (fo=14852, routed)       0.574     0.910    cnn_system_i/axi_dma_0/U0/I_PRMRY_DATAMOVER/GEN_S2MM_FULL.I_S2MM_FULL_WRAPPER/GEN_ENABLE_INDET_BTT_SF.I_INDET_BTT/m_axi_s2mm_aclk
    SLICE_X57Y62         FDRE                                         r  cnn_system_i/axi_dma_0/U0/I_PRMRY_DATAMOVER/GEN_S2MM_FULL.I_S2MM_FULL_WRAPPER/GEN_ENABLE_INDET_BTT_SF.I_INDET_BTT/INCLUDE_PACKING.DO_REG_SLICES[1].lsig_data_slice_reg_reg[1][4]/C
  -------------------------------------------------------------------    -------------------
    SLICE_X57Y62         FDRE (Prop_fdre_C_Q)         0.128     1.038 r  cnn_system_i/axi_dma_0/U0/I_PRMRY_DATAMOVER/GEN_S2MM_FULL.I_S2MM_FULL_WRAPPER/GEN_ENABLE_INDET_BTT_SF.I_INDET_BTT/INCLUDE_PACKING.DO_REG_SLICES[1].lsig_data_slice_reg_reg[1][4]/Q
                         net (fo=1, routed)           0.225     1.263    cnn_system_i/axi_dma_0/U0/I_PRMRY_DATAMOVER/GEN_S2MM_FULL.I_S2MM_FULL_WRAPPER/GEN_ENABLE_INDET_BTT_SF.I_INDET_BTT/I_DATA_FIFO/BLK_MEM.I_SYNC_FIFOGEN_FIFO/xpm_fifo_base_inst/gen_sdpram.xpm_memory_base_inst/dina[20]
    RAMB36_X3Y12         RAMB36E1                                     r  cnn_system_i/axi_dma_0/U0/I_PRMRY_DATAMOVER/GEN_S2MM_FULL.I_S2MM_FULL_WRAPPER/GEN_ENABLE_INDET_BTT_SF.I_INDET_BTT/I_DATA_FIFO/BLK_MEM.I_SYNC_FIFOGEN_FIFO/xpm_fifo_base_inst/gen_sdpram.xpm_memory_base_inst/gen_wr_a.gen_word_narrow.mem_reg/DIADI[20]
  -------------------------------------------------------------------    -------------------

                         (clock clk_fpga_0 rise edge)
                                                      0.000     0.000 r  
    PS7_X0Y0             PS7                          0.000     0.000 r  cnn_system_i/ps7/inst/PS7_i/FCLKCLK[0]
                         net (fo=1, routed)           0.337     0.337    cnn_system_i/ps7/inst/FCLK_CLK_unbuffered[0]
    BUFGCTRL_X0Y16       BUFG (Prop_bufg_I_O)         0.029     0.366 r  cnn_system_i/ps7/inst/buffer_fclk_clk_0.FCLK_CLK_0_BUFG/O
                         net (fo=14852, routed)       0.885     1.251    cnn_system_i/axi_dma_0/U0/I_PRMRY_DATAMOVER/GEN_S2MM_FULL.I_S2MM_FULL_WRAPPER/GEN_ENABLE_INDET_BTT_SF.I_INDET_BTT/I_DATA_FIFO/BLK_MEM.I_SYNC_FIFOGEN_FIFO/xpm_fifo_base_inst/gen_sdpram.xpm_memory_base_inst/clka
    RAMB36_X3Y12         RAMB36E1                                     r  cnn_system_i/axi_dma_0/U0/I_PRMRY_DATAMOVER/GEN_S2MM_FULL.I_S2MM_FULL_WRAPPER/GEN_ENABLE_INDET_BTT_SF.I_INDET_BTT/I_DATA_FIFO/BLK_MEM.I_SYNC_FIFOGEN_FIFO/xpm_fifo_base_inst/gen_sdpram.xpm_memory_base_inst/gen_wr_a.gen_word_narrow.mem_reg/CLKBWRCLK
                         clock pessimism             -0.264     0.987    
    RAMB36_X3Y12         RAMB36E1 (Hold_ramb36e1_CLKBWRCLK_DIADI[20])
                                                      0.243     1.230    cnn_system_i/axi_dma_0/U0/I_PRMRY_DATAMOVER/GEN_S2MM_FULL.I_S2MM_FULL_WRAPPER/GEN_ENABLE_INDET_BTT_SF.I_INDET_BTT/I_DATA_FIFO/BLK_MEM.I_SYNC_FIFOGEN_FIFO/xpm_fifo_base_inst/gen_sdpram.xpm_memory_base_inst/gen_wr_a.gen_word_narrow.mem_reg
  -------------------------------------------------------------------
                         required time                         -1.230    
                         arrival time                           1.263    
  -------------------------------------------------------------------
                         slack                                  0.033    

Slack (MET) :             0.033ns  (arrival time - required time)
  Source:                 cnn_system_i/cnn_top_0/inst/control_s_axi_U/int_m_axi_w_fc_reg[11]/C
                            (rising edge-triggered cell FDRE clocked by clk_fpga_0  {rise@0.000ns fall@5.000ns period=10.000ns})
  Destination:            cnn_system_i/cnn_top_0/inst/trunc_ln4_reg_1048_reg[10]/D
                            (rising edge-triggered cell FDRE clocked by clk_fpga_0  {rise@0.000ns fall@5.000ns period=10.000ns})
  Path Group:             clk_fpga_0
  Path Type:              Hold (Min at Fast Process Corner)
  Requirement:            0.000ns  (clk_fpga_0 rise@0.000ns - clk_fpga_0 rise@0.000ns)
  Data Path Delay:        0.301ns  (logic 0.128ns (42.493%)  route 0.173ns (57.507%))
  Logic Levels:           0  
  Clock Path Skew:        0.259ns (DCD - SCD - CPR)
    Destination Clock Delay (DCD):    1.180ns
    Source Clock Delay      (SCD):    0.886ns
    Clock Pessimism Removal (CPR):    0.035ns

    Location             Delay type                Incr(ns)  Path(ns)    Netlist Resource(s)
  -------------------------------------------------------------------    -------------------
                         (clock clk_fpga_0 rise edge)
                                                      0.000     0.000 r  
    PS7_X0Y0             PS7                          0.000     0.000 r  cnn_system_i/ps7/inst/PS7_i/FCLKCLK[0]
                         net (fo=1, routed)           0.310     0.310    cnn_system_i/ps7/inst/FCLK_CLK_unbuffered[0]
    BUFGCTRL_X0Y16       BUFG (Prop_bufg_I_O)         0.026     0.336 r  cnn_system_i/ps7/inst/buffer_fclk_clk_0.FCLK_CLK_0_BUFG/O
                         net (fo=14852, routed)       0.550     0.886    cnn_system_i/cnn_top_0/inst/control_s_axi_U/ap_clk
    SLICE_X48Y83         FDRE                                         r  cnn_system_i/cnn_top_0/inst/control_s_axi_U/int_m_axi_w_fc_reg[11]/C
  -------------------------------------------------------------------    -------------------
    SLICE_X48Y83         FDRE (Prop_fdre_C_Q)         0.128     1.014 r  cnn_system_i/cnn_top_0/inst/control_s_axi_U/int_m_axi_w_fc_reg[11]/Q
                         net (fo=3, routed)           0.173     1.187    cnn_system_i/cnn_top_0/inst/m_axi_w_fc[11]
    SLICE_X50Y84         FDRE                                         r  cnn_system_i/cnn_top_0/inst/trunc_ln4_reg_1048_reg[10]/D
  -------------------------------------------------------------------    -------------------

                         (clock clk_fpga_0 rise edge)
                                                      0.000     0.000 r  
    PS7_X0Y0             PS7                          0.000     0.000 r  cnn_system_i/ps7/inst/PS7_i/FCLKCLK[0]
                         net (fo=1, routed)           0.337     0.337    cnn_system_i/ps7/inst/FCLK_CLK_unbuffered[0]
    BUFGCTRL_X0Y16       BUFG (Prop_bufg_I_O)         0.029     0.366 r  cnn_system_i/ps7/inst/buffer_fclk_clk_0.FCLK_CLK_0_BUFG/O
                         net (fo=14852, routed)       0.814     1.180    cnn_system_i/cnn_top_0/inst/ap_clk
    SLICE_X50Y84         FDRE                                         r  cnn_system_i/cnn_top_0/inst/trunc_ln4_reg_1048_reg[10]/C
                         clock pessimism             -0.035     1.145    
    SLICE_X50Y84         FDRE (Hold_fdre_C_D)         0.009     1.154    cnn_system_i/cnn_top_0/inst/trunc_ln4_reg_1048_reg[10]
  -------------------------------------------------------------------
                         required time                         -1.154    
                         arrival time                           1.187    
  -------------------------------------------------------------------
                         slack                                  0.033    

Slack (MET) :             0.036ns  (arrival time - required time)
  Source:                 cnn_system_i/cnn_top_0/inst/weights_m_axi_U/bus_read/rs_rdata/data_p1_reg[7]/C
                            (rising edge-triggered cell FDRE clocked by clk_fpga_0  {rise@0.000ns fall@5.000ns period=10.000ns})
  Destination:            cnn_system_i/cnn_top_0/inst/weights_m_axi_U/load_unit_0/buff_rdata/U_fifo_mem/mem_reg/DIADI[7]
                            (rising edge-triggered cell RAMB18E1 clocked by clk_fpga_0  {rise@0.000ns fall@5.000ns period=10.000ns})
  Path Group:             clk_fpga_0
  Path Type:              Hold (Min at Fast Process Corner)
  Requirement:            0.000ns  (clk_fpga_0 rise@0.000ns - clk_fpga_0 rise@0.000ns)
  Data Path Delay:        0.248ns  (logic 0.141ns (56.842%)  route 0.107ns (43.158%))
  Logic Levels:           0  
  Clock Path Skew:        0.057ns (DCD - SCD - CPR)
    Destination Clock Delay (DCD):    1.271ns
    Source Clock Delay      (SCD):    0.932ns
    Clock Pessimism Removal (CPR):    0.282ns

    Location             Delay type                Incr(ns)  Path(ns)    Netlist Resource(s)
  -------------------------------------------------------------------    -------------------
                         (clock clk_fpga_0 rise edge)
                                                      0.000     0.000 r  
    PS7_X0Y0             PS7                          0.000     0.000 r  cnn_system_i/ps7/inst/PS7_i/FCLKCLK[0]
                         net (fo=1, routed)           0.310     0.310    cnn_system_i/ps7/inst/FCLK_CLK_unbuffered[0]
    BUFGCTRL_X0Y16       BUFG (Prop_bufg_I_O)         0.026     0.336 r  cnn_system_i/ps7/inst/buffer_fclk_clk_0.FCLK_CLK_0_BUFG/O
                         net (fo=14852, routed)       0.596     0.932    cnn_system_i/cnn_top_0/inst/weights_m_axi_U/bus_read/rs_rdata/ap_clk
    SLICE_X23Y48         FDRE                                         r  cnn_system_i/cnn_top_0/inst/weights_m_axi_U/bus_read/rs_rdata/data_p1_reg[7]/C
  -------------------------------------------------------------------    -------------------
    SLICE_X23Y48         FDRE (Prop_fdre_C_Q)         0.141     1.073 r  cnn_system_i/cnn_top_0/inst/weights_m_axi_U/bus_read/rs_rdata/data_p1_reg[7]/Q
                         net (fo=1, routed)           0.107     1.180    cnn_system_i/cnn_top_0/inst/weights_m_axi_U/load_unit_0/buff_rdata/U_fifo_mem/mem_reg_1[7]
    RAMB18_X1Y19         RAMB18E1                                     r  cnn_system_i/cnn_top_0/inst/weights_m_axi_U/load_unit_0/buff_rdata/U_fifo_mem/mem_reg/DIADI[7]
  -------------------------------------------------------------------    -------------------

                         (clock clk_fpga_0 rise edge)
                                                      0.000     0.000 r  
    PS7_X0Y0             PS7                          0.000     0.000 r  cnn_system_i/ps7/inst/PS7_i/FCLKCLK[0]
                         net (fo=1, routed)           0.337     0.337    cnn_system_i/ps7/inst/FCLK_CLK_unbuffered[0]
    BUFGCTRL_X0Y16       BUFG (Prop_bufg_I_O)         0.029     0.366 r  cnn_system_i/ps7/inst/buffer_fclk_clk_0.FCLK_CLK_0_BUFG/O
                         net (fo=14852, routed)       0.905     1.271    cnn_system_i/cnn_top_0/inst/weights_m_axi_U/load_unit_0/buff_rdata/U_fifo_mem/ap_clk
    RAMB18_X1Y19         RAMB18E1                                     r  cnn_system_i/cnn_top_0/inst/weights_m_axi_U/load_unit_0/buff_rdata/U_fifo_mem/mem_reg/CLKBWRCLK
                         clock pessimism             -0.282     0.989    
    RAMB18_X1Y19         RAMB18E1 (Hold_ramb18e1_CLKBWRCLK_DIADI[7])
                                                      0.155     1.144    cnn_system_i/cnn_top_0/inst/weights_m_axi_U/load_unit_0/buff_rdata/U_fifo_mem/mem_reg
  -------------------------------------------------------------------
                         required time                         -1.144    
                         arrival time                           1.180    
  -------------------------------------------------------------------
                         slack                                  0.036    

Slack (MET) :             0.037ns  (arrival time - required time)
  Source:                 cnn_system_i/cnn_top_0/inst/control_s_axi_U/int_m_axi_w_fc_reg[8]/C
                            (rising edge-triggered cell FDRE clocked by clk_fpga_0  {rise@0.000ns fall@5.000ns period=10.000ns})
  Destination:            cnn_system_i/cnn_top_0/inst/trunc_ln4_reg_1048_reg[7]/D
                            (rising edge-triggered cell FDRE clocked by clk_fpga_0  {rise@0.000ns fall@5.000ns period=10.000ns})
  Path Group:             clk_fpga_0
  Path Type:              Hold (Min at Fast Process Corner)
  Requirement:            0.000ns  (clk_fpga_0 rise@0.000ns - clk_fpga_0 rise@0.000ns)
  Data Path Delay:        0.363ns  (logic 0.141ns (38.855%)  route 0.222ns (61.145%))
  Logic Levels:           0  
  Clock Path Skew:        0.260ns (DCD - SCD - CPR)
    Destination Clock Delay (DCD):    1.182ns
    Source Clock Delay      (SCD):    0.887ns
    Clock Pessimism Removal (CPR):    0.035ns

    Location             Delay type                Incr(ns)  Path(ns)    Netlist Resource(s)
  -------------------------------------------------------------------    -------------------
                         (clock clk_fpga_0 rise edge)
                                                      0.000     0.000 r  
    PS7_X0Y0             PS7                          0.000     0.000 r  cnn_system_i/ps7/inst/PS7_i/FCLKCLK[0]
                         net (fo=1, routed)           0.310     0.310    cnn_system_i/ps7/inst/FCLK_CLK_unbuffered[0]
    BUFGCTRL_X0Y16       BUFG (Prop_bufg_I_O)         0.026     0.336 r  cnn_system_i/ps7/inst/buffer_fclk_clk_0.FCLK_CLK_0_BUFG/O
                         net (fo=14852, routed)       0.551     0.887    cnn_system_i/cnn_top_0/inst/control_s_axi_U/ap_clk
    SLICE_X48Y86         FDRE                                         r  cnn_system_i/cnn_top_0/inst/control_s_axi_U/int_m_axi_w_fc_reg[8]/C
  -------------------------------------------------------------------    -------------------
    SLICE_X48Y86         FDRE (Prop_fdre_C_Q)         0.141     1.028 r  cnn_system_i/cnn_top_0/inst/control_s_axi_U/int_m_axi_w_fc_reg[8]/Q
                         net (fo=3, routed)           0.222     1.249    cnn_system_i/cnn_top_0/inst/m_axi_w_fc[8]
    SLICE_X51Y87         FDRE                                         r  cnn_system_i/cnn_top_0/inst/trunc_ln4_reg_1048_reg[7]/D
  -------------------------------------------------------------------    -------------------

                         (clock clk_fpga_0 rise edge)
                                                      0.000     0.000 r  
    PS7_X0Y0             PS7                          0.000     0.000 r  cnn_system_i/ps7/inst/PS7_i/FCLKCLK[0]
                         net (fo=1, routed)           0.337     0.337    cnn_system_i/ps7/inst/FCLK_CLK_unbuffered[0]
    BUFGCTRL_X0Y16       BUFG (Prop_bufg_I_O)         0.029     0.366 r  cnn_system_i/ps7/inst/buffer_fclk_clk_0.FCLK_CLK_0_BUFG/O
                         net (fo=14852, routed)       0.816     1.182    cnn_system_i/cnn_top_0/inst/ap_clk
    SLICE_X51Y87         FDRE                                         r  cnn_system_i/cnn_top_0/inst/trunc_ln4_reg_1048_reg[7]/C
                         clock pessimism             -0.035     1.147    
    SLICE_X51Y87         FDRE (Hold_fdre_C_D)         0.066     1.213    cnn_system_i/cnn_top_0/inst/trunc_ln4_reg_1048_reg[7]
  -------------------------------------------------------------------
                         required time                         -1.213    
                         arrival time                           1.249    
  -------------------------------------------------------------------
                         slack                                  0.037    

Slack (MET) :             0.037ns  (arrival time - required time)
  Source:                 cnn_system_i/cnn_top_0/inst/grp_cnn_top_Pipeline_CONV2_R_CONV2_C_CONV2_CH_L_fu_480/pool1_buf_load_45_reg_8678_reg[7]/C
                            (rising edge-triggered cell FDRE clocked by clk_fpga_0  {rise@0.000ns fall@5.000ns period=10.000ns})
  Destination:            cnn_system_i/cnn_top_0/inst/grp_cnn_top_Pipeline_CONV2_R_CONV2_C_CONV2_CH_L_fu_480/pool1_buf_load_45_reg_8678_pp0_iter6_reg_reg[7]_srl5/D
                            (rising edge-triggered cell SRL16E clocked by clk_fpga_0  {rise@0.000ns fall@5.000ns period=10.000ns})
  Path Group:             clk_fpga_0
  Path Type:              Hold (Min at Fast Process Corner)
  Requirement:            0.000ns  (clk_fpga_0 rise@0.000ns - clk_fpga_0 rise@0.000ns)
  Data Path Delay:        0.256ns  (logic 0.141ns (55.042%)  route 0.115ns (44.958%))
  Logic Levels:           0  
  Clock Path Skew:        0.036ns (DCD - SCD - CPR)
    Destination Clock Delay (DCD):    1.230ns
    Source Clock Delay      (SCD):    0.931ns
    Clock Pessimism Removal (CPR):    0.263ns

    Location             Delay type                Incr(ns)  Path(ns)    Netlist Resource(s)
  -------------------------------------------------------------------    -------------------
                         (clock clk_fpga_0 rise edge)
                                                      0.000     0.000 r  
    PS7_X0Y0             PS7                          0.000     0.000 r  cnn_system_i/ps7/inst/PS7_i/FCLKCLK[0]
                         net (fo=1, routed)           0.310     0.310    cnn_system_i/ps7/inst/FCLK_CLK_unbuffered[0]
    BUFGCTRL_X0Y16       BUFG (Prop_bufg_I_O)         0.026     0.336 r  cnn_system_i/ps7/inst/buffer_fclk_clk_0.FCLK_CLK_0_BUFG/O
                         net (fo=14852, routed)       0.595     0.931    cnn_system_i/cnn_top_0/inst/grp_cnn_top_Pipeline_CONV2_R_CONV2_C_CONV2_CH_L_fu_480/ap_clk
    SLICE_X23Y6          FDRE                                         r  cnn_system_i/cnn_top_0/inst/grp_cnn_top_Pipeline_CONV2_R_CONV2_C_CONV2_CH_L_fu_480/pool1_buf_load_45_reg_8678_reg[7]/C
  -------------------------------------------------------------------    -------------------
    SLICE_X23Y6          FDRE (Prop_fdre_C_Q)         0.141     1.072 r  cnn_system_i/cnn_top_0/inst/grp_cnn_top_Pipeline_CONV2_R_CONV2_C_CONV2_CH_L_fu_480/pool1_buf_load_45_reg_8678_reg[7]/Q
                         net (fo=1, routed)           0.115     1.187    cnn_system_i/cnn_top_0/inst/grp_cnn_top_Pipeline_CONV2_R_CONV2_C_CONV2_CH_L_fu_480/pool1_buf_load_45_reg_8678[7]
    SLICE_X20Y6          SRL16E                                       r  cnn_system_i/cnn_top_0/inst/grp_cnn_top_Pipeline_CONV2_R_CONV2_C_CONV2_CH_L_fu_480/pool1_buf_load_45_reg_8678_pp0_iter6_reg_reg[7]_srl5/D
  -------------------------------------------------------------------    -------------------

                         (clock clk_fpga_0 rise edge)
                                                      0.000     0.000 r  
    PS7_X0Y0             PS7                          0.000     0.000 r  cnn_system_i/ps7/inst/PS7_i/FCLKCLK[0]
                         net (fo=1, routed)           0.337     0.337    cnn_system_i/ps7/inst/FCLK_CLK_unbuffered[0]
    BUFGCTRL_X0Y16       BUFG (Prop_bufg_I_O)         0.029     0.366 r  cnn_system_i/ps7/inst/buffer_fclk_clk_0.FCLK_CLK_0_BUFG/O
                         net (fo=14852, routed)       0.864     1.230    cnn_system_i/cnn_top_0/inst/grp_cnn_top_Pipeline_CONV2_R_CONV2_C_CONV2_CH_L_fu_480/ap_clk
    SLICE_X20Y6          SRL16E                                       r  cnn_system_i/cnn_top_0/inst/grp_cnn_top_Pipeline_CONV2_R_CONV2_C_CONV2_CH_L_fu_480/pool1_buf_load_45_reg_8678_pp0_iter6_reg_reg[7]_srl5/CLK
                         clock pessimism             -0.263     0.967    
    SLICE_X20Y6          SRL16E (Hold_srl16e_CLK_D)
                                                      0.183     1.150    cnn_system_i/cnn_top_0/inst/grp_cnn_top_Pipeline_CONV2_R_CONV2_C_CONV2_CH_L_fu_480/pool1_buf_load_45_reg_8678_pp0_iter6_reg_reg[7]_srl5
  -------------------------------------------------------------------
                         required time                         -1.150    
                         arrival time                           1.187    
  -------------------------------------------------------------------
                         slack                                  0.037    

Slack (MET) :             0.041ns  (arrival time - required time)
  Source:                 cnn_system_i/cnn_top_0/inst/grp_cnn_top_Pipeline_CONV2_R_CONV2_C_CONV2_CH_L_fu_480/pool1_buf_load_38_reg_8643_reg[7]/C
                            (rising edge-triggered cell FDRE clocked by clk_fpga_0  {rise@0.000ns fall@5.000ns period=10.000ns})
  Destination:            cnn_system_i/cnn_top_0/inst/grp_cnn_top_Pipeline_CONV2_R_CONV2_C_CONV2_CH_L_fu_480/pool1_buf_load_38_reg_8643_pp0_iter5_reg_reg[7]_srl4/D
                            (rising edge-triggered cell SRL16E clocked by clk_fpga_0  {rise@0.000ns fall@5.000ns period=10.000ns})
  Path Group:             clk_fpga_0
  Path Type:              Hold (Min at Fast Process Corner)
  Requirement:            0.000ns  (clk_fpga_0 rise@0.000ns - clk_fpga_0 rise@0.000ns)
  Data Path Delay:        0.240ns  (logic 0.141ns (58.691%)  route 0.099ns (41.309%))
  Logic Levels:           0  
  Clock Path Skew:        0.016ns (DCD - SCD - CPR)
    Destination Clock Delay (DCD):    1.247ns
    Source Clock Delay      (SCD):    0.947ns
    Clock Pessimism Removal (CPR):    0.284ns

    Location             Delay type                Incr(ns)  Path(ns)    Netlist Resource(s)
  -------------------------------------------------------------------    -------------------
                         (clock clk_fpga_0 rise edge)
                                                      0.000     0.000 r  
    PS7_X0Y0             PS7                          0.000     0.000 r  cnn_system_i/ps7/inst/PS7_i/FCLKCLK[0]
                         net (fo=1, routed)           0.310     0.310    cnn_system_i/ps7/inst/FCLK_CLK_unbuffered[0]
    BUFGCTRL_X0Y16       BUFG (Prop_bufg_I_O)         0.026     0.336 r  cnn_system_i/ps7/inst/buffer_fclk_clk_0.FCLK_CLK_0_BUFG/O
                         net (fo=14852, routed)       0.611     0.947    cnn_system_i/cnn_top_0/inst/grp_cnn_top_Pipeline_CONV2_R_CONV2_C_CONV2_CH_L_fu_480/ap_clk
    SLICE_X97Y11         FDRE                                         r  cnn_system_i/cnn_top_0/inst/grp_cnn_top_Pipeline_CONV2_R_CONV2_C_CONV2_CH_L_fu_480/pool1_buf_load_38_reg_8643_reg[7]/C
  -------------------------------------------------------------------    -------------------
    SLICE_X97Y11         FDRE (Prop_fdre_C_Q)         0.141     1.087 r  cnn_system_i/cnn_top_0/inst/grp_cnn_top_Pipeline_CONV2_R_CONV2_C_CONV2_CH_L_fu_480/pool1_buf_load_38_reg_8643_reg[7]/Q
                         net (fo=1, routed)           0.099     1.187    cnn_system_i/cnn_top_0/inst/grp_cnn_top_Pipeline_CONV2_R_CONV2_C_CONV2_CH_L_fu_480/pool1_buf_load_38_reg_8643[7]
    SLICE_X94Y11         SRL16E                                       r  cnn_system_i/cnn_top_0/inst/grp_cnn_top_Pipeline_CONV2_R_CONV2_C_CONV2_CH_L_fu_480/pool1_buf_load_38_reg_8643_pp0_iter5_reg_reg[7]_srl4/D
  -------------------------------------------------------------------    -------------------

                         (clock clk_fpga_0 rise edge)
                                                      0.000     0.000 r  
    PS7_X0Y0             PS7                          0.000     0.000 r  cnn_system_i/ps7/inst/PS7_i/FCLKCLK[0]
                         net (fo=1, routed)           0.337     0.337    cnn_system_i/ps7/inst/FCLK_CLK_unbuffered[0]
    BUFGCTRL_X0Y16       BUFG (Prop_bufg_I_O)         0.029     0.366 r  cnn_system_i/ps7/inst/buffer_fclk_clk_0.FCLK_CLK_0_BUFG/O
                         net (fo=14852, routed)       0.881     1.247    cnn_system_i/cnn_top_0/inst/grp_cnn_top_Pipeline_CONV2_R_CONV2_C_CONV2_CH_L_fu_480/ap_clk
    SLICE_X94Y11         SRL16E                                       r  cnn_system_i/cnn_top_0/inst/grp_cnn_top_Pipeline_CONV2_R_CONV2_C_CONV2_CH_L_fu_480/pool1_buf_load_38_reg_8643_pp0_iter5_reg_reg[7]_srl4/CLK
                         clock pessimism             -0.284     0.963    
    SLICE_X94Y11         SRL16E (Hold_srl16e_CLK_D)
                                                      0.183     1.146    cnn_system_i/cnn_top_0/inst/grp_cnn_top_Pipeline_CONV2_R_CONV2_C_CONV2_CH_L_fu_480/pool1_buf_load_38_reg_8643_pp0_iter5_reg_reg[7]_srl4
  -------------------------------------------------------------------
                         required time                         -1.146    
                         arrival time                           1.187    
  -------------------------------------------------------------------
                         slack                                  0.041    

Slack (MET) :             0.043ns  (arrival time - required time)
  Source:                 cnn_system_i/cnn_top_0/inst/grp_cnn_top_Pipeline_CONV2_R_CONV2_C_CONV2_CH_L_fu_480/pool1_buf_load_56_reg_8975_reg[7]/C
                            (rising edge-triggered cell FDRE clocked by clk_fpga_0  {rise@0.000ns fall@5.000ns period=10.000ns})
  Destination:            cnn_system_i/cnn_top_0/inst/grp_cnn_top_Pipeline_CONV2_R_CONV2_C_CONV2_CH_L_fu_480/pool1_buf_load_56_reg_8975_pp0_iter9_reg_reg[7]_srl8/D
                            (rising edge-triggered cell SRL16E clocked by clk_fpga_0  {rise@0.000ns fall@5.000ns period=10.000ns})
  Path Group:             clk_fpga_0
  Path Type:              Hold (Min at Fast Process Corner)
  Requirement:            0.000ns  (clk_fpga_0 rise@0.000ns - clk_fpga_0 rise@0.000ns)
  Data Path Delay:        0.260ns  (logic 0.141ns (54.185%)  route 0.119ns (45.815%))
  Logic Levels:           0  
  Clock Path Skew:        0.034ns (DCD - SCD - CPR)
    Destination Clock Delay (DCD):    1.215ns
    Source Clock Delay      (SCD):    0.918ns
    Clock Pessimism Removal (CPR):    0.263ns

    Location             Delay type                Incr(ns)  Path(ns)    Netlist Resource(s)
  -------------------------------------------------------------------    -------------------
                         (clock clk_fpga_0 rise edge)
                                                      0.000     0.000 r  
    PS7_X0Y0             PS7                          0.000     0.000 r  cnn_system_i/ps7/inst/PS7_i/FCLKCLK[0]
                         net (fo=1, routed)           0.310     0.310    cnn_system_i/ps7/inst/FCLK_CLK_unbuffered[0]
    BUFGCTRL_X0Y16       BUFG (Prop_bufg_I_O)         0.026     0.336 r  cnn_system_i/ps7/inst/buffer_fclk_clk_0.FCLK_CLK_0_BUFG/O
                         net (fo=14852, routed)       0.582     0.918    cnn_system_i/cnn_top_0/inst/grp_cnn_top_Pipeline_CONV2_R_CONV2_C_CONV2_CH_L_fu_480/ap_clk
    SLICE_X28Y30         FDRE                                         r  cnn_system_i/cnn_top_0/inst/grp_cnn_top_Pipeline_CONV2_R_CONV2_C_CONV2_CH_L_fu_480/pool1_buf_load_56_reg_8975_reg[7]/C
  -------------------------------------------------------------------    -------------------
    SLICE_X28Y30         FDRE (Prop_fdre_C_Q)         0.141     1.059 r  cnn_system_i/cnn_top_0/inst/grp_cnn_top_Pipeline_CONV2_R_CONV2_C_CONV2_CH_L_fu_480/pool1_buf_load_56_reg_8975_reg[7]/Q
                         net (fo=1, routed)           0.119     1.178    cnn_system_i/cnn_top_0/inst/grp_cnn_top_Pipeline_CONV2_R_CONV2_C_CONV2_CH_L_fu_480/pool1_buf_load_56_reg_8975[7]
    SLICE_X26Y30         SRL16E                                       r  cnn_system_i/cnn_top_0/inst/grp_cnn_top_Pipeline_CONV2_R_CONV2_C_CONV2_CH_L_fu_480/pool1_buf_load_56_reg_8975_pp0_iter9_reg_reg[7]_srl8/D
  -------------------------------------------------------------------    -------------------

                         (clock clk_fpga_0 rise edge)
                                                      0.000     0.000 r  
    PS7_X0Y0             PS7                          0.000     0.000 r  cnn_system_i/ps7/inst/PS7_i/FCLKCLK[0]
                         net (fo=1, routed)           0.337     0.337    cnn_system_i/ps7/inst/FCLK_CLK_unbuffered[0]
    BUFGCTRL_X0Y16       BUFG (Prop_bufg_I_O)         0.029     0.366 r  cnn_system_i/ps7/inst/buffer_fclk_clk_0.FCLK_CLK_0_BUFG/O
                         net (fo=14852, routed)       0.849     1.215    cnn_system_i/cnn_top_0/inst/grp_cnn_top_Pipeline_CONV2_R_CONV2_C_CONV2_CH_L_fu_480/ap_clk
    SLICE_X26Y30         SRL16E                                       r  cnn_system_i/cnn_top_0/inst/grp_cnn_top_Pipeline_CONV2_R_CONV2_C_CONV2_CH_L_fu_480/pool1_buf_load_56_reg_8975_pp0_iter9_reg_reg[7]_srl8/CLK
                         clock pessimism             -0.263     0.952    
    SLICE_X26Y30         SRL16E (Hold_srl16e_CLK_D)
                                                      0.183     1.135    cnn_system_i/cnn_top_0/inst/grp_cnn_top_Pipeline_CONV2_R_CONV2_C_CONV2_CH_L_fu_480/pool1_buf_load_56_reg_8975_pp0_iter9_reg_reg[7]_srl8
  -------------------------------------------------------------------
                         required time                         -1.135    
                         arrival time                           1.178    
  -------------------------------------------------------------------
                         slack                                  0.043    





Pulse Width Checks
--------------------------------------------------------------------------------------
Clock Name:         clk_fpga_0
Waveform(ns):       { 0.000 5.000 }
Period(ns):         10.000
Sources:            { cnn_system_i/ps7/inst/PS7_i/FCLKCLK[0] }

Check Type        Corner  Lib Pin             Reference Pin  Required(ns)  Actual(ns)  Slack(ns)  Location      Pin
Min Period        n/a     RAMB36E1/CLKARDCLK  n/a            2.944         10.000      7.056      RAMB36_X1Y5   cnn_system_i/cnn_top_0/inst/conv1_buf_1_U/ram_reg_0/CLKARDCLK
Min Period        n/a     RAMB36E1/CLKARDCLK  n/a            2.944         10.000      7.056      RAMB36_X0Y5   cnn_system_i/cnn_top_0/inst/conv1_buf_1_U/ram_reg_1/CLKARDCLK
Min Period        n/a     RAMB36E1/CLKARDCLK  n/a            2.944         10.000      7.056      RAMB36_X1Y4   cnn_system_i/cnn_top_0/inst/conv1_buf_U/ram_reg_0/CLKARDCLK
Min Period        n/a     RAMB36E1/CLKARDCLK  n/a            2.944         10.000      7.056      RAMB36_X0Y4   cnn_system_i/cnn_top_0/inst/conv1_buf_U/ram_reg_1/CLKARDCLK
Min Period        n/a     RAMB36E1/CLKARDCLK  n/a            2.944         10.000      7.056      RAMB36_X3Y7   cnn_system_i/cnn_top_0/inst/conv2_buf_1_U/ram_reg/CLKARDCLK
Min Period        n/a     RAMB36E1/CLKARDCLK  n/a            2.944         10.000      7.056      RAMB36_X3Y6   cnn_system_i/cnn_top_0/inst/conv2_buf_U/ram_reg/CLKARDCLK
Min Period        n/a     RAMB18E1/CLKARDCLK  n/a            2.944         10.000      7.056      RAMB18_X1Y16  cnn_system_i/cnn_top_0/inst/img_buf_U/ram0_reg/CLKARDCLK
Min Period        n/a     RAMB18E1/CLKARDCLK  n/a            2.944         10.000      7.056      RAMB18_X0Y16  cnn_system_i/cnn_top_0/inst/img_buf_U/ram1_reg/CLKARDCLK
Min Period        n/a     RAMB18E1/CLKARDCLK  n/a            2.944         10.000      7.056      RAMB18_X0Y17  cnn_system_i/cnn_top_0/inst/img_buf_U/ram2_reg/CLKARDCLK
Min Period        n/a     RAMB18E1/CLKARDCLK  n/a            2.944         10.000      7.056      RAMB18_X0Y18  cnn_system_i/cnn_top_0/inst/img_buf_U/ram3_reg/CLKARDCLK
Low Pulse Width   Slow    RAMD32/CLK          n/a            1.250         5.000       3.750      SLICE_X58Y64  cnn_system_i/axi_dma_0/U0/I_PRMRY_DATAMOVER/GEN_S2MM_FULL.I_S2MM_FULL_WRAPPER/GEN_ENABLE_INDET_BTT_SF.I_INDET_BTT/I_XD_FIFO/NON_BLK_MEM.I_SYNC_FIFOGEN_FIFO/xpm_fifo_base_inst/gen_sdpram.xpm_memory_base_inst/gen_wr_a.gen_word_narrow.mem_reg_0_15_0_5/RAMA/CLK
Low Pulse Width   Fast    RAMD32/CLK          n/a            1.250         5.000       3.750      SLICE_X58Y64  cnn_system_i/axi_dma_0/U0/I_PRMRY_DATAMOVER/GEN_S2MM_FULL.I_S2MM_FULL_WRAPPER/GEN_ENABLE_INDET_BTT_SF.I_INDET_BTT/I_XD_FIFO/NON_BLK_MEM.I_SYNC_FIFOGEN_FIFO/xpm_fifo_base_inst/gen_sdpram.xpm_memory_base_inst/gen_wr_a.gen_word_narrow.mem_reg_0_15_0_5/RAMA/CLK
Low Pulse Width   Slow    RAMD32/CLK          n/a            1.250         5.000       3.750      SLICE_X58Y64  cnn_system_i/axi_dma_0/U0/I_PRMRY_DATAMOVER/GEN_S2MM_FULL.I_S2MM_FULL_WRAPPER/GEN_ENABLE_INDET_BTT_SF.I_INDET_BTT/I_XD_FIFO/NON_BLK_MEM.I_SYNC_FIFOGEN_FIFO/xpm_fifo_base_inst/gen_sdpram.xpm_memory_base_inst/gen_wr_a.gen_word_narrow.mem_reg_0_15_0_5/RAMA_D1/CLK
Low Pulse Width   Fast    RAMD32/CLK          n/a            1.250         5.000       3.750      SLICE_X58Y64  cnn_system_i/axi_dma_0/U0/I_PRMRY_DATAMOVER/GEN_S2MM_FULL.I_S2MM_FULL_WRAPPER/GEN_ENABLE_INDET_BTT_SF.I_INDET_BTT/I_XD_FIFO/NON_BLK_MEM.I_SYNC_FIFOGEN_FIFO/xpm_fifo_base_inst/gen_sdpram.xpm_memory_base_inst/gen_wr_a.gen_word_narrow.mem_reg_0_15_0_5/RAMA_D1/CLK
Low Pulse Width   Slow    RAMD32/CLK          n/a            1.250         5.000       3.750      SLICE_X58Y64  cnn_system_i/axi_dma_0/U0/I_PRMRY_DATAMOVER/GEN_S2MM_FULL.I_S2MM_FULL_WRAPPER/GEN_ENABLE_INDET_BTT_SF.I_INDET_BTT/I_XD_FIFO/NON_BLK_MEM.I_SYNC_FIFOGEN_FIFO/xpm_fifo_base_inst/gen_sdpram.xpm_memory_base_inst/gen_wr_a.gen_word_narrow.mem_reg_0_15_0_5/RAMB/CLK
Low Pulse Width   Fast    RAMD32/CLK          n/a            1.250         5.000       3.750      SLICE_X58Y64  cnn_system_i/axi_dma_0/U0/I_PRMRY_DATAMOVER/GEN_S2MM_FULL.I_S2MM_FULL_WRAPPER/GEN_ENABLE_INDET_BTT_SF.I_INDET_BTT/I_XD_FIFO/NON_BLK_MEM.I_SYNC_FIFOGEN_FIFO/xpm_fifo_base_inst/gen_sdpram.xpm_memory_base_inst/gen_wr_a.gen_word_narrow.mem_reg_0_15_0_5/RAMB/CLK
Low Pulse Width   Slow    RAMD32/CLK          n/a            1.250         5.000       3.750      SLICE_X58Y64  cnn_system_i/axi_dma_0/U0/I_PRMRY_DATAMOVER/GEN_S2MM_FULL.I_S2MM_FULL_WRAPPER/GEN_ENABLE_INDET_BTT_SF.I_INDET_BTT/I_XD_FIFO/NON_BLK_MEM.I_SYNC_FIFOGEN_FIFO/xpm_fifo_base_inst/gen_sdpram.xpm_memory_base_inst/gen_wr_a.gen_word_narrow.mem_reg_0_15_0_5/RAMB_D1/CLK
Low Pulse Width   Fast    RAMD32/CLK          n/a            1.250         5.000       3.750      SLICE_X58Y64  cnn_system_i/axi_dma_0/U0/I_PRMRY_DATAMOVER/GEN_S2MM_FULL.I_S2MM_FULL_WRAPPER/GEN_ENABLE_INDET_BTT_SF.I_INDET_BTT/I_XD_FIFO/NON_BLK_MEM.I_SYNC_FIFOGEN_FIFO/xpm_fifo_base_inst/gen_sdpram.xpm_memory_base_inst/gen_wr_a.gen_word_narrow.mem_reg_0_15_0_5/RAMB_D1/CLK
Low Pulse Width   Slow    RAMD32/CLK          n/a            1.250         5.000       3.750      SLICE_X58Y64  cnn_system_i/axi_dma_0/U0/I_PRMRY_DATAMOVER/GEN_S2MM_FULL.I_S2MM_FULL_WRAPPER/GEN_ENABLE_INDET_BTT_SF.I_INDET_BTT/I_XD_FIFO/NON_BLK_MEM.I_SYNC_FIFOGEN_FIFO/xpm_fifo_base_inst/gen_sdpram.xpm_memory_base_inst/gen_wr_a.gen_word_narrow.mem_reg_0_15_0_5/RAMC/CLK
Low Pulse Width   Fast    RAMD32/CLK          n/a            1.250         5.000       3.750      SLICE_X58Y64  cnn_system_i/axi_dma_0/U0/I_PRMRY_DATAMOVER/GEN_S2MM_FULL.I_S2MM_FULL_WRAPPER/GEN_ENABLE_INDET_BTT_SF.I_INDET_BTT/I_XD_FIFO/NON_BLK_MEM.I_SYNC_FIFOGEN_FIFO/xpm_fifo_base_inst/gen_sdpram.xpm_memory_base_inst/gen_wr_a.gen_word_narrow.mem_reg_0_15_0_5/RAMC/CLK
High Pulse Width  Slow    RAMD32/CLK          n/a            1.250         5.000       3.750      SLICE_X58Y64  cnn_system_i/axi_dma_0/U0/I_PRMRY_DATAMOVER/GEN_S2MM_FULL.I_S2MM_FULL_WRAPPER/GEN_ENABLE_INDET_BTT_SF.I_INDET_BTT/I_XD_FIFO/NON_BLK_MEM.I_SYNC_FIFOGEN_FIFO/xpm_fifo_base_inst/gen_sdpram.xpm_memory_base_inst/gen_wr_a.gen_word_narrow.mem_reg_0_15_0_5/RAMA/CLK
High Pulse Width  Fast    RAMD32/CLK          n/a            1.250         5.000       3.750      SLICE_X58Y64  cnn_system_i/axi_dma_0/U0/I_PRMRY_DATAMOVER/GEN_S2MM_FULL.I_S2MM_FULL_WRAPPER/GEN_ENABLE_INDET_BTT_SF.I_INDET_BTT/I_XD_FIFO/NON_BLK_MEM.I_SYNC_FIFOGEN_FIFO/xpm_fifo_base_inst/gen_sdpram.xpm_memory_base_inst/gen_wr_a.gen_word_narrow.mem_reg_0_15_0_5/RAMA/CLK
High Pulse Width  Slow    RAMD32/CLK          n/a            1.250         5.000       3.750      SLICE_X58Y64  cnn_system_i/axi_dma_0/U0/I_PRMRY_DATAMOVER/GEN_S2MM_FULL.I_S2MM_FULL_WRAPPER/GEN_ENABLE_INDET_BTT_SF.I_INDET_BTT/I_XD_FIFO/NON_BLK_MEM.I_SYNC_FIFOGEN_FIFO/xpm_fifo_base_inst/gen_sdpram.xpm_memory_base_inst/gen_wr_a.gen_word_narrow.mem_reg_0_15_0_5/RAMA_D1/CLK
High Pulse Width  Fast    RAMD32/CLK          n/a            1.250         5.000       3.750      SLICE_X58Y64  cnn_system_i/axi_dma_0/U0/I_PRMRY_DATAMOVER/GEN_S2MM_FULL.I_S2MM_FULL_WRAPPER/GEN_ENABLE_INDET_BTT_SF.I_INDET_BTT/I_XD_FIFO/NON_BLK_MEM.I_SYNC_FIFOGEN_FIFO/xpm_fifo_base_inst/gen_sdpram.xpm_memory_base_inst/gen_wr_a.gen_word_narrow.mem_reg_0_15_0_5/RAMA_D1/CLK
High Pulse Width  Slow    RAMD32/CLK          n/a            1.250         5.000       3.750      SLICE_X58Y64  cnn_system_i/axi_dma_0/U0/I_PRMRY_DATAMOVER/GEN_S2MM_FULL.I_S2MM_FULL_WRAPPER/GEN_ENABLE_INDET_BTT_SF.I_INDET_BTT/I_XD_FIFO/NON_BLK_MEM.I_SYNC_FIFOGEN_FIFO/xpm_fifo_base_inst/gen_sdpram.xpm_memory_base_inst/gen_wr_a.gen_word_narrow.mem_reg_0_15_0_5/RAMB/CLK
High Pulse Width  Fast    RAMD32/CLK          n/a            1.250         5.000       3.750      SLICE_X58Y64  cnn_system_i/axi_dma_0/U0/I_PRMRY_DATAMOVER/GEN_S2MM_FULL.I_S2MM_FULL_WRAPPER/GEN_ENABLE_INDET_BTT_SF.I_INDET_BTT/I_XD_FIFO/NON_BLK_MEM.I_SYNC_FIFOGEN_FIFO/xpm_fifo_base_inst/gen_sdpram.xpm_memory_base_inst/gen_wr_a.gen_word_narrow.mem_reg_0_15_0_5/RAMB/CLK
High Pulse Width  Slow    RAMD32/CLK          n/a            1.250         5.000       3.750      SLICE_X58Y64  cnn_system_i/axi_dma_0/U0/I_PRMRY_DATAMOVER/GEN_S2MM_FULL.I_S2MM_FULL_WRAPPER/GEN_ENABLE_INDET_BTT_SF.I_INDET_BTT/I_XD_FIFO/NON_BLK_MEM.I_SYNC_FIFOGEN_FIFO/xpm_fifo_base_inst/gen_sdpram.xpm_memory_base_inst/gen_wr_a.gen_word_narrow.mem_reg_0_15_0_5/RAMB_D1/CLK
High Pulse Width  Fast    RAMD32/CLK          n/a            1.250         5.000       3.750      SLICE_X58Y64  cnn_system_i/axi_dma_0/U0/I_PRMRY_DATAMOVER/GEN_S2MM_FULL.I_S2MM_FULL_WRAPPER/GEN_ENABLE_INDET_BTT_SF.I_INDET_BTT/I_XD_FIFO/NON_BLK_MEM.I_SYNC_FIFOGEN_FIFO/xpm_fifo_base_inst/gen_sdpram.xpm_memory_base_inst/gen_wr_a.gen_word_narrow.mem_reg_0_15_0_5/RAMB_D1/CLK
High Pulse Width  Slow    RAMD32/CLK          n/a            1.250         5.000       3.750      SLICE_X58Y64  cnn_system_i/axi_dma_0/U0/I_PRMRY_DATAMOVER/GEN_S2MM_FULL.I_S2MM_FULL_WRAPPER/GEN_ENABLE_INDET_BTT_SF.I_INDET_BTT/I_XD_FIFO/NON_BLK_MEM.I_SYNC_FIFOGEN_FIFO/xpm_fifo_base_inst/gen_sdpram.xpm_memory_base_inst/gen_wr_a.gen_word_narrow.mem_reg_0_15_0_5/RAMC/CLK
High Pulse Width  Fast    RAMD32/CLK          n/a            1.250         5.000       3.750      SLICE_X58Y64  cnn_system_i/axi_dma_0/U0/I_PRMRY_DATAMOVER/GEN_S2MM_FULL.I_S2MM_FULL_WRAPPER/GEN_ENABLE_INDET_BTT_SF.I_INDET_BTT/I_XD_FIFO/NON_BLK_MEM.I_SYNC_FIFOGEN_FIFO/xpm_fifo_base_inst/gen_sdpram.xpm_memory_base_inst/gen_wr_a.gen_word_narrow.mem_reg_0_15_0_5/RAMC/CLK



---------------------------------------------------------------------------------------------------
Path Group:  **async_default**
From Clock:  clk_fpga_0
  To Clock:  clk_fpga_0

Setup :            0  Failing Endpoints,  Worst Slack        5.796ns,  Total Violation        0.000ns
Hold  :            0  Failing Endpoints,  Worst Slack        0.573ns,  Total Violation        0.000ns
---------------------------------------------------------------------------------------------------


Max Delay Paths
--------------------------------------------------------------------------------------
Slack (MET) :             5.796ns  (required time - arrival time)
  Source:                 <hidden>
                            (rising edge-triggered cell FDPE clocked by clk_fpga_0  {rise@0.000ns fall@5.000ns period=10.000ns})
  Destination:            <hidden>
                            (recovery check against rising-edge clock clk_fpga_0  {rise@0.000ns fall@5.000ns period=10.000ns})
  Path Group:             **async_default**
  Path Type:              Recovery (Max at Slow Process Corner)
  Requirement:            10.000ns  (clk_fpga_0 rise@10.000ns - clk_fpga_0 rise@0.000ns)
  Data Path Delay:        3.588ns  (logic 0.718ns (20.009%)  route 2.870ns (79.991%))
  Logic Levels:           1  (LUT3=1)
  Clock Path Skew:        -0.056ns (DCD - SCD + CPR)
    Destination Clock Delay (DCD):    2.657ns = ( 12.657 - 10.000 ) 
    Source Clock Delay      (SCD):    2.942ns
    Clock Pessimism Removal (CPR):    0.229ns
  Clock Uncertainty:      0.154ns  ((TSJ^2 + TIJ^2)^1/2 + DJ) / 2 + PE
    Total System Jitter     (TSJ):    0.071ns
    Total Input Jitter      (TIJ):    0.300ns
    Discrete Jitter          (DJ):    0.000ns
    Phase Error              (PE):    0.000ns

    Location             Delay type                Incr(ns)  Path(ns)    Netlist Resource(s)
  -------------------------------------------------------------------    -------------------
                         (clock clk_fpga_0 rise edge)
                                                      0.000     0.000 r  
    PS7_X0Y0             PS7                          0.000     0.000 r  cnn_system_i/ps7/inst/PS7_i/FCLKCLK[0]
                         net (fo=1, routed)           1.193     1.193    cnn_system_i/ps7/inst/FCLK_CLK_unbuffered[0]
    BUFGCTRL_X0Y16       BUFG (Prop_bufg_I_O)         0.101     1.294 r  cnn_system_i/ps7/inst/buffer_fclk_clk_0.FCLK_CLK_0_BUFG/O
                         net (fo=14852, routed)       1.648     2.942    <hidden>
    SLICE_X43Y61         FDPE                                         r  <hidden>
  -------------------------------------------------------------------    -------------------
    SLICE_X43Y61         FDPE (Prop_fdpe_C_Q)         0.419     3.361 f  <hidden>
                         net (fo=2, routed)           1.004     4.365    <hidden>
    SLICE_X46Y58         LUT3 (Prop_lut3_I2_O)        0.299     4.664 f  <hidden>
                         net (fo=33, routed)          1.866     6.530    <hidden>
    SLICE_X47Y55         FDCE                                         f  <hidden>
  -------------------------------------------------------------------    -------------------

                         (clock clk_fpga_0 rise edge)
                                                     10.000    10.000 r  
    PS7_X0Y0             PS7                          0.000    10.000 r  cnn_system_i/ps7/inst/PS7_i/FCLKCLK[0]
                         net (fo=1, routed)           1.088    11.088    cnn_system_i/ps7/inst/FCLK_CLK_unbuffered[0]
    BUFGCTRL_X0Y16       BUFG (Prop_bufg_I_O)         0.091    11.179 r  cnn_system_i/ps7/inst/buffer_fclk_clk_0.FCLK_CLK_0_BUFG/O
                         net (fo=14852, routed)       1.478    12.657    <hidden>
    SLICE_X47Y55         FDCE                                         r  <hidden>
                         clock pessimism              0.229    12.886    
                         clock uncertainty           -0.154    12.732    
    SLICE_X47Y55         FDCE (Recov_fdce_C_CLR)     -0.405    12.327    <hidden>
  -------------------------------------------------------------------
                         required time                         12.327    
                         arrival time                          -6.530    
  -------------------------------------------------------------------
                         slack                                  5.796    

Slack (MET) :             5.796ns  (required time - arrival time)
  Source:                 <hidden>
                            (rising edge-triggered cell FDPE clocked by clk_fpga_0  {rise@0.000ns fall@5.000ns period=10.000ns})
  Destination:            <hidden>
                            (recovery check against rising-edge clock clk_fpga_0  {rise@0.000ns fall@5.000ns period=10.000ns})
  Path Group:             **async_default**
  Path Type:              Recovery (Max at Slow Process Corner)
  Requirement:            10.000ns  (clk_fpga_0 rise@10.000ns - clk_fpga_0 rise@0.000ns)
  Data Path Delay:        3.588ns  (logic 0.718ns (20.009%)  route 2.870ns (79.991%))
  Logic Levels:           1  (LUT3=1)
  Clock Path Skew:        -0.056ns (DCD - SCD + CPR)
    Destination Clock Delay (DCD):    2.657ns = ( 12.657 - 10.000 ) 
    Source Clock Delay      (SCD):    2.942ns
    Clock Pessimism Removal (CPR):    0.229ns
  Clock Uncertainty:      0.154ns  ((TSJ^2 + TIJ^2)^1/2 + DJ) / 2 + PE
    Total System Jitter     (TSJ):    0.071ns
    Total Input Jitter      (TIJ):    0.300ns
    Discrete Jitter          (DJ):    0.000ns
    Phase Error              (PE):    0.000ns

    Location             Delay type                Incr(ns)  Path(ns)    Netlist Resource(s)
  -------------------------------------------------------------------    -------------------
                         (clock clk_fpga_0 rise edge)
                                                      0.000     0.000 r  
    PS7_X0Y0             PS7                          0.000     0.000 r  cnn_system_i/ps7/inst/PS7_i/FCLKCLK[0]
                         net (fo=1, routed)           1.193     1.193    cnn_system_i/ps7/inst/FCLK_CLK_unbuffered[0]
    BUFGCTRL_X0Y16       BUFG (Prop_bufg_I_O)         0.101     1.294 r  cnn_system_i/ps7/inst/buffer_fclk_clk_0.FCLK_CLK_0_BUFG/O
                         net (fo=14852, routed)       1.648     2.942    <hidden>
    SLICE_X43Y61         FDPE                                         r  <hidden>
  -------------------------------------------------------------------    -------------------
    SLICE_X43Y61         FDPE (Prop_fdpe_C_Q)         0.419     3.361 f  <hidden>
                         net (fo=2, routed)           1.004     4.365    <hidden>
    SLICE_X46Y58         LUT3 (Prop_lut3_I2_O)        0.299     4.664 f  <hidden>
                         net (fo=33, routed)          1.866     6.530    <hidden>
    SLICE_X47Y55         FDCE                                         f  <hidden>
  -------------------------------------------------------------------    -------------------

                         (clock clk_fpga_0 rise edge)
                                                     10.000    10.000 r  
    PS7_X0Y0             PS7                          0.000    10.000 r  cnn_system_i/ps7/inst/PS7_i/FCLKCLK[0]
                         net (fo=1, routed)           1.088    11.088    cnn_system_i/ps7/inst/FCLK_CLK_unbuffered[0]
    BUFGCTRL_X0Y16       BUFG (Prop_bufg_I_O)         0.091    11.179 r  cnn_system_i/ps7/inst/buffer_fclk_clk_0.FCLK_CLK_0_BUFG/O
                         net (fo=14852, routed)       1.478    12.657    <hidden>
    SLICE_X47Y55         FDCE                                         r  <hidden>
                         clock pessimism              0.229    12.886    
                         clock uncertainty           -0.154    12.732    
    SLICE_X47Y55         FDCE (Recov_fdce_C_CLR)     -0.405    12.327    <hidden>
  -------------------------------------------------------------------
                         required time                         12.327    
                         arrival time                          -6.530    
  -------------------------------------------------------------------
                         slack                                  5.796    

Slack (MET) :             5.796ns  (required time - arrival time)
  Source:                 <hidden>
                            (rising edge-triggered cell FDPE clocked by clk_fpga_0  {rise@0.000ns fall@5.000ns period=10.000ns})
  Destination:            <hidden>
                            (recovery check against rising-edge clock clk_fpga_0  {rise@0.000ns fall@5.000ns period=10.000ns})
  Path Group:             **async_default**
  Path Type:              Recovery (Max at Slow Process Corner)
  Requirement:            10.000ns  (clk_fpga_0 rise@10.000ns - clk_fpga_0 rise@0.000ns)
  Data Path Delay:        3.588ns  (logic 0.718ns (20.009%)  route 2.870ns (79.991%))
  Logic Levels:           1  (LUT3=1)
  Clock Path Skew:        -0.056ns (DCD - SCD + CPR)
    Destination Clock Delay (DCD):    2.657ns = ( 12.657 - 10.000 ) 
    Source Clock Delay      (SCD):    2.942ns
    Clock Pessimism Removal (CPR):    0.229ns
  Clock Uncertainty:      0.154ns  ((TSJ^2 + TIJ^2)^1/2 + DJ) / 2 + PE
    Total System Jitter     (TSJ):    0.071ns
    Total Input Jitter      (TIJ):    0.300ns
    Discrete Jitter          (DJ):    0.000ns
    Phase Error              (PE):    0.000ns

    Location             Delay type                Incr(ns)  Path(ns)    Netlist Resource(s)
  -------------------------------------------------------------------    -------------------
                         (clock clk_fpga_0 rise edge)
                                                      0.000     0.000 r  
    PS7_X0Y0             PS7                          0.000     0.000 r  cnn_system_i/ps7/inst/PS7_i/FCLKCLK[0]
                         net (fo=1, routed)           1.193     1.193    cnn_system_i/ps7/inst/FCLK_CLK_unbuffered[0]
    BUFGCTRL_X0Y16       BUFG (Prop_bufg_I_O)         0.101     1.294 r  cnn_system_i/ps7/inst/buffer_fclk_clk_0.FCLK_CLK_0_BUFG/O
                         net (fo=14852, routed)       1.648     2.942    <hidden>
    SLICE_X43Y61         FDPE                                         r  <hidden>
  -------------------------------------------------------------------    -------------------
    SLICE_X43Y61         FDPE (Prop_fdpe_C_Q)         0.419     3.361 f  <hidden>
                         net (fo=2, routed)           1.004     4.365    <hidden>
    SLICE_X46Y58         LUT3 (Prop_lut3_I2_O)        0.299     4.664 f  <hidden>
                         net (fo=33, routed)          1.866     6.530    <hidden>
    SLICE_X47Y55         FDCE                                         f  <hidden>
  -------------------------------------------------------------------    -------------------

                         (clock clk_fpga_0 rise edge)
                                                     10.000    10.000 r  
    PS7_X0Y0             PS7                          0.000    10.000 r  cnn_system_i/ps7/inst/PS7_i/FCLKCLK[0]
                         net (fo=1, routed)           1.088    11.088    cnn_system_i/ps7/inst/FCLK_CLK_unbuffered[0]
    BUFGCTRL_X0Y16       BUFG (Prop_bufg_I_O)         0.091    11.179 r  cnn_system_i/ps7/inst/buffer_fclk_clk_0.FCLK_CLK_0_BUFG/O
                         net (fo=14852, routed)       1.478    12.657    <hidden>
    SLICE_X47Y55         FDCE                                         r  <hidden>
                         clock pessimism              0.229    12.886    
                         clock uncertainty           -0.154    12.732    
    SLICE_X47Y55         FDCE (Recov_fdce_C_CLR)     -0.405    12.327    <hidden>
  -------------------------------------------------------------------
                         required time                         12.327    
                         arrival time                          -6.530    
  -------------------------------------------------------------------
                         slack                                  5.796    

Slack (MET) :             5.796ns  (required time - arrival time)
  Source:                 <hidden>
                            (rising edge-triggered cell FDPE clocked by clk_fpga_0  {rise@0.000ns fall@5.000ns period=10.000ns})
  Destination:            <hidden>
                            (recovery check against rising-edge clock clk_fpga_0  {rise@0.000ns fall@5.000ns period=10.000ns})
  Path Group:             **async_default**
  Path Type:              Recovery (Max at Slow Process Corner)
  Requirement:            10.000ns  (clk_fpga_0 rise@10.000ns - clk_fpga_0 rise@0.000ns)
  Data Path Delay:        3.588ns  (logic 0.718ns (20.009%)  route 2.870ns (79.991%))
  Logic Levels:           1  (LUT3=1)
  Clock Path Skew:        -0.056ns (DCD - SCD + CPR)
    Destination Clock Delay (DCD):    2.657ns = ( 12.657 - 10.000 ) 
    Source Clock Delay      (SCD):    2.942ns
    Clock Pessimism Removal (CPR):    0.229ns
  Clock Uncertainty:      0.154ns  ((TSJ^2 + TIJ^2)^1/2 + DJ) / 2 + PE
    Total System Jitter     (TSJ):    0.071ns
    Total Input Jitter      (TIJ):    0.300ns
    Discrete Jitter          (DJ):    0.000ns
    Phase Error              (PE):    0.000ns

    Location             Delay type                Incr(ns)  Path(ns)    Netlist Resource(s)
  -------------------------------------------------------------------    -------------------
                         (clock clk_fpga_0 rise edge)
                                                      0.000     0.000 r  
    PS7_X0Y0             PS7                          0.000     0.000 r  cnn_system_i/ps7/inst/PS7_i/FCLKCLK[0]
                         net (fo=1, routed)           1.193     1.193    cnn_system_i/ps7/inst/FCLK_CLK_unbuffered[0]
    BUFGCTRL_X0Y16       BUFG (Prop_bufg_I_O)         0.101     1.294 r  cnn_system_i/ps7/inst/buffer_fclk_clk_0.FCLK_CLK_0_BUFG/O
                         net (fo=14852, routed)       1.648     2.942    <hidden>
    SLICE_X43Y61         FDPE                                         r  <hidden>
  -------------------------------------------------------------------    -------------------
    SLICE_X43Y61         FDPE (Prop_fdpe_C_Q)         0.419     3.361 f  <hidden>
                         net (fo=2, routed)           1.004     4.365    <hidden>
    SLICE_X46Y58         LUT3 (Prop_lut3_I2_O)        0.299     4.664 f  <hidden>
                         net (fo=33, routed)          1.866     6.530    <hidden>
    SLICE_X47Y55         FDCE                                         f  <hidden>
  -------------------------------------------------------------------    -------------------

                         (clock clk_fpga_0 rise edge)
                                                     10.000    10.000 r  
    PS7_X0Y0             PS7                          0.000    10.000 r  cnn_system_i/ps7/inst/PS7_i/FCLKCLK[0]
                         net (fo=1, routed)           1.088    11.088    cnn_system_i/ps7/inst/FCLK_CLK_unbuffered[0]
    BUFGCTRL_X0Y16       BUFG (Prop_bufg_I_O)         0.091    11.179 r  cnn_system_i/ps7/inst/buffer_fclk_clk_0.FCLK_CLK_0_BUFG/O
                         net (fo=14852, routed)       1.478    12.657    <hidden>
    SLICE_X47Y55         FDCE                                         r  <hidden>
                         clock pessimism              0.229    12.886    
                         clock uncertainty           -0.154    12.732    
    SLICE_X47Y55         FDCE (Recov_fdce_C_CLR)     -0.405    12.327    <hidden>
  -------------------------------------------------------------------
                         required time                         12.327    
                         arrival time                          -6.530    
  -------------------------------------------------------------------
                         slack                                  5.796    

Slack (MET) :             5.842ns  (required time - arrival time)
  Source:                 <hidden>
                            (rising edge-triggered cell FDPE clocked by clk_fpga_0  {rise@0.000ns fall@5.000ns period=10.000ns})
  Destination:            <hidden>
                            (recovery check against rising-edge clock clk_fpga_0  {rise@0.000ns fall@5.000ns period=10.000ns})
  Path Group:             **async_default**
  Path Type:              Recovery (Max at Slow Process Corner)
  Requirement:            10.000ns  (clk_fpga_0 rise@10.000ns - clk_fpga_0 rise@0.000ns)
  Data Path Delay:        3.588ns  (logic 0.718ns (20.009%)  route 2.870ns (79.991%))
  Logic Levels:           1  (LUT3=1)
  Clock Path Skew:        -0.056ns (DCD - SCD + CPR)
    Destination Clock Delay (DCD):    2.657ns = ( 12.657 - 10.000 ) 
    Source Clock Delay      (SCD):    2.942ns
    Clock Pessimism Removal (CPR):    0.229ns
  Clock Uncertainty:      0.154ns  ((TSJ^2 + TIJ^2)^1/2 + DJ) / 2 + PE
    Total System Jitter     (TSJ):    0.071ns
    Total Input Jitter      (TIJ):    0.300ns
    Discrete Jitter          (DJ):    0.000ns
    Phase Error              (PE):    0.000ns

    Location             Delay type                Incr(ns)  Path(ns)    Netlist Resource(s)
  -------------------------------------------------------------------    -------------------
                         (clock clk_fpga_0 rise edge)
                                                      0.000     0.000 r  
    PS7_X0Y0             PS7                          0.000     0.000 r  cnn_system_i/ps7/inst/PS7_i/FCLKCLK[0]
                         net (fo=1, routed)           1.193     1.193    cnn_system_i/ps7/inst/FCLK_CLK_unbuffered[0]
    BUFGCTRL_X0Y16       BUFG (Prop_bufg_I_O)         0.101     1.294 r  cnn_system_i/ps7/inst/buffer_fclk_clk_0.FCLK_CLK_0_BUFG/O
                         net (fo=14852, routed)       1.648     2.942    <hidden>
    SLICE_X43Y61         FDPE                                         r  <hidden>
  -------------------------------------------------------------------    -------------------
    SLICE_X43Y61         FDPE (Prop_fdpe_C_Q)         0.419     3.361 f  <hidden>
                         net (fo=2, routed)           1.004     4.365    <hidden>
    SLICE_X46Y58         LUT3 (Prop_lut3_I2_O)        0.299     4.664 f  <hidden>
                         net (fo=33, routed)          1.866     6.530    <hidden>
    SLICE_X47Y55         FDPE                                         f  <hidden>
  -------------------------------------------------------------------    -------------------

                         (clock clk_fpga_0 rise edge)
                                                     10.000    10.000 r  
    PS7_X0Y0             PS7                          0.000    10.000 r  cnn_system_i/ps7/inst/PS7_i/FCLKCLK[0]
                         net (fo=1, routed)           1.088    11.088    cnn_system_i/ps7/inst/FCLK_CLK_unbuffered[0]
    BUFGCTRL_X0Y16       BUFG (Prop_bufg_I_O)         0.091    11.179 r  cnn_system_i/ps7/inst/buffer_fclk_clk_0.FCLK_CLK_0_BUFG/O
                         net (fo=14852, routed)       1.478    12.657    <hidden>
    SLICE_X47Y55         FDPE                                         r  <hidden>
                         clock pessimism              0.229    12.886    
                         clock uncertainty           -0.154    12.732    
    SLICE_X47Y55         FDPE (Recov_fdpe_C_PRE)     -0.359    12.373    <hidden>
  -------------------------------------------------------------------
                         required time                         12.373    
                         arrival time                          -6.530    
  -------------------------------------------------------------------
                         slack                                  5.842    

Slack (MET) :             6.385ns  (required time - arrival time)
  Source:                 <hidden>
                            (rising edge-triggered cell FDPE clocked by clk_fpga_0  {rise@0.000ns fall@5.000ns period=10.000ns})
  Destination:            <hidden>
                            (recovery check against rising-edge clock clk_fpga_0  {rise@0.000ns fall@5.000ns period=10.000ns})
  Path Group:             **async_default**
  Path Type:              Recovery (Max at Slow Process Corner)
  Requirement:            10.000ns  (clk_fpga_0 rise@10.000ns - clk_fpga_0 rise@0.000ns)
  Data Path Delay:        3.036ns  (logic 0.718ns (23.647%)  route 2.318ns (76.353%))
  Logic Levels:           1  (LUT3=1)
  Clock Path Skew:        -0.020ns (DCD - SCD + CPR)
    Destination Clock Delay (DCD):    2.654ns = ( 12.654 - 10.000 ) 
    Source Clock Delay      (SCD):    2.937ns
    Clock Pessimism Removal (CPR):    0.263ns
  Clock Uncertainty:      0.154ns  ((TSJ^2 + TIJ^2)^1/2 + DJ) / 2 + PE
    Total System Jitter     (TSJ):    0.071ns
    Total Input Jitter      (TIJ):    0.300ns
    Discrete Jitter          (DJ):    0.000ns
    Phase Error              (PE):    0.000ns

    Location             Delay type                Incr(ns)  Path(ns)    Netlist Resource(s)
  -------------------------------------------------------------------    -------------------
                         (clock clk_fpga_0 rise edge)
                                                      0.000     0.000 r  
    PS7_X0Y0             PS7                          0.000     0.000 r  cnn_system_i/ps7/inst/PS7_i/FCLKCLK[0]
                         net (fo=1, routed)           1.193     1.193    cnn_system_i/ps7/inst/FCLK_CLK_unbuffered[0]
    BUFGCTRL_X0Y16       BUFG (Prop_bufg_I_O)         0.101     1.294 r  cnn_system_i/ps7/inst/buffer_fclk_clk_0.FCLK_CLK_0_BUFG/O
                         net (fo=14852, routed)       1.643     2.937    <hidden>
    SLICE_X48Y65         FDPE                                         r  <hidden>
  -------------------------------------------------------------------    -------------------
    SLICE_X48Y65         FDPE (Prop_fdpe_C_Q)         0.419     3.356 f  <hidden>
                         net (fo=3, routed)           1.266     4.622    <hidden>
    SLICE_X48Y62         LUT3 (Prop_lut3_I2_O)        0.299     4.921 f  <hidden>
                         net (fo=32, routed)          1.052     5.973    <hidden>
    SLICE_X48Y59         FDCE                                         f  <hidden>
  -------------------------------------------------------------------    -------------------

                         (clock clk_fpga_0 rise edge)
                                                     10.000    10.000 r  
    PS7_X0Y0             PS7                          0.000    10.000 r  cnn_system_i/ps7/inst/PS7_i/FCLKCLK[0]
                         net (fo=1, routed)           1.088    11.088    cnn_system_i/ps7/inst/FCLK_CLK_unbuffered[0]
    BUFGCTRL_X0Y16       BUFG (Prop_bufg_I_O)         0.091    11.179 r  cnn_system_i/ps7/inst/buffer_fclk_clk_0.FCLK_CLK_0_BUFG/O
                         net (fo=14852, routed)       1.475    12.654    <hidden>
    SLICE_X48Y59         FDCE                                         r  <hidden>
                         clock pessimism              0.263    12.917    
                         clock uncertainty           -0.154    12.763    
    SLICE_X48Y59         FDCE (Recov_fdce_C_CLR)     -0.405    12.358    <hidden>
  -------------------------------------------------------------------
                         required time                         12.358    
                         arrival time                          -5.973    
  -------------------------------------------------------------------
                         slack                                  6.385    

Slack (MET) :             6.385ns  (required time - arrival time)
  Source:                 <hidden>
                            (rising edge-triggered cell FDPE clocked by clk_fpga_0  {rise@0.000ns fall@5.000ns period=10.000ns})
  Destination:            <hidden>
                            (recovery check against rising-edge clock clk_fpga_0  {rise@0.000ns fall@5.000ns period=10.000ns})
  Path Group:             **async_default**
  Path Type:              Recovery (Max at Slow Process Corner)
  Requirement:            10.000ns  (clk_fpga_0 rise@10.000ns - clk_fpga_0 rise@0.000ns)
  Data Path Delay:        3.036ns  (logic 0.718ns (23.647%)  route 2.318ns (76.353%))
  Logic Levels:           1  (LUT3=1)
  Clock Path Skew:        -0.020ns (DCD - SCD + CPR)
    Destination Clock Delay (DCD):    2.654ns = ( 12.654 - 10.000 ) 
    Source Clock Delay      (SCD):    2.937ns
    Clock Pessimism Removal (CPR):    0.263ns
  Clock Uncertainty:      0.154ns  ((TSJ^2 + TIJ^2)^1/2 + DJ) / 2 + PE
    Total System Jitter     (TSJ):    0.071ns
    Total Input Jitter      (TIJ):    0.300ns
    Discrete Jitter          (DJ):    0.000ns
    Phase Error              (PE):    0.000ns

    Location             Delay type                Incr(ns)  Path(ns)    Netlist Resource(s)
  -------------------------------------------------------------------    -------------------
                         (clock clk_fpga_0 rise edge)
                                                      0.000     0.000 r  
    PS7_X0Y0             PS7                          0.000     0.000 r  cnn_system_i/ps7/inst/PS7_i/FCLKCLK[0]
                         net (fo=1, routed)           1.193     1.193    cnn_system_i/ps7/inst/FCLK_CLK_unbuffered[0]
    BUFGCTRL_X0Y16       BUFG (Prop_bufg_I_O)         0.101     1.294 r  cnn_system_i/ps7/inst/buffer_fclk_clk_0.FCLK_CLK_0_BUFG/O
                         net (fo=14852, routed)       1.643     2.937    <hidden>
    SLICE_X48Y65         FDPE                                         r  <hidden>
  -------------------------------------------------------------------    -------------------
    SLICE_X48Y65         FDPE (Prop_fdpe_C_Q)         0.419     3.356 f  <hidden>
                         net (fo=3, routed)           1.266     4.622    <hidden>
    SLICE_X48Y62         LUT3 (Prop_lut3_I2_O)        0.299     4.921 f  <hidden>
                         net (fo=32, routed)          1.052     5.973    <hidden>
    SLICE_X48Y59         FDCE                                         f  <hidden>
  -------------------------------------------------------------------    -------------------

                         (clock clk_fpga_0 rise edge)
                                                     10.000    10.000 r  
    PS7_X0Y0             PS7                          0.000    10.000 r  cnn_system_i/ps7/inst/PS7_i/FCLKCLK[0]
                         net (fo=1, routed)           1.088    11.088    cnn_system_i/ps7/inst/FCLK_CLK_unbuffered[0]
    BUFGCTRL_X0Y16       BUFG (Prop_bufg_I_O)         0.091    11.179 r  cnn_system_i/ps7/inst/buffer_fclk_clk_0.FCLK_CLK_0_BUFG/O
                         net (fo=14852, routed)       1.475    12.654    <hidden>
    SLICE_X48Y59         FDCE                                         r  <hidden>
                         clock pessimism              0.263    12.917    
                         clock uncertainty           -0.154    12.763    
    SLICE_X48Y59         FDCE (Recov_fdce_C_CLR)     -0.405    12.358    <hidden>
  -------------------------------------------------------------------
                         required time                         12.358    
                         arrival time                          -5.973    
  -------------------------------------------------------------------
                         slack                                  6.385    

Slack (MET) :             6.404ns  (required time - arrival time)
  Source:                 <hidden>
                            (rising edge-triggered cell FDPE clocked by clk_fpga_0  {rise@0.000ns fall@5.000ns period=10.000ns})
  Destination:            <hidden>
                            (recovery check against rising-edge clock clk_fpga_0  {rise@0.000ns fall@5.000ns period=10.000ns})
  Path Group:             **async_default**
  Path Type:              Recovery (Max at Slow Process Corner)
  Requirement:            10.000ns  (clk_fpga_0 rise@10.000ns - clk_fpga_0 rise@0.000ns)
  Data Path Delay:        3.025ns  (logic 0.718ns (23.732%)  route 2.307ns (76.268%))
  Logic Levels:           1  (LUT3=1)
  Clock Path Skew:        -0.057ns (DCD - SCD + CPR)
    Destination Clock Delay (DCD):    2.656ns = ( 12.656 - 10.000 ) 
    Source Clock Delay      (SCD):    2.942ns
    Clock Pessimism Removal (CPR):    0.229ns
  Clock Uncertainty:      0.154ns  ((TSJ^2 + TIJ^2)^1/2 + DJ) / 2 + PE
    Total System Jitter     (TSJ):    0.071ns
    Total Input Jitter      (TIJ):    0.300ns
    Discrete Jitter          (DJ):    0.000ns
    Phase Error              (PE):    0.000ns

    Location             Delay type                Incr(ns)  Path(ns)    Netlist Resource(s)
  -------------------------------------------------------------------    -------------------
                         (clock clk_fpga_0 rise edge)
                                                      0.000     0.000 r  
    PS7_X0Y0             PS7                          0.000     0.000 r  cnn_system_i/ps7/inst/PS7_i/FCLKCLK[0]
                         net (fo=1, routed)           1.193     1.193    cnn_system_i/ps7/inst/FCLK_CLK_unbuffered[0]
    BUFGCTRL_X0Y16       BUFG (Prop_bufg_I_O)         0.101     1.294 r  cnn_system_i/ps7/inst/buffer_fclk_clk_0.FCLK_CLK_0_BUFG/O
                         net (fo=14852, routed)       1.648     2.942    <hidden>
    SLICE_X43Y61         FDPE                                         r  <hidden>
  -------------------------------------------------------------------    -------------------
    SLICE_X43Y61         FDPE (Prop_fdpe_C_Q)         0.419     3.361 f  <hidden>
                         net (fo=2, routed)           1.004     4.365    <hidden>
    SLICE_X46Y58         LUT3 (Prop_lut3_I2_O)        0.299     4.664 f  <hidden>
                         net (fo=33, routed)          1.303     5.967    <hidden>
    SLICE_X45Y57         FDPE                                         f  <hidden>
  -------------------------------------------------------------------    -------------------

                         (clock clk_fpga_0 rise edge)
                                                     10.000    10.000 r  
    PS7_X0Y0             PS7                          0.000    10.000 r  cnn_system_i/ps7/inst/PS7_i/FCLKCLK[0]
                         net (fo=1, routed)           1.088    11.088    cnn_system_i/ps7/inst/FCLK_CLK_unbuffered[0]
    BUFGCTRL_X0Y16       BUFG (Prop_bufg_I_O)         0.091    11.179 r  cnn_system_i/ps7/inst/buffer_fclk_clk_0.FCLK_CLK_0_BUFG/O
                         net (fo=14852, routed)       1.477    12.656    <hidden>
    SLICE_X45Y57         FDPE                                         r  <hidden>
                         clock pessimism              0.229    12.885    
                         clock uncertainty           -0.154    12.731    
    SLICE_X45Y57         FDPE (Recov_fdpe_C_PRE)     -0.359    12.372    <hidden>
  -------------------------------------------------------------------
                         required time                         12.372    
                         arrival time                          -5.967    
  -------------------------------------------------------------------
                         slack                                  6.404    

Slack (MET) :             6.507ns  (required time - arrival time)
  Source:                 <hidden>
                            (rising edge-triggered cell FDPE clocked by clk_fpga_0  {rise@0.000ns fall@5.000ns period=10.000ns})
  Destination:            <hidden>
                            (recovery check against rising-edge clock clk_fpga_0  {rise@0.000ns fall@5.000ns period=10.000ns})
  Path Group:             **async_default**
  Path Type:              Recovery (Max at Slow Process Corner)
  Requirement:            10.000ns  (clk_fpga_0 rise@10.000ns - clk_fpga_0 rise@0.000ns)
  Data Path Delay:        2.880ns  (logic 0.718ns (24.934%)  route 2.162ns (75.066%))
  Logic Levels:           1  (LUT3=1)
  Clock Path Skew:        -0.054ns (DCD - SCD + CPR)
    Destination Clock Delay (DCD):    2.654ns = ( 12.654 - 10.000 ) 
    Source Clock Delay      (SCD):    2.937ns
    Clock Pessimism Removal (CPR):    0.229ns
  Clock Uncertainty:      0.154ns  ((TSJ^2 + TIJ^2)^1/2 + DJ) / 2 + PE
    Total System Jitter     (TSJ):    0.071ns
    Total Input Jitter      (TIJ):    0.300ns
    Discrete Jitter          (DJ):    0.000ns
    Phase Error              (PE):    0.000ns

    Location             Delay type                Incr(ns)  Path(ns)    Netlist Resource(s)
  -------------------------------------------------------------------    -------------------
                         (clock clk_fpga_0 rise edge)
                                                      0.000     0.000 r  
    PS7_X0Y0             PS7                          0.000     0.000 r  cnn_system_i/ps7/inst/PS7_i/FCLKCLK[0]
                         net (fo=1, routed)           1.193     1.193    cnn_system_i/ps7/inst/FCLK_CLK_unbuffered[0]
    BUFGCTRL_X0Y16       BUFG (Prop_bufg_I_O)         0.101     1.294 r  cnn_system_i/ps7/inst/buffer_fclk_clk_0.FCLK_CLK_0_BUFG/O
                         net (fo=14852, routed)       1.643     2.937    <hidden>
    SLICE_X48Y65         FDPE                                         r  <hidden>
  -------------------------------------------------------------------    -------------------
    SLICE_X48Y65         FDPE (Prop_fdpe_C_Q)         0.419     3.356 f  <hidden>
                         net (fo=3, routed)           1.266     4.622    <hidden>
    SLICE_X48Y62         LUT3 (Prop_lut3_I2_O)        0.299     4.921 f  <hidden>
                         net (fo=32, routed)          0.895     5.817    <hidden>
    SLICE_X47Y61         FDCE                                         f  <hidden>
  -------------------------------------------------------------------    -------------------

                         (clock clk_fpga_0 rise edge)
                                                     10.000    10.000 r  
    PS7_X0Y0             PS7                          0.000    10.000 r  cnn_system_i/ps7/inst/PS7_i/FCLKCLK[0]
                         net (fo=1, routed)           1.088    11.088    cnn_system_i/ps7/inst/FCLK_CLK_unbuffered[0]
    BUFGCTRL_X0Y16       BUFG (Prop_bufg_I_O)         0.091    11.179 r  cnn_system_i/ps7/inst/buffer_fclk_clk_0.FCLK_CLK_0_BUFG/O
                         net (fo=14852, routed)       1.475    12.654    <hidden>
    SLICE_X47Y61         FDCE                                         r  <hidden>
                         clock pessimism              0.229    12.883    
                         clock uncertainty           -0.154    12.729    
    SLICE_X47Y61         FDCE (Recov_fdce_C_CLR)     -0.405    12.324    <hidden>
  -------------------------------------------------------------------
                         required time                         12.324    
                         arrival time                          -5.817    
  -------------------------------------------------------------------
                         slack                                  6.507    

Slack (MET) :             6.507ns  (required time - arrival time)
  Source:                 <hidden>
                            (rising edge-triggered cell FDPE clocked by clk_fpga_0  {rise@0.000ns fall@5.000ns period=10.000ns})
  Destination:            <hidden>
                            (recovery check against rising-edge clock clk_fpga_0  {rise@0.000ns fall@5.000ns period=10.000ns})
  Path Group:             **async_default**
  Path Type:              Recovery (Max at Slow Process Corner)
  Requirement:            10.000ns  (clk_fpga_0 rise@10.000ns - clk_fpga_0 rise@0.000ns)
  Data Path Delay:        2.880ns  (logic 0.718ns (24.934%)  route 2.162ns (75.066%))
  Logic Levels:           1  (LUT3=1)
  Clock Path Skew:        -0.054ns (DCD - SCD + CPR)
    Destination Clock Delay (DCD):    2.654ns = ( 12.654 - 10.000 ) 
    Source Clock Delay      (SCD):    2.937ns
    Clock Pessimism Removal (CPR):    0.229ns
  Clock Uncertainty:      0.154ns  ((TSJ^2 + TIJ^2)^1/2 + DJ) / 2 + PE
    Total System Jitter     (TSJ):    0.071ns
    Total Input Jitter      (TIJ):    0.300ns
    Discrete Jitter          (DJ):    0.000ns
    Phase Error              (PE):    0.000ns

    Location             Delay type                Incr(ns)  Path(ns)    Netlist Resource(s)
  -------------------------------------------------------------------    -------------------
                         (clock clk_fpga_0 rise edge)
                                                      0.000     0.000 r  
    PS7_X0Y0             PS7                          0.000     0.000 r  cnn_system_i/ps7/inst/PS7_i/FCLKCLK[0]
                         net (fo=1, routed)           1.193     1.193    cnn_system_i/ps7/inst/FCLK_CLK_unbuffered[0]
    BUFGCTRL_X0Y16       BUFG (Prop_bufg_I_O)         0.101     1.294 r  cnn_system_i/ps7/inst/buffer_fclk_clk_0.FCLK_CLK_0_BUFG/O
                         net (fo=14852, routed)       1.643     2.937    <hidden>
    SLICE_X48Y65         FDPE                                         r  <hidden>
  -------------------------------------------------------------------    -------------------
    SLICE_X48Y65         FDPE (Prop_fdpe_C_Q)         0.419     3.356 f  <hidden>
                         net (fo=3, routed)           1.266     4.622    <hidden>
    SLICE_X48Y62         LUT3 (Prop_lut3_I2_O)        0.299     4.921 f  <hidden>
                         net (fo=32, routed)          0.895     5.817    <hidden>
    SLICE_X47Y61         FDCE                                         f  <hidden>
  -------------------------------------------------------------------    -------------------

                         (clock clk_fpga_0 rise edge)
                                                     10.000    10.000 r  
    PS7_X0Y0             PS7                          0.000    10.000 r  cnn_system_i/ps7/inst/PS7_i/FCLKCLK[0]
                         net (fo=1, routed)           1.088    11.088    cnn_system_i/ps7/inst/FCLK_CLK_unbuffered[0]
    BUFGCTRL_X0Y16       BUFG (Prop_bufg_I_O)         0.091    11.179 r  cnn_system_i/ps7/inst/buffer_fclk_clk_0.FCLK_CLK_0_BUFG/O
                         net (fo=14852, routed)       1.475    12.654    <hidden>
    SLICE_X47Y61         FDCE                                         r  <hidden>
                         clock pessimism              0.229    12.883    
                         clock uncertainty           -0.154    12.729    
    SLICE_X47Y61         FDCE (Recov_fdce_C_CLR)     -0.405    12.324    <hidden>
  -------------------------------------------------------------------
                         required time                         12.324    
                         arrival time                          -5.817    
  -------------------------------------------------------------------
                         slack                                  6.507    





Min Delay Paths
--------------------------------------------------------------------------------------
Slack (MET) :             0.573ns  (arrival time - required time)
  Source:                 <hidden>
                            (rising edge-triggered cell FDRE clocked by clk_fpga_0  {rise@0.000ns fall@5.000ns period=10.000ns})
  Destination:            <hidden>
                            (removal check against rising-edge clock clk_fpga_0  {rise@0.000ns fall@5.000ns period=10.000ns})
  Path Group:             **async_default**
  Path Type:              Removal (Min at Fast Process Corner)
  Requirement:            0.000ns  (clk_fpga_0 rise@0.000ns - clk_fpga_0 rise@0.000ns)
  Data Path Delay:        0.494ns  (logic 0.186ns (37.637%)  route 0.308ns (62.363%))
  Logic Levels:           1  (LUT3=1)
  Clock Path Skew:        0.016ns (DCD - SCD - CPR)
    Destination Clock Delay (DCD):    1.186ns
    Source Clock Delay      (SCD):    0.887ns
    Clock Pessimism Removal (CPR):    0.283ns

    Location             Delay type                Incr(ns)  Path(ns)    Netlist Resource(s)
  -------------------------------------------------------------------    -------------------
                         (clock clk_fpga_0 rise edge)
                                                      0.000     0.000 r  
    PS7_X0Y0             PS7                          0.000     0.000 r  cnn_system_i/ps7/inst/PS7_i/FCLKCLK[0]
                         net (fo=1, routed)           0.310     0.310    cnn_system_i/ps7/inst/FCLK_CLK_unbuffered[0]
    BUFGCTRL_X0Y16       BUFG (Prop_bufg_I_O)         0.026     0.336 r  cnn_system_i/ps7/inst/buffer_fclk_clk_0.FCLK_CLK_0_BUFG/O
                         net (fo=14852, routed)       0.551     0.887    <hidden>
    SLICE_X48Y63         FDRE                                         r  <hidden>
  -------------------------------------------------------------------    -------------------
    SLICE_X48Y63         FDRE (Prop_fdre_C_Q)         0.141     1.028 f  <hidden>
                         net (fo=2, routed)           0.124     1.152    <hidden>
    SLICE_X48Y62         LUT3 (Prop_lut3_I0_O)        0.045     1.197 f  <hidden>
                         net (fo=32, routed)          0.184     1.381    <hidden>
    SLICE_X48Y62         FDPE                                         f  <hidden>
  -------------------------------------------------------------------    -------------------

                         (clock clk_fpga_0 rise edge)
                                                      0.000     0.000 r  
    PS7_X0Y0             PS7                          0.000     0.000 r  cnn_system_i/ps7/inst/PS7_i/FCLKCLK[0]
                         net (fo=1, routed)           0.337     0.337    cnn_system_i/ps7/inst/FCLK_CLK_unbuffered[0]
    BUFGCTRL_X0Y16       BUFG (Prop_bufg_I_O)         0.029     0.366 r  cnn_system_i/ps7/inst/buffer_fclk_clk_0.FCLK_CLK_0_BUFG/O
                         net (fo=14852, routed)       0.820     1.186    <hidden>
    SLICE_X48Y62         FDPE                                         r  <hidden>
                         clock pessimism             -0.283     0.903    
    SLICE_X48Y62         FDPE (Remov_fdpe_C_PRE)     -0.095     0.808    <hidden>
  -------------------------------------------------------------------
                         required time                         -0.808    
                         arrival time                           1.381    
  -------------------------------------------------------------------
                         slack                                  0.573    

Slack (MET) :             0.573ns  (arrival time - required time)
  Source:                 <hidden>
                            (rising edge-triggered cell FDRE clocked by clk_fpga_0  {rise@0.000ns fall@5.000ns period=10.000ns})
  Destination:            <hidden>
                            (removal check against rising-edge clock clk_fpga_0  {rise@0.000ns fall@5.000ns period=10.000ns})
  Path Group:             **async_default**
  Path Type:              Removal (Min at Fast Process Corner)
  Requirement:            0.000ns  (clk_fpga_0 rise@0.000ns - clk_fpga_0 rise@0.000ns)
  Data Path Delay:        0.494ns  (logic 0.186ns (37.637%)  route 0.308ns (62.363%))
  Logic Levels:           1  (LUT3=1)
  Clock Path Skew:        0.016ns (DCD - SCD - CPR)
    Destination Clock Delay (DCD):    1.186ns
    Source Clock Delay      (SCD):    0.887ns
    Clock Pessimism Removal (CPR):    0.283ns

    Location             Delay type                Incr(ns)  Path(ns)    Netlist Resource(s)
  -------------------------------------------------------------------    -------------------
                         (clock clk_fpga_0 rise edge)
                                                      0.000     0.000 r  
    PS7_X0Y0             PS7                          0.000     0.000 r  cnn_system_i/ps7/inst/PS7_i/FCLKCLK[0]
                         net (fo=1, routed)           0.310     0.310    cnn_system_i/ps7/inst/FCLK_CLK_unbuffered[0]
    BUFGCTRL_X0Y16       BUFG (Prop_bufg_I_O)         0.026     0.336 r  cnn_system_i/ps7/inst/buffer_fclk_clk_0.FCLK_CLK_0_BUFG/O
                         net (fo=14852, routed)       0.551     0.887    <hidden>
    SLICE_X48Y63         FDRE                                         r  <hidden>
  -------------------------------------------------------------------    -------------------
    SLICE_X48Y63         FDRE (Prop_fdre_C_Q)         0.141     1.028 f  <hidden>
                         net (fo=2, routed)           0.124     1.152    <hidden>
    SLICE_X48Y62         LUT3 (Prop_lut3_I0_O)        0.045     1.197 f  <hidden>
                         net (fo=32, routed)          0.184     1.381    <hidden>
    SLICE_X48Y62         FDPE                                         f  <hidden>
  -------------------------------------------------------------------    -------------------

                         (clock clk_fpga_0 rise edge)
                                                      0.000     0.000 r  
    PS7_X0Y0             PS7                          0.000     0.000 r  cnn_system_i/ps7/inst/PS7_i/FCLKCLK[0]
                         net (fo=1, routed)           0.337     0.337    cnn_system_i/ps7/inst/FCLK_CLK_unbuffered[0]
    BUFGCTRL_X0Y16       BUFG (Prop_bufg_I_O)         0.029     0.366 r  cnn_system_i/ps7/inst/buffer_fclk_clk_0.FCLK_CLK_0_BUFG/O
                         net (fo=14852, routed)       0.820     1.186    <hidden>
    SLICE_X48Y62         FDPE                                         r  <hidden>
                         clock pessimism             -0.283     0.903    
    SLICE_X48Y62         FDPE (Remov_fdpe_C_PRE)     -0.095     0.808    <hidden>
  -------------------------------------------------------------------
                         required time                         -0.808    
                         arrival time                           1.381    
  -------------------------------------------------------------------
                         slack                                  0.573    

Slack (MET) :             0.573ns  (arrival time - required time)
  Source:                 <hidden>
                            (rising edge-triggered cell FDRE clocked by clk_fpga_0  {rise@0.000ns fall@5.000ns period=10.000ns})
  Destination:            <hidden>
                            (removal check against rising-edge clock clk_fpga_0  {rise@0.000ns fall@5.000ns period=10.000ns})
  Path Group:             **async_default**
  Path Type:              Removal (Min at Fast Process Corner)
  Requirement:            0.000ns  (clk_fpga_0 rise@0.000ns - clk_fpga_0 rise@0.000ns)
  Data Path Delay:        0.494ns  (logic 0.186ns (37.637%)  route 0.308ns (62.363%))
  Logic Levels:           1  (LUT3=1)
  Clock Path Skew:        0.016ns (DCD - SCD - CPR)
    Destination Clock Delay (DCD):    1.186ns
    Source Clock Delay      (SCD):    0.887ns
    Clock Pessimism Removal (CPR):    0.283ns

    Location             Delay type                Incr(ns)  Path(ns)    Netlist Resource(s)
  -------------------------------------------------------------------    -------------------
                         (clock clk_fpga_0 rise edge)
                                                      0.000     0.000 r  
    PS7_X0Y0             PS7                          0.000     0.000 r  cnn_system_i/ps7/inst/PS7_i/FCLKCLK[0]
                         net (fo=1, routed)           0.310     0.310    cnn_system_i/ps7/inst/FCLK_CLK_unbuffered[0]
    BUFGCTRL_X0Y16       BUFG (Prop_bufg_I_O)         0.026     0.336 r  cnn_system_i/ps7/inst/buffer_fclk_clk_0.FCLK_CLK_0_BUFG/O
                         net (fo=14852, routed)       0.551     0.887    <hidden>
    SLICE_X48Y63         FDRE                                         r  <hidden>
  -------------------------------------------------------------------    -------------------
    SLICE_X48Y63         FDRE (Prop_fdre_C_Q)         0.141     1.028 f  <hidden>
                         net (fo=2, routed)           0.124     1.152    <hidden>
    SLICE_X48Y62         LUT3 (Prop_lut3_I0_O)        0.045     1.197 f  <hidden>
                         net (fo=32, routed)          0.184     1.381    <hidden>
    SLICE_X48Y62         FDPE                                         f  <hidden>
  -------------------------------------------------------------------    -------------------

                         (clock clk_fpga_0 rise edge)
                                                      0.000     0.000 r  
    PS7_X0Y0             PS7                          0.000     0.000 r  cnn_system_i/ps7/inst/PS7_i/FCLKCLK[0]
                         net (fo=1, routed)           0.337     0.337    cnn_system_i/ps7/inst/FCLK_CLK_unbuffered[0]
    BUFGCTRL_X0Y16       BUFG (Prop_bufg_I_O)         0.029     0.366 r  cnn_system_i/ps7/inst/buffer_fclk_clk_0.FCLK_CLK_0_BUFG/O
                         net (fo=14852, routed)       0.820     1.186    <hidden>
    SLICE_X48Y62         FDPE                                         r  <hidden>
                         clock pessimism             -0.283     0.903    
    SLICE_X48Y62         FDPE (Remov_fdpe_C_PRE)     -0.095     0.808    <hidden>
  -------------------------------------------------------------------
                         required time                         -0.808    
                         arrival time                           1.381    
  -------------------------------------------------------------------
                         slack                                  0.573    

Slack (MET) :             0.594ns  (arrival time - required time)
  Source:                 <hidden>
                            (rising edge-triggered cell FDRE clocked by clk_fpga_0  {rise@0.000ns fall@5.000ns period=10.000ns})
  Destination:            <hidden>
                            (removal check against rising-edge clock clk_fpga_0  {rise@0.000ns fall@5.000ns period=10.000ns})
  Path Group:             **async_default**
  Path Type:              Removal (Min at Fast Process Corner)
  Requirement:            0.000ns  (clk_fpga_0 rise@0.000ns - clk_fpga_0 rise@0.000ns)
  Data Path Delay:        0.515ns  (logic 0.247ns (47.968%)  route 0.268ns (52.032%))
  Logic Levels:           1  (LUT3=1)
  Clock Path Skew:        0.016ns (DCD - SCD - CPR)
    Destination Clock Delay (DCD):    1.189ns
    Source Clock Delay      (SCD):    0.891ns
    Clock Pessimism Removal (CPR):    0.282ns

    Location             Delay type                Incr(ns)  Path(ns)    Netlist Resource(s)
  -------------------------------------------------------------------    -------------------
                         (clock clk_fpga_0 rise edge)
                                                      0.000     0.000 r  
    PS7_X0Y0             PS7                          0.000     0.000 r  cnn_system_i/ps7/inst/PS7_i/FCLKCLK[0]
                         net (fo=1, routed)           0.310     0.310    cnn_system_i/ps7/inst/FCLK_CLK_unbuffered[0]
    BUFGCTRL_X0Y16       BUFG (Prop_bufg_I_O)         0.026     0.336 r  cnn_system_i/ps7/inst/buffer_fclk_clk_0.FCLK_CLK_0_BUFG/O
                         net (fo=14852, routed)       0.555     0.891    <hidden>
    SLICE_X46Y58         FDRE                                         r  <hidden>
  -------------------------------------------------------------------    -------------------
    SLICE_X46Y58         FDRE (Prop_fdre_C_Q)         0.148     1.039 f  <hidden>
                         net (fo=1, routed)           0.093     1.131    <hidden>
    SLICE_X46Y58         LUT3 (Prop_lut3_I0_O)        0.099     1.230 f  <hidden>
                         net (fo=33, routed)          0.175     1.406    <hidden>
    SLICE_X45Y58         FDPE                                         f  <hidden>
  -------------------------------------------------------------------    -------------------

                         (clock clk_fpga_0 rise edge)
                                                      0.000     0.000 r  
    PS7_X0Y0             PS7                          0.000     0.000 r  cnn_system_i/ps7/inst/PS7_i/FCLKCLK[0]
                         net (fo=1, routed)           0.337     0.337    cnn_system_i/ps7/inst/FCLK_CLK_unbuffered[0]
    BUFGCTRL_X0Y16       BUFG (Prop_bufg_I_O)         0.029     0.366 r  cnn_system_i/ps7/inst/buffer_fclk_clk_0.FCLK_CLK_0_BUFG/O
                         net (fo=14852, routed)       0.823     1.189    <hidden>
    SLICE_X45Y58         FDPE                                         r  <hidden>
                         clock pessimism             -0.282     0.907    
    SLICE_X45Y58         FDPE (Remov_fdpe_C_PRE)     -0.095     0.812    <hidden>
  -------------------------------------------------------------------
                         required time                         -0.812    
                         arrival time                           1.406    
  -------------------------------------------------------------------
                         slack                                  0.594    

Slack (MET) :             0.597ns  (arrival time - required time)
  Source:                 <hidden>
                            (rising edge-triggered cell FDPE clocked by clk_fpga_0  {rise@0.000ns fall@5.000ns period=10.000ns})
  Destination:            <hidden>
                            (removal check against rising-edge clock clk_fpga_0  {rise@0.000ns fall@5.000ns period=10.000ns})
  Path Group:             **async_default**
  Path Type:              Removal (Min at Fast Process Corner)
  Requirement:            0.000ns  (clk_fpga_0 rise@0.000ns - clk_fpga_0 rise@0.000ns)
  Data Path Delay:        0.546ns  (logic 0.227ns (41.592%)  route 0.319ns (58.408%))
  Logic Levels:           1  (LUT3=1)
  Clock Path Skew:        0.016ns (DCD - SCD - CPR)
    Destination Clock Delay (DCD):    1.186ns
    Source Clock Delay      (SCD):    0.888ns
    Clock Pessimism Removal (CPR):    0.282ns

    Location             Delay type                Incr(ns)  Path(ns)    Netlist Resource(s)
  -------------------------------------------------------------------    -------------------
                         (clock clk_fpga_0 rise edge)
                                                      0.000     0.000 r  
    PS7_X0Y0             PS7                          0.000     0.000 r  cnn_system_i/ps7/inst/PS7_i/FCLKCLK[0]
                         net (fo=1, routed)           0.310     0.310    cnn_system_i/ps7/inst/FCLK_CLK_unbuffered[0]
    BUFGCTRL_X0Y16       BUFG (Prop_bufg_I_O)         0.026     0.336 r  cnn_system_i/ps7/inst/buffer_fclk_clk_0.FCLK_CLK_0_BUFG/O
                         net (fo=14852, routed)       0.552     0.888    <hidden>
    SLICE_X51Y56         FDPE                                         r  <hidden>
  -------------------------------------------------------------------    -------------------
    SLICE_X51Y56         FDPE (Prop_fdpe_C_Q)         0.128     1.016 f  <hidden>
                         net (fo=3, routed)           0.119     1.134    <hidden>
    SLICE_X51Y55         LUT3 (Prop_lut3_I2_O)        0.099     1.233 f  <hidden>
                         net (fo=32, routed)          0.200     1.433    <hidden>
    SLICE_X50Y53         FDCE                                         f  <hidden>
  -------------------------------------------------------------------    -------------------

                         (clock clk_fpga_0 rise edge)
                                                      0.000     0.000 r  
    PS7_X0Y0             PS7                          0.000     0.000 r  cnn_system_i/ps7/inst/PS7_i/FCLKCLK[0]
                         net (fo=1, routed)           0.337     0.337    cnn_system_i/ps7/inst/FCLK_CLK_unbuffered[0]
    BUFGCTRL_X0Y16       BUFG (Prop_bufg_I_O)         0.029     0.366 r  cnn_system_i/ps7/inst/buffer_fclk_clk_0.FCLK_CLK_0_BUFG/O
                         net (fo=14852, routed)       0.820     1.186    <hidden>
    SLICE_X50Y53         FDCE                                         r  <hidden>
                         clock pessimism             -0.282     0.904    
    SLICE_X50Y53         FDCE (Remov_fdce_C_CLR)     -0.067     0.837    <hidden>
  -------------------------------------------------------------------
                         required time                         -0.837    
                         arrival time                           1.433    
  -------------------------------------------------------------------
                         slack                                  0.597    

Slack (MET) :             0.597ns  (arrival time - required time)
  Source:                 <hidden>
                            (rising edge-triggered cell FDPE clocked by clk_fpga_0  {rise@0.000ns fall@5.000ns period=10.000ns})
  Destination:            <hidden>
                            (removal check against rising-edge clock clk_fpga_0  {rise@0.000ns fall@5.000ns period=10.000ns})
  Path Group:             **async_default**
  Path Type:              Removal (Min at Fast Process Corner)
  Requirement:            0.000ns  (clk_fpga_0 rise@0.000ns - clk_fpga_0 rise@0.000ns)
  Data Path Delay:        0.546ns  (logic 0.227ns (41.592%)  route 0.319ns (58.408%))
  Logic Levels:           1  (LUT3=1)
  Clock Path Skew:        0.016ns (DCD - SCD - CPR)
    Destination Clock Delay (DCD):    1.186ns
    Source Clock Delay      (SCD):    0.888ns
    Clock Pessimism Removal (CPR):    0.282ns

    Location             Delay type                Incr(ns)  Path(ns)    Netlist Resource(s)
  -------------------------------------------------------------------    -------------------
                         (clock clk_fpga_0 rise edge)
                                                      0.000     0.000 r  
    PS7_X0Y0             PS7                          0.000     0.000 r  cnn_system_i/ps7/inst/PS7_i/FCLKCLK[0]
                         net (fo=1, routed)           0.310     0.310    cnn_system_i/ps7/inst/FCLK_CLK_unbuffered[0]
    BUFGCTRL_X0Y16       BUFG (Prop_bufg_I_O)         0.026     0.336 r  cnn_system_i/ps7/inst/buffer_fclk_clk_0.FCLK_CLK_0_BUFG/O
                         net (fo=14852, routed)       0.552     0.888    <hidden>
    SLICE_X51Y56         FDPE                                         r  <hidden>
  -------------------------------------------------------------------    -------------------
    SLICE_X51Y56         FDPE (Prop_fdpe_C_Q)         0.128     1.016 f  <hidden>
                         net (fo=3, routed)           0.119     1.134    <hidden>
    SLICE_X51Y55         LUT3 (Prop_lut3_I2_O)        0.099     1.233 f  <hidden>
                         net (fo=32, routed)          0.200     1.433    <hidden>
    SLICE_X50Y53         FDCE                                         f  <hidden>
  -------------------------------------------------------------------    -------------------

                         (clock clk_fpga_0 rise edge)
                                                      0.000     0.000 r  
    PS7_X0Y0             PS7                          0.000     0.000 r  cnn_system_i/ps7/inst/PS7_i/FCLKCLK[0]
                         net (fo=1, routed)           0.337     0.337    cnn_system_i/ps7/inst/FCLK_CLK_unbuffered[0]
    BUFGCTRL_X0Y16       BUFG (Prop_bufg_I_O)         0.029     0.366 r  cnn_system_i/ps7/inst/buffer_fclk_clk_0.FCLK_CLK_0_BUFG/O
                         net (fo=14852, routed)       0.820     1.186    <hidden>
    SLICE_X50Y53         FDCE                                         r  <hidden>
                         clock pessimism             -0.282     0.904    
    SLICE_X50Y53         FDCE (Remov_fdce_C_CLR)     -0.067     0.837    <hidden>
  -------------------------------------------------------------------
                         required time                         -0.837    
                         arrival time                           1.433    
  -------------------------------------------------------------------
                         slack                                  0.597    

Slack (MET) :             0.597ns  (arrival time - required time)
  Source:                 <hidden>
                            (rising edge-triggered cell FDPE clocked by clk_fpga_0  {rise@0.000ns fall@5.000ns period=10.000ns})
  Destination:            <hidden>
                            (removal check against rising-edge clock clk_fpga_0  {rise@0.000ns fall@5.000ns period=10.000ns})
  Path Group:             **async_default**
  Path Type:              Removal (Min at Fast Process Corner)
  Requirement:            0.000ns  (clk_fpga_0 rise@0.000ns - clk_fpga_0 rise@0.000ns)
  Data Path Delay:        0.546ns  (logic 0.227ns (41.592%)  route 0.319ns (58.408%))
  Logic Levels:           1  (LUT3=1)
  Clock Path Skew:        0.016ns (DCD - SCD - CPR)
    Destination Clock Delay (DCD):    1.186ns
    Source Clock Delay      (SCD):    0.888ns
    Clock Pessimism Removal (CPR):    0.282ns

    Location             Delay type                Incr(ns)  Path(ns)    Netlist Resource(s)
  -------------------------------------------------------------------    -------------------
                         (clock clk_fpga_0 rise edge)
                                                      0.000     0.000 r  
    PS7_X0Y0             PS7                          0.000     0.000 r  cnn_system_i/ps7/inst/PS7_i/FCLKCLK[0]
                         net (fo=1, routed)           0.310     0.310    cnn_system_i/ps7/inst/FCLK_CLK_unbuffered[0]
    BUFGCTRL_X0Y16       BUFG (Prop_bufg_I_O)         0.026     0.336 r  cnn_system_i/ps7/inst/buffer_fclk_clk_0.FCLK_CLK_0_BUFG/O
                         net (fo=14852, routed)       0.552     0.888    <hidden>
    SLICE_X51Y56         FDPE                                         r  <hidden>
  -------------------------------------------------------------------    -------------------
    SLICE_X51Y56         FDPE (Prop_fdpe_C_Q)         0.128     1.016 f  <hidden>
                         net (fo=3, routed)           0.119     1.134    <hidden>
    SLICE_X51Y55         LUT3 (Prop_lut3_I2_O)        0.099     1.233 f  <hidden>
                         net (fo=32, routed)          0.200     1.433    <hidden>
    SLICE_X50Y53         FDCE                                         f  <hidden>
  -------------------------------------------------------------------    -------------------

                         (clock clk_fpga_0 rise edge)
                                                      0.000     0.000 r  
    PS7_X0Y0             PS7                          0.000     0.000 r  cnn_system_i/ps7/inst/PS7_i/FCLKCLK[0]
                         net (fo=1, routed)           0.337     0.337    cnn_system_i/ps7/inst/FCLK_CLK_unbuffered[0]
    BUFGCTRL_X0Y16       BUFG (Prop_bufg_I_O)         0.029     0.366 r  cnn_system_i/ps7/inst/buffer_fclk_clk_0.FCLK_CLK_0_BUFG/O
                         net (fo=14852, routed)       0.820     1.186    <hidden>
    SLICE_X50Y53         FDCE                                         r  <hidden>
                         clock pessimism             -0.282     0.904    
    SLICE_X50Y53         FDCE (Remov_fdce_C_CLR)     -0.067     0.837    <hidden>
  -------------------------------------------------------------------
                         required time                         -0.837    
                         arrival time                           1.433    
  -------------------------------------------------------------------
                         slack                                  0.597    

Slack (MET) :             0.597ns  (arrival time - required time)
  Source:                 <hidden>
                            (rising edge-triggered cell FDPE clocked by clk_fpga_0  {rise@0.000ns fall@5.000ns period=10.000ns})
  Destination:            <hidden>
                            (removal check against rising-edge clock clk_fpga_0  {rise@0.000ns fall@5.000ns period=10.000ns})
  Path Group:             **async_default**
  Path Type:              Removal (Min at Fast Process Corner)
  Requirement:            0.000ns  (clk_fpga_0 rise@0.000ns - clk_fpga_0 rise@0.000ns)
  Data Path Delay:        0.546ns  (logic 0.227ns (41.592%)  route 0.319ns (58.408%))
  Logic Levels:           1  (LUT3=1)
  Clock Path Skew:        0.016ns (DCD - SCD - CPR)
    Destination Clock Delay (DCD):    1.186ns
    Source Clock Delay      (SCD):    0.888ns
    Clock Pessimism Removal (CPR):    0.282ns

    Location             Delay type                Incr(ns)  Path(ns)    Netlist Resource(s)
  -------------------------------------------------------------------    -------------------
                         (clock clk_fpga_0 rise edge)
                                                      0.000     0.000 r  
    PS7_X0Y0             PS7                          0.000     0.000 r  cnn_system_i/ps7/inst/PS7_i/FCLKCLK[0]
                         net (fo=1, routed)           0.310     0.310    cnn_system_i/ps7/inst/FCLK_CLK_unbuffered[0]
    BUFGCTRL_X0Y16       BUFG (Prop_bufg_I_O)         0.026     0.336 r  cnn_system_i/ps7/inst/buffer_fclk_clk_0.FCLK_CLK_0_BUFG/O
                         net (fo=14852, routed)       0.552     0.888    <hidden>
    SLICE_X51Y56         FDPE                                         r  <hidden>
  -------------------------------------------------------------------    -------------------
    SLICE_X51Y56         FDPE (Prop_fdpe_C_Q)         0.128     1.016 f  <hidden>
                         net (fo=3, routed)           0.119     1.134    <hidden>
    SLICE_X51Y55         LUT3 (Prop_lut3_I2_O)        0.099     1.233 f  <hidden>
                         net (fo=32, routed)          0.200     1.433    <hidden>
    SLICE_X50Y53         FDCE                                         f  <hidden>
  -------------------------------------------------------------------    -------------------

                         (clock clk_fpga_0 rise edge)
                                                      0.000     0.000 r  
    PS7_X0Y0             PS7                          0.000     0.000 r  cnn_system_i/ps7/inst/PS7_i/FCLKCLK[0]
                         net (fo=1, routed)           0.337     0.337    cnn_system_i/ps7/inst/FCLK_CLK_unbuffered[0]
    BUFGCTRL_X0Y16       BUFG (Prop_bufg_I_O)         0.029     0.366 r  cnn_system_i/ps7/inst/buffer_fclk_clk_0.FCLK_CLK_0_BUFG/O
                         net (fo=14852, routed)       0.820     1.186    <hidden>
    SLICE_X50Y53         FDCE                                         r  <hidden>
                         clock pessimism             -0.282     0.904    
    SLICE_X50Y53         FDCE (Remov_fdce_C_CLR)     -0.067     0.837    <hidden>
  -------------------------------------------------------------------
                         required time                         -0.837    
                         arrival time                           1.433    
  -------------------------------------------------------------------
                         slack                                  0.597    

Slack (MET) :             0.597ns  (arrival time - required time)
  Source:                 <hidden>
                            (rising edge-triggered cell FDPE clocked by clk_fpga_0  {rise@0.000ns fall@5.000ns period=10.000ns})
  Destination:            <hidden>
                            (removal check against rising-edge clock clk_fpga_0  {rise@0.000ns fall@5.000ns period=10.000ns})
  Path Group:             **async_default**
  Path Type:              Removal (Min at Fast Process Corner)
  Requirement:            0.000ns  (clk_fpga_0 rise@0.000ns - clk_fpga_0 rise@0.000ns)
  Data Path Delay:        0.546ns  (logic 0.227ns (41.592%)  route 0.319ns (58.408%))
  Logic Levels:           1  (LUT3=1)
  Clock Path Skew:        0.016ns (DCD - SCD - CPR)
    Destination Clock Delay (DCD):    1.186ns
    Source Clock Delay      (SCD):    0.888ns
    Clock Pessimism Removal (CPR):    0.282ns

    Location             Delay type                Incr(ns)  Path(ns)    Netlist Resource(s)
  -------------------------------------------------------------------    -------------------
                         (clock clk_fpga_0 rise edge)
                                                      0.000     0.000 r  
    PS7_X0Y0             PS7                          0.000     0.000 r  cnn_system_i/ps7/inst/PS7_i/FCLKCLK[0]
                         net (fo=1, routed)           0.310     0.310    cnn_system_i/ps7/inst/FCLK_CLK_unbuffered[0]
    BUFGCTRL_X0Y16       BUFG (Prop_bufg_I_O)         0.026     0.336 r  cnn_system_i/ps7/inst/buffer_fclk_clk_0.FCLK_CLK_0_BUFG/O
                         net (fo=14852, routed)       0.552     0.888    <hidden>
    SLICE_X51Y56         FDPE                                         r  <hidden>
  -------------------------------------------------------------------    -------------------
    SLICE_X51Y56         FDPE (Prop_fdpe_C_Q)         0.128     1.016 f  <hidden>
                         net (fo=3, routed)           0.119     1.134    <hidden>
    SLICE_X51Y55         LUT3 (Prop_lut3_I2_O)        0.099     1.233 f  <hidden>
                         net (fo=32, routed)          0.200     1.433    <hidden>
    SLICE_X50Y53         FDCE                                         f  <hidden>
  -------------------------------------------------------------------    -------------------

                         (clock clk_fpga_0 rise edge)
                                                      0.000     0.000 r  
    PS7_X0Y0             PS7                          0.000     0.000 r  cnn_system_i/ps7/inst/PS7_i/FCLKCLK[0]
                         net (fo=1, routed)           0.337     0.337    cnn_system_i/ps7/inst/FCLK_CLK_unbuffered[0]
    BUFGCTRL_X0Y16       BUFG (Prop_bufg_I_O)         0.029     0.366 r  cnn_system_i/ps7/inst/buffer_fclk_clk_0.FCLK_CLK_0_BUFG/O
                         net (fo=14852, routed)       0.820     1.186    <hidden>
    SLICE_X50Y53         FDCE                                         r  <hidden>
                         clock pessimism             -0.282     0.904    
    SLICE_X50Y53         FDCE (Remov_fdce_C_CLR)     -0.067     0.837    <hidden>
  -------------------------------------------------------------------
                         required time                         -0.837    
                         arrival time                           1.433    
  -------------------------------------------------------------------
                         slack                                  0.597    

Slack (MET) :             0.601ns  (arrival time - required time)
  Source:                 <hidden>
                            (rising edge-triggered cell FDPE clocked by clk_fpga_0  {rise@0.000ns fall@5.000ns period=10.000ns})
  Destination:            <hidden>
                            (removal check against rising-edge clock clk_fpga_0  {rise@0.000ns fall@5.000ns period=10.000ns})
  Path Group:             **async_default**
  Path Type:              Removal (Min at Fast Process Corner)
  Requirement:            0.000ns  (clk_fpga_0 rise@0.000ns - clk_fpga_0 rise@0.000ns)
  Data Path Delay:        0.546ns  (logic 0.227ns (41.592%)  route 0.319ns (58.408%))
  Logic Levels:           1  (LUT3=1)
  Clock Path Skew:        0.016ns (DCD - SCD - CPR)
    Destination Clock Delay (DCD):    1.186ns
    Source Clock Delay      (SCD):    0.888ns
    Clock Pessimism Removal (CPR):    0.282ns

    Location             Delay type                Incr(ns)  Path(ns)    Netlist Resource(s)
  -------------------------------------------------------------------    -------------------
                         (clock clk_fpga_0 rise edge)
                                                      0.000     0.000 r  
    PS7_X0Y0             PS7                          0.000     0.000 r  cnn_system_i/ps7/inst/PS7_i/FCLKCLK[0]
                         net (fo=1, routed)           0.310     0.310    cnn_system_i/ps7/inst/FCLK_CLK_unbuffered[0]
    BUFGCTRL_X0Y16       BUFG (Prop_bufg_I_O)         0.026     0.336 r  cnn_system_i/ps7/inst/buffer_fclk_clk_0.FCLK_CLK_0_BUFG/O
                         net (fo=14852, routed)       0.552     0.888    <hidden>
    SLICE_X51Y56         FDPE                                         r  <hidden>
  -------------------------------------------------------------------    -------------------
    SLICE_X51Y56         FDPE (Prop_fdpe_C_Q)         0.128     1.016 f  <hidden>
                         net (fo=3, routed)           0.119     1.134    <hidden>
    SLICE_X51Y55         LUT3 (Prop_lut3_I2_O)        0.099     1.233 f  <hidden>
                         net (fo=32, routed)          0.200     1.433    <hidden>
    SLICE_X50Y53         FDPE                                         f  <hidden>
  -------------------------------------------------------------------    -------------------

                         (clock clk_fpga_0 rise edge)
                                                      0.000     0.000 r  
    PS7_X0Y0             PS7                          0.000     0.000 r  cnn_system_i/ps7/inst/PS7_i/FCLKCLK[0]
                         net (fo=1, routed)           0.337     0.337    cnn_system_i/ps7/inst/FCLK_CLK_unbuffered[0]
    BUFGCTRL_X0Y16       BUFG (Prop_bufg_I_O)         0.029     0.366 r  cnn_system_i/ps7/inst/buffer_fclk_clk_0.FCLK_CLK_0_BUFG/O
                         net (fo=14852, routed)       0.820     1.186    <hidden>
    SLICE_X50Y53         FDPE                                         r  <hidden>
                         clock pessimism             -0.282     0.904    
    SLICE_X50Y53         FDPE (Remov_fdpe_C_PRE)     -0.071     0.833    <hidden>
  -------------------------------------------------------------------
                         required time                         -0.833    
                         arrival time                           1.433    
  -------------------------------------------------------------------
                         slack                                  0.601    





--------------------------------------------------------------------------------------
Path Group:  (none)
From Clock:  
  To Clock:  clk_fpga_0

Max Delay             9 Endpoints
Min Delay             9 Endpoints
--------------------------------------------------------------------------------------


Max Delay Paths
--------------------------------------------------------------------------------------
Slack:                    inf
  Source:                 cnn_system_i/ps7/inst/PS7_i/FCLKRESETN[0]
                            (internal pin)
  Destination:            <hidden>
                            (recovery check against rising-edge clock clk_fpga_0  {rise@0.000ns fall@5.000ns period=10.000ns})
  Path Group:             (none)
  Path Type:              Recovery (Max at Slow Process Corner)
  Data Path Delay:        5.571ns  (logic 0.124ns (2.226%)  route 5.447ns (97.774%))
  Logic Levels:           1  (LUT1=1)
  Clock Uncertainty:      0.152ns  ((TSJ^2 + TIJ^2)^1/2 + DJ) / 2 + PE
    Total System Jitter     (TSJ):    0.050ns
    Total Input Jitter      (TIJ):    0.300ns
    Discrete Jitter          (DJ):    0.000ns
    Phase Error              (PE):    0.000ns
  Timing Exception:       False Path

    Location             Delay type                Incr(ns)  Path(ns)    Netlist Resource(s)
  -------------------------------------------------------------------    -------------------
    PS7_X0Y0             PS7                          0.000     0.000 r  cnn_system_i/ps7/inst/PS7_i/FCLKRESETN[0]
                         net (fo=60, routed)          4.633     4.633    cnn_system_i/axi_ic_hp0/s00_couplers/auto_pc/inst/gen_axi4_axi3.axi3_conv_inst/USE_READ.USE_SPLIT_R.read_addr_inst/USE_R_CHANNEL.cmd_queue/inst/aresetn
    SLICE_X37Y42         LUT1 (Prop_lut1_I0_O)        0.124     4.757 f  cnn_system_i/axi_ic_hp0/s00_couplers/auto_pc/inst/gen_axi4_axi3.axi3_conv_inst/USE_READ.USE_SPLIT_R.read_addr_inst/USE_R_CHANNEL.cmd_queue/inst/S_AXI_AREADY_I_i_1/O
                         net (fo=52, routed)          0.813     5.571    <hidden>
    SLICE_X39Y45         FDPE                                         f  <hidden>
  -------------------------------------------------------------------    -------------------

                         (clock clk_fpga_0 rise edge)
                                                      0.000     0.000 r  
    PS7_X0Y0             PS7                          0.000     0.000 r  cnn_system_i/ps7/inst/PS7_i/FCLKCLK[0]
                         net (fo=1, routed)           1.088     1.088    cnn_system_i/ps7/inst/FCLK_CLK_unbuffered[0]
    BUFGCTRL_X0Y16       BUFG (Prop_bufg_I_O)         0.091     1.179 r  cnn_system_i/ps7/inst/buffer_fclk_clk_0.FCLK_CLK_0_BUFG/O
                         net (fo=14852, routed)       1.495     2.674    <hidden>
    SLICE_X39Y45         FDPE                                         r  <hidden>

Slack:                    inf
  Source:                 cnn_system_i/ps7/inst/PS7_i/FCLKRESETN[0]
                            (internal pin)
  Destination:            <hidden>
                            (recovery check against rising-edge clock clk_fpga_0  {rise@0.000ns fall@5.000ns period=10.000ns})
  Path Group:             (none)
  Path Type:              Recovery (Max at Slow Process Corner)
  Data Path Delay:        5.571ns  (logic 0.124ns (2.226%)  route 5.447ns (97.774%))
  Logic Levels:           1  (LUT1=1)
  Clock Uncertainty:      0.152ns  ((TSJ^2 + TIJ^2)^1/2 + DJ) / 2 + PE
    Total System Jitter     (TSJ):    0.050ns
    Total Input Jitter      (TIJ):    0.300ns
    Discrete Jitter          (DJ):    0.000ns
    Phase Error              (PE):    0.000ns
  Timing Exception:       False Path

    Location             Delay type                Incr(ns)  Path(ns)    Netlist Resource(s)
  -------------------------------------------------------------------    -------------------
    PS7_X0Y0             PS7                          0.000     0.000 r  cnn_system_i/ps7/inst/PS7_i/FCLKRESETN[0]
                         net (fo=60, routed)          4.633     4.633    cnn_system_i/axi_ic_hp0/s00_couplers/auto_pc/inst/gen_axi4_axi3.axi3_conv_inst/USE_READ.USE_SPLIT_R.read_addr_inst/USE_R_CHANNEL.cmd_queue/inst/aresetn
    SLICE_X37Y42         LUT1 (Prop_lut1_I0_O)        0.124     4.757 f  cnn_system_i/axi_ic_hp0/s00_couplers/auto_pc/inst/gen_axi4_axi3.axi3_conv_inst/USE_READ.USE_SPLIT_R.read_addr_inst/USE_R_CHANNEL.cmd_queue/inst/S_AXI_AREADY_I_i_1/O
                         net (fo=52, routed)          0.813     5.571    <hidden>
    SLICE_X39Y45         FDPE                                         f  <hidden>
  -------------------------------------------------------------------    -------------------

                         (clock clk_fpga_0 rise edge)
                                                      0.000     0.000 r  
    PS7_X0Y0             PS7                          0.000     0.000 r  cnn_system_i/ps7/inst/PS7_i/FCLKCLK[0]
                         net (fo=1, routed)           1.088     1.088    cnn_system_i/ps7/inst/FCLK_CLK_unbuffered[0]
    BUFGCTRL_X0Y16       BUFG (Prop_bufg_I_O)         0.091     1.179 r  cnn_system_i/ps7/inst/buffer_fclk_clk_0.FCLK_CLK_0_BUFG/O
                         net (fo=14852, routed)       1.495     2.674    <hidden>
    SLICE_X39Y45         FDPE                                         r  <hidden>

Slack:                    inf
  Source:                 cnn_system_i/ps7/inst/PS7_i/FCLKRESETN[0]
                            (internal pin)
  Destination:            <hidden>
                            (recovery check against rising-edge clock clk_fpga_0  {rise@0.000ns fall@5.000ns period=10.000ns})
  Path Group:             (none)
  Path Type:              Recovery (Max at Slow Process Corner)
  Data Path Delay:        4.843ns  (logic 0.124ns (2.561%)  route 4.719ns (97.439%))
  Logic Levels:           1  (LUT1=1)
  Clock Uncertainty:      0.152ns  ((TSJ^2 + TIJ^2)^1/2 + DJ) / 2 + PE
    Total System Jitter     (TSJ):    0.050ns
    Total Input Jitter      (TIJ):    0.300ns
    Discrete Jitter          (DJ):    0.000ns
    Phase Error              (PE):    0.000ns
  Timing Exception:       False Path

    Location             Delay type                Incr(ns)  Path(ns)    Netlist Resource(s)
  -------------------------------------------------------------------    -------------------
    PS7_X0Y0             PS7                          0.000     0.000 r  cnn_system_i/ps7/inst/PS7_i/FCLKRESETN[0]
                         net (fo=60, routed)          3.396     3.396    cnn_system_i/axi_ic_hp1/s01_couplers/auto_pc/inst/gen_axi4_axi3.axi3_conv_inst/USE_WRITE.write_addr_inst/USE_BURSTS.cmd_queue/inst/aresetn
    SLICE_X47Y60         LUT1 (Prop_lut1_I0_O)        0.124     3.520 f  cnn_system_i/axi_ic_hp1/s01_couplers/auto_pc/inst/gen_axi4_axi3.axi3_conv_inst/USE_WRITE.write_addr_inst/USE_BURSTS.cmd_queue/inst/S_AXI_AREADY_I_i_1/O
                         net (fo=115, routed)         1.322     4.843    <hidden>
    SLICE_X48Y65         FDPE                                         f  <hidden>
  -------------------------------------------------------------------    -------------------

                         (clock clk_fpga_0 rise edge)
                                                      0.000     0.000 r  
    PS7_X0Y0             PS7                          0.000     0.000 r  cnn_system_i/ps7/inst/PS7_i/FCLKCLK[0]
                         net (fo=1, routed)           1.088     1.088    cnn_system_i/ps7/inst/FCLK_CLK_unbuffered[0]
    BUFGCTRL_X0Y16       BUFG (Prop_bufg_I_O)         0.091     1.179 r  cnn_system_i/ps7/inst/buffer_fclk_clk_0.FCLK_CLK_0_BUFG/O
                         net (fo=14852, routed)       1.471     2.650    <hidden>
    SLICE_X48Y65         FDPE                                         r  <hidden>

Slack:                    inf
  Source:                 cnn_system_i/ps7/inst/PS7_i/FCLKRESETN[0]
                            (internal pin)
  Destination:            <hidden>
                            (recovery check against rising-edge clock clk_fpga_0  {rise@0.000ns fall@5.000ns period=10.000ns})
  Path Group:             (none)
  Path Type:              Recovery (Max at Slow Process Corner)
  Data Path Delay:        4.843ns  (logic 0.124ns (2.561%)  route 4.719ns (97.439%))
  Logic Levels:           1  (LUT1=1)
  Clock Uncertainty:      0.152ns  ((TSJ^2 + TIJ^2)^1/2 + DJ) / 2 + PE
    Total System Jitter     (TSJ):    0.050ns
    Total Input Jitter      (TIJ):    0.300ns
    Discrete Jitter          (DJ):    0.000ns
    Phase Error              (PE):    0.000ns
  Timing Exception:       False Path

    Location             Delay type                Incr(ns)  Path(ns)    Netlist Resource(s)
  -------------------------------------------------------------------    -------------------
    PS7_X0Y0             PS7                          0.000     0.000 r  cnn_system_i/ps7/inst/PS7_i/FCLKRESETN[0]
                         net (fo=60, routed)          3.396     3.396    cnn_system_i/axi_ic_hp1/s01_couplers/auto_pc/inst/gen_axi4_axi3.axi3_conv_inst/USE_WRITE.write_addr_inst/USE_BURSTS.cmd_queue/inst/aresetn
    SLICE_X47Y60         LUT1 (Prop_lut1_I0_O)        0.124     3.520 f  cnn_system_i/axi_ic_hp1/s01_couplers/auto_pc/inst/gen_axi4_axi3.axi3_conv_inst/USE_WRITE.write_addr_inst/USE_BURSTS.cmd_queue/inst/S_AXI_AREADY_I_i_1/O
                         net (fo=115, routed)         1.322     4.843    <hidden>
    SLICE_X48Y65         FDPE                                         f  <hidden>
  -------------------------------------------------------------------    -------------------

                         (clock clk_fpga_0 rise edge)
                                                      0.000     0.000 r  
    PS7_X0Y0             PS7                          0.000     0.000 r  cnn_system_i/ps7/inst/PS7_i/FCLKCLK[0]
                         net (fo=1, routed)           1.088     1.088    cnn_system_i/ps7/inst/FCLK_CLK_unbuffered[0]
    BUFGCTRL_X0Y16       BUFG (Prop_bufg_I_O)         0.091     1.179 r  cnn_system_i/ps7/inst/buffer_fclk_clk_0.FCLK_CLK_0_BUFG/O
                         net (fo=14852, routed)       1.471     2.650    <hidden>
    SLICE_X48Y65         FDPE                                         r  <hidden>

Slack:                    inf
  Source:                 cnn_system_i/ps7/inst/PS7_i/FCLKRESETN[0]
                            (internal pin)
  Destination:            <hidden>
                            (recovery check against rising-edge clock clk_fpga_0  {rise@0.000ns fall@5.000ns period=10.000ns})
  Path Group:             (none)
  Path Type:              Recovery (Max at Slow Process Corner)
  Data Path Delay:        4.105ns  (logic 0.124ns (3.021%)  route 3.981ns (96.979%))
  Logic Levels:           1  (LUT1=1)
  Clock Uncertainty:      0.152ns  ((TSJ^2 + TIJ^2)^1/2 + DJ) / 2 + PE
    Total System Jitter     (TSJ):    0.050ns
    Total Input Jitter      (TIJ):    0.300ns
    Discrete Jitter          (DJ):    0.000ns
    Phase Error              (PE):    0.000ns
  Timing Exception:       False Path

    Location             Delay type                Incr(ns)  Path(ns)    Netlist Resource(s)
  -------------------------------------------------------------------    -------------------
    PS7_X0Y0             PS7                          0.000     0.000 r  cnn_system_i/ps7/inst/PS7_i/FCLKRESETN[0]
                         net (fo=60, routed)          3.396     3.396    cnn_system_i/axi_ic_hp1/s01_couplers/auto_pc/inst/gen_axi4_axi3.axi3_conv_inst/USE_WRITE.write_addr_inst/USE_BURSTS.cmd_queue/inst/aresetn
    SLICE_X47Y60         LUT1 (Prop_lut1_I0_O)        0.124     3.520 f  cnn_system_i/axi_ic_hp1/s01_couplers/auto_pc/inst/gen_axi4_axi3.axi3_conv_inst/USE_WRITE.write_addr_inst/USE_BURSTS.cmd_queue/inst/S_AXI_AREADY_I_i_1/O
                         net (fo=115, routed)         0.584     4.105    <hidden>
    SLICE_X51Y56         FDPE                                         f  <hidden>
  -------------------------------------------------------------------    -------------------

                         (clock clk_fpga_0 rise edge)
                                                      0.000     0.000 r  
    PS7_X0Y0             PS7                          0.000     0.000 r  cnn_system_i/ps7/inst/PS7_i/FCLKCLK[0]
                         net (fo=1, routed)           1.088     1.088    cnn_system_i/ps7/inst/FCLK_CLK_unbuffered[0]
    BUFGCTRL_X0Y16       BUFG (Prop_bufg_I_O)         0.091     1.179 r  cnn_system_i/ps7/inst/buffer_fclk_clk_0.FCLK_CLK_0_BUFG/O
                         net (fo=14852, routed)       1.466     2.645    <hidden>
    SLICE_X51Y56         FDPE                                         r  <hidden>

Slack:                    inf
  Source:                 cnn_system_i/ps7/inst/PS7_i/FCLKRESETN[0]
                            (internal pin)
  Destination:            <hidden>
                            (recovery check against rising-edge clock clk_fpga_0  {rise@0.000ns fall@5.000ns period=10.000ns})
  Path Group:             (none)
  Path Type:              Recovery (Max at Slow Process Corner)
  Data Path Delay:        4.105ns  (logic 0.124ns (3.021%)  route 3.981ns (96.979%))
  Logic Levels:           1  (LUT1=1)
  Clock Uncertainty:      0.152ns  ((TSJ^2 + TIJ^2)^1/2 + DJ) / 2 + PE
    Total System Jitter     (TSJ):    0.050ns
    Total Input Jitter      (TIJ):    0.300ns
    Discrete Jitter          (DJ):    0.000ns
    Phase Error              (PE):    0.000ns
  Timing Exception:       False Path

    Location             Delay type                Incr(ns)  Path(ns)    Netlist Resource(s)
  -------------------------------------------------------------------    -------------------
    PS7_X0Y0             PS7                          0.000     0.000 r  cnn_system_i/ps7/inst/PS7_i/FCLKRESETN[0]
                         net (fo=60, routed)          3.396     3.396    cnn_system_i/axi_ic_hp1/s01_couplers/auto_pc/inst/gen_axi4_axi3.axi3_conv_inst/USE_WRITE.write_addr_inst/USE_BURSTS.cmd_queue/inst/aresetn
    SLICE_X47Y60         LUT1 (Prop_lut1_I0_O)        0.124     3.520 f  cnn_system_i/axi_ic_hp1/s01_couplers/auto_pc/inst/gen_axi4_axi3.axi3_conv_inst/USE_WRITE.write_addr_inst/USE_BURSTS.cmd_queue/inst/S_AXI_AREADY_I_i_1/O
                         net (fo=115, routed)         0.584     4.105    <hidden>
    SLICE_X51Y56         FDPE                                         f  <hidden>
  -------------------------------------------------------------------    -------------------

                         (clock clk_fpga_0 rise edge)
                                                      0.000     0.000 r  
    PS7_X0Y0             PS7                          0.000     0.000 r  cnn_system_i/ps7/inst/PS7_i/FCLKCLK[0]
                         net (fo=1, routed)           1.088     1.088    cnn_system_i/ps7/inst/FCLK_CLK_unbuffered[0]
    BUFGCTRL_X0Y16       BUFG (Prop_bufg_I_O)         0.091     1.179 r  cnn_system_i/ps7/inst/buffer_fclk_clk_0.FCLK_CLK_0_BUFG/O
                         net (fo=14852, routed)       1.466     2.645    <hidden>
    SLICE_X51Y56         FDPE                                         r  <hidden>

Slack:                    inf
  Source:                 cnn_system_i/ps7/inst/PS7_i/FCLKRESETN[0]
                            (internal pin)
  Destination:            <hidden>
                            (recovery check against rising-edge clock clk_fpga_0  {rise@0.000ns fall@5.000ns period=10.000ns})
  Path Group:             (none)
  Path Type:              Recovery (Max at Slow Process Corner)
  Data Path Delay:        3.623ns  (logic 0.124ns (3.422%)  route 3.499ns (96.578%))
  Logic Levels:           1  (LUT1=1)
  Clock Uncertainty:      0.152ns  ((TSJ^2 + TIJ^2)^1/2 + DJ) / 2 + PE
    Total System Jitter     (TSJ):    0.050ns
    Total Input Jitter      (TIJ):    0.300ns
    Discrete Jitter          (DJ):    0.000ns
    Phase Error              (PE):    0.000ns
  Timing Exception:       False Path

    Location             Delay type                Incr(ns)  Path(ns)    Netlist Resource(s)
  -------------------------------------------------------------------    -------------------
    PS7_X0Y0             PS7                          0.000     0.000 r  cnn_system_i/ps7/inst/PS7_i/FCLKRESETN[0]
                         net (fo=60, routed)          3.001     3.001    cnn_system_i/axi_ic_hp1/s00_couplers/auto_pc/inst/gen_axi4_axi3.axi3_conv_inst/USE_READ.USE_SPLIT_R.read_addr_inst/USE_R_CHANNEL.cmd_queue/inst/aresetn
    SLICE_X41Y61         LUT1 (Prop_lut1_I0_O)        0.124     3.125 f  cnn_system_i/axi_ic_hp1/s00_couplers/auto_pc/inst/gen_axi4_axi3.axi3_conv_inst/USE_READ.USE_SPLIT_R.read_addr_inst/USE_R_CHANNEL.cmd_queue/inst/S_AXI_ASIZE_Q[2]_i_1/O
                         net (fo=44, routed)          0.498     3.623    <hidden>
    SLICE_X43Y61         FDPE                                         f  <hidden>
  -------------------------------------------------------------------    -------------------

                         (clock clk_fpga_0 rise edge)
                                                      0.000     0.000 r  
    PS7_X0Y0             PS7                          0.000     0.000 r  cnn_system_i/ps7/inst/PS7_i/FCLKCLK[0]
                         net (fo=1, routed)           1.088     1.088    cnn_system_i/ps7/inst/FCLK_CLK_unbuffered[0]
    BUFGCTRL_X0Y16       BUFG (Prop_bufg_I_O)         0.091     1.179 r  cnn_system_i/ps7/inst/buffer_fclk_clk_0.FCLK_CLK_0_BUFG/O
                         net (fo=14852, routed)       1.476     2.655    <hidden>
    SLICE_X43Y61         FDPE                                         r  <hidden>

Slack:                    inf
  Source:                 cnn_system_i/ps7/inst/PS7_i/FCLKRESETN[0]
                            (internal pin)
  Destination:            <hidden>
                            (recovery check against rising-edge clock clk_fpga_0  {rise@0.000ns fall@5.000ns period=10.000ns})
  Path Group:             (none)
  Path Type:              Recovery (Max at Slow Process Corner)
  Data Path Delay:        3.623ns  (logic 0.124ns (3.422%)  route 3.499ns (96.578%))
  Logic Levels:           1  (LUT1=1)
  Clock Uncertainty:      0.152ns  ((TSJ^2 + TIJ^2)^1/2 + DJ) / 2 + PE
    Total System Jitter     (TSJ):    0.050ns
    Total Input Jitter      (TIJ):    0.300ns
    Discrete Jitter          (DJ):    0.000ns
    Phase Error              (PE):    0.000ns
  Timing Exception:       False Path

    Location             Delay type                Incr(ns)  Path(ns)    Netlist Resource(s)
  -------------------------------------------------------------------    -------------------
    PS7_X0Y0             PS7                          0.000     0.000 r  cnn_system_i/ps7/inst/PS7_i/FCLKRESETN[0]
                         net (fo=60, routed)          3.001     3.001    cnn_system_i/axi_ic_hp1/s00_couplers/auto_pc/inst/gen_axi4_axi3.axi3_conv_inst/USE_READ.USE_SPLIT_R.read_addr_inst/USE_R_CHANNEL.cmd_queue/inst/aresetn
    SLICE_X41Y61         LUT1 (Prop_lut1_I0_O)        0.124     3.125 f  cnn_system_i/axi_ic_hp1/s00_couplers/auto_pc/inst/gen_axi4_axi3.axi3_conv_inst/USE_READ.USE_SPLIT_R.read_addr_inst/USE_R_CHANNEL.cmd_queue/inst/S_AXI_ASIZE_Q[2]_i_1/O
                         net (fo=44, routed)          0.498     3.623    <hidden>
    SLICE_X43Y61         FDPE                                         f  <hidden>
  -------------------------------------------------------------------    -------------------

                         (clock clk_fpga_0 rise edge)
                                                      0.000     0.000 r  
    PS7_X0Y0             PS7                          0.000     0.000 r  cnn_system_i/ps7/inst/PS7_i/FCLKCLK[0]
                         net (fo=1, routed)           1.088     1.088    cnn_system_i/ps7/inst/FCLK_CLK_unbuffered[0]
    BUFGCTRL_X0Y16       BUFG (Prop_bufg_I_O)         0.091     1.179 r  cnn_system_i/ps7/inst/buffer_fclk_clk_0.FCLK_CLK_0_BUFG/O
                         net (fo=14852, routed)       1.476     2.655    <hidden>
    SLICE_X43Y61         FDPE                                         r  <hidden>

Slack:                    inf
  Source:                 cnn_system_i/ps7/inst/PS7_i/FCLKRESETN[0]
                            (internal pin)
  Destination:            cnn_system_i/rst_gen/U0/EXT_LPF/ACTIVE_LOW_EXT.ACT_LO_EXT/syncstages_ff_reg[0]/D
                            (rising edge-triggered cell FDRE clocked by clk_fpga_0  {rise@0.000ns fall@5.000ns period=10.000ns})
  Path Group:             (none)
  Path Type:              Setup (Max at Slow Process Corner)
  Data Path Delay:        3.013ns  (logic 0.150ns (4.978%)  route 2.863ns (95.022%))
  Logic Levels:           1  (LUT1=1)
  Clock Uncertainty:      0.152ns  ((TSJ^2 + TIJ^2)^1/2 + DJ) / 2 + PE
    Total System Jitter     (TSJ):    0.050ns
    Total Input Jitter      (TIJ):    0.300ns
    Discrete Jitter          (DJ):    0.000ns
    Phase Error              (PE):    0.000ns
  Timing Exception:       False Path

    Location             Delay type                Incr(ns)  Path(ns)    Netlist Resource(s)
  -------------------------------------------------------------------    -------------------
    PS7_X0Y0             PS7                          0.000     0.000 f  cnn_system_i/ps7/inst/PS7_i/FCLKRESETN[0]
                         net (fo=60, routed)          2.863     2.863    cnn_system_i/rst_gen/U0/EXT_LPF/ext_reset_in
    SLICE_X55Y86         LUT1 (Prop_lut1_I0_O)        0.150     3.013 r  cnn_system_i/rst_gen/U0/EXT_LPF/ACTIVE_LOW_EXT.ACT_LO_EXT_i_1/O
                         net (fo=1, routed)           0.000     3.013    cnn_system_i/rst_gen/U0/EXT_LPF/ACTIVE_LOW_EXT.ACT_LO_EXT/src_in
    SLICE_X55Y86         FDRE                                         r  cnn_system_i/rst_gen/U0/EXT_LPF/ACTIVE_LOW_EXT.ACT_LO_EXT/syncstages_ff_reg[0]/D
  -------------------------------------------------------------------    -------------------

                         (clock clk_fpga_0 rise edge)
                                                      0.000     0.000 r  
    PS7_X0Y0             PS7                          0.000     0.000 r  cnn_system_i/ps7/inst/PS7_i/FCLKCLK[0]
                         net (fo=1, routed)           1.088     1.088    cnn_system_i/ps7/inst/FCLK_CLK_unbuffered[0]
    BUFGCTRL_X0Y16       BUFG (Prop_bufg_I_O)         0.091     1.179 r  cnn_system_i/ps7/inst/buffer_fclk_clk_0.FCLK_CLK_0_BUFG/O
                         net (fo=14852, routed)       1.531     2.710    cnn_system_i/rst_gen/U0/EXT_LPF/ACTIVE_LOW_EXT.ACT_LO_EXT/dest_clk
    SLICE_X55Y86         FDRE                                         r  cnn_system_i/rst_gen/U0/EXT_LPF/ACTIVE_LOW_EXT.ACT_LO_EXT/syncstages_ff_reg[0]/C





Min Delay Paths
--------------------------------------------------------------------------------------
Slack:                    inf
  Source:                 cnn_system_i/ps7/inst/PS7_i/FCLKRESETN[0]
                            (internal pin)
  Destination:            cnn_system_i/rst_gen/U0/EXT_LPF/ACTIVE_LOW_EXT.ACT_LO_EXT/syncstages_ff_reg[0]/D
                            (rising edge-triggered cell FDRE clocked by clk_fpga_0  {rise@0.000ns fall@5.000ns period=10.000ns})
  Path Group:             (none)
  Path Type:              Hold (Min at Fast Process Corner)
  Data Path Delay:        1.272ns  (logic 0.046ns (3.615%)  route 1.226ns (96.385%))
  Logic Levels:           1  (LUT1=1)
  Clock Uncertainty:      0.152ns  ((TSJ^2 + TIJ^2)^1/2 + DJ) / 2 + PE
    Total System Jitter     (TSJ):    0.050ns
    Total Input Jitter      (TIJ):    0.300ns
    Discrete Jitter          (DJ):    0.000ns
    Phase Error              (PE):    0.000ns
  Timing Exception:       False Path

    Location             Delay type                Incr(ns)  Path(ns)    Netlist Resource(s)
  -------------------------------------------------------------------    -------------------
    PS7_X0Y0             PS7                          0.000     0.000 f  cnn_system_i/ps7/inst/PS7_i/FCLKRESETN[0]
                         net (fo=60, routed)          1.226     1.226    cnn_system_i/rst_gen/U0/EXT_LPF/ext_reset_in
    SLICE_X55Y86         LUT1 (Prop_lut1_I0_O)        0.046     1.272 r  cnn_system_i/rst_gen/U0/EXT_LPF/ACTIVE_LOW_EXT.ACT_LO_EXT_i_1/O
                         net (fo=1, routed)           0.000     1.272    cnn_system_i/rst_gen/U0/EXT_LPF/ACTIVE_LOW_EXT.ACT_LO_EXT/src_in
    SLICE_X55Y86         FDRE                                         r  cnn_system_i/rst_gen/U0/EXT_LPF/ACTIVE_LOW_EXT.ACT_LO_EXT/syncstages_ff_reg[0]/D
  -------------------------------------------------------------------    -------------------

                         (clock clk_fpga_0 rise edge)
                                                      0.000     0.000 r  
    PS7_X0Y0             PS7                          0.000     0.000 r  cnn_system_i/ps7/inst/PS7_i/FCLKCLK[0]
                         net (fo=1, routed)           0.337     0.337    cnn_system_i/ps7/inst/FCLK_CLK_unbuffered[0]
    BUFGCTRL_X0Y16       BUFG (Prop_bufg_I_O)         0.029     0.366 r  cnn_system_i/ps7/inst/buffer_fclk_clk_0.FCLK_CLK_0_BUFG/O
                         net (fo=14852, routed)       0.840     1.206    cnn_system_i/rst_gen/U0/EXT_LPF/ACTIVE_LOW_EXT.ACT_LO_EXT/dest_clk
    SLICE_X55Y86         FDRE                                         r  cnn_system_i/rst_gen/U0/EXT_LPF/ACTIVE_LOW_EXT.ACT_LO_EXT/syncstages_ff_reg[0]/C

Slack:                    inf
  Source:                 cnn_system_i/ps7/inst/PS7_i/FCLKRESETN[0]
                            (internal pin)
  Destination:            <hidden>
                            (removal check against rising-edge clock clk_fpga_0  {rise@0.000ns fall@5.000ns period=10.000ns})
  Path Group:             (none)
  Path Type:              Removal (Min at Fast Process Corner)
  Data Path Delay:        1.481ns  (logic 0.045ns (3.038%)  route 1.436ns (96.962%))
  Logic Levels:           1  (LUT1=1)
  Clock Uncertainty:      0.152ns  ((TSJ^2 + TIJ^2)^1/2 + DJ) / 2 + PE
    Total System Jitter     (TSJ):    0.050ns
    Total Input Jitter      (TIJ):    0.300ns
    Discrete Jitter          (DJ):    0.000ns
    Phase Error              (PE):    0.000ns
  Timing Exception:       False Path

    Location             Delay type                Incr(ns)  Path(ns)    Netlist Resource(s)
  -------------------------------------------------------------------    -------------------
    PS7_X0Y0             PS7                          0.000     0.000 r  cnn_system_i/ps7/inst/PS7_i/FCLKRESETN[0]
                         net (fo=60, routed)          1.266     1.266    cnn_system_i/axi_ic_hp1/s00_couplers/auto_pc/inst/gen_axi4_axi3.axi3_conv_inst/USE_READ.USE_SPLIT_R.read_addr_inst/USE_R_CHANNEL.cmd_queue/inst/aresetn
    SLICE_X41Y61         LUT1 (Prop_lut1_I0_O)        0.045     1.311 f  cnn_system_i/axi_ic_hp1/s00_couplers/auto_pc/inst/gen_axi4_axi3.axi3_conv_inst/USE_READ.USE_SPLIT_R.read_addr_inst/USE_R_CHANNEL.cmd_queue/inst/S_AXI_ASIZE_Q[2]_i_1/O
                         net (fo=44, routed)          0.170     1.481    <hidden>
    SLICE_X43Y61         FDPE                                         f  <hidden>
  -------------------------------------------------------------------    -------------------

                         (clock clk_fpga_0 rise edge)
                                                      0.000     0.000 r  
    PS7_X0Y0             PS7                          0.000     0.000 r  cnn_system_i/ps7/inst/PS7_i/FCLKCLK[0]
                         net (fo=1, routed)           0.337     0.337    cnn_system_i/ps7/inst/FCLK_CLK_unbuffered[0]
    BUFGCTRL_X0Y16       BUFG (Prop_bufg_I_O)         0.029     0.366 r  cnn_system_i/ps7/inst/buffer_fclk_clk_0.FCLK_CLK_0_BUFG/O
                         net (fo=14852, routed)       0.822     1.188    <hidden>
    SLICE_X43Y61         FDPE                                         r  <hidden>

Slack:                    inf
  Source:                 cnn_system_i/ps7/inst/PS7_i/FCLKRESETN[0]
                            (internal pin)
  Destination:            <hidden>
                            (removal check against rising-edge clock clk_fpga_0  {rise@0.000ns fall@5.000ns period=10.000ns})
  Path Group:             (none)
  Path Type:              Removal (Min at Fast Process Corner)
  Data Path Delay:        1.481ns  (logic 0.045ns (3.038%)  route 1.436ns (96.962%))
  Logic Levels:           1  (LUT1=1)
  Clock Uncertainty:      0.152ns  ((TSJ^2 + TIJ^2)^1/2 + DJ) / 2 + PE
    Total System Jitter     (TSJ):    0.050ns
    Total Input Jitter      (TIJ):    0.300ns
    Discrete Jitter          (DJ):    0.000ns
    Phase Error              (PE):    0.000ns
  Timing Exception:       False Path

    Location             Delay type                Incr(ns)  Path(ns)    Netlist Resource(s)
  -------------------------------------------------------------------    -------------------
    PS7_X0Y0             PS7                          0.000     0.000 r  cnn_system_i/ps7/inst/PS7_i/FCLKRESETN[0]
                         net (fo=60, routed)          1.266     1.266    cnn_system_i/axi_ic_hp1/s00_couplers/auto_pc/inst/gen_axi4_axi3.axi3_conv_inst/USE_READ.USE_SPLIT_R.read_addr_inst/USE_R_CHANNEL.cmd_queue/inst/aresetn
    SLICE_X41Y61         LUT1 (Prop_lut1_I0_O)        0.045     1.311 f  cnn_system_i/axi_ic_hp1/s00_couplers/auto_pc/inst/gen_axi4_axi3.axi3_conv_inst/USE_READ.USE_SPLIT_R.read_addr_inst/USE_R_CHANNEL.cmd_queue/inst/S_AXI_ASIZE_Q[2]_i_1/O
                         net (fo=44, routed)          0.170     1.481    <hidden>
    SLICE_X43Y61         FDPE                                         f  <hidden>
  -------------------------------------------------------------------    -------------------

                         (clock clk_fpga_0 rise edge)
                                                      0.000     0.000 r  
    PS7_X0Y0             PS7                          0.000     0.000 r  cnn_system_i/ps7/inst/PS7_i/FCLKCLK[0]
                         net (fo=1, routed)           0.337     0.337    cnn_system_i/ps7/inst/FCLK_CLK_unbuffered[0]
    BUFGCTRL_X0Y16       BUFG (Prop_bufg_I_O)         0.029     0.366 r  cnn_system_i/ps7/inst/buffer_fclk_clk_0.FCLK_CLK_0_BUFG/O
                         net (fo=14852, routed)       0.822     1.188    <hidden>
    SLICE_X43Y61         FDPE                                         r  <hidden>

Slack:                    inf
  Source:                 cnn_system_i/ps7/inst/PS7_i/FCLKRESETN[0]
                            (internal pin)
  Destination:            <hidden>
                            (removal check against rising-edge clock clk_fpga_0  {rise@0.000ns fall@5.000ns period=10.000ns})
  Path Group:             (none)
  Path Type:              Removal (Min at Fast Process Corner)
  Data Path Delay:        1.747ns  (logic 0.045ns (2.576%)  route 1.702ns (97.424%))
  Logic Levels:           1  (LUT1=1)
  Clock Uncertainty:      0.152ns  ((TSJ^2 + TIJ^2)^1/2 + DJ) / 2 + PE
    Total System Jitter     (TSJ):    0.050ns
    Total Input Jitter      (TIJ):    0.300ns
    Discrete Jitter          (DJ):    0.000ns
    Phase Error              (PE):    0.000ns
  Timing Exception:       False Path

    Location             Delay type                Incr(ns)  Path(ns)    Netlist Resource(s)
  -------------------------------------------------------------------    -------------------
    PS7_X0Y0             PS7                          0.000     0.000 r  cnn_system_i/ps7/inst/PS7_i/FCLKRESETN[0]
                         net (fo=60, routed)          1.456     1.456    cnn_system_i/axi_ic_hp1/s01_couplers/auto_pc/inst/gen_axi4_axi3.axi3_conv_inst/USE_WRITE.write_addr_inst/USE_BURSTS.cmd_queue/inst/aresetn
    SLICE_X47Y60         LUT1 (Prop_lut1_I0_O)        0.045     1.501 f  cnn_system_i/axi_ic_hp1/s01_couplers/auto_pc/inst/gen_axi4_axi3.axi3_conv_inst/USE_WRITE.write_addr_inst/USE_BURSTS.cmd_queue/inst/S_AXI_AREADY_I_i_1/O
                         net (fo=115, routed)         0.245     1.747    <hidden>
    SLICE_X51Y56         FDPE                                         f  <hidden>
  -------------------------------------------------------------------    -------------------

                         (clock clk_fpga_0 rise edge)
                                                      0.000     0.000 r  
    PS7_X0Y0             PS7                          0.000     0.000 r  cnn_system_i/ps7/inst/PS7_i/FCLKCLK[0]
                         net (fo=1, routed)           0.337     0.337    cnn_system_i/ps7/inst/FCLK_CLK_unbuffered[0]
    BUFGCTRL_X0Y16       BUFG (Prop_bufg_I_O)         0.029     0.366 r  cnn_system_i/ps7/inst/buffer_fclk_clk_0.FCLK_CLK_0_BUFG/O
                         net (fo=14852, routed)       0.820     1.186    <hidden>
    SLICE_X51Y56         FDPE                                         r  <hidden>

Slack:                    inf
  Source:                 cnn_system_i/ps7/inst/PS7_i/FCLKRESETN[0]
                            (internal pin)
  Destination:            <hidden>
                            (removal check against rising-edge clock clk_fpga_0  {rise@0.000ns fall@5.000ns period=10.000ns})
  Path Group:             (none)
  Path Type:              Removal (Min at Fast Process Corner)
  Data Path Delay:        1.747ns  (logic 0.045ns (2.576%)  route 1.702ns (97.424%))
  Logic Levels:           1  (LUT1=1)
  Clock Uncertainty:      0.152ns  ((TSJ^2 + TIJ^2)^1/2 + DJ) / 2 + PE
    Total System Jitter     (TSJ):    0.050ns
    Total Input Jitter      (TIJ):    0.300ns
    Discrete Jitter          (DJ):    0.000ns
    Phase Error              (PE):    0.000ns
  Timing Exception:       False Path

    Location             Delay type                Incr(ns)  Path(ns)    Netlist Resource(s)
  -------------------------------------------------------------------    -------------------
    PS7_X0Y0             PS7                          0.000     0.000 r  cnn_system_i/ps7/inst/PS7_i/FCLKRESETN[0]
                         net (fo=60, routed)          1.456     1.456    cnn_system_i/axi_ic_hp1/s01_couplers/auto_pc/inst/gen_axi4_axi3.axi3_conv_inst/USE_WRITE.write_addr_inst/USE_BURSTS.cmd_queue/inst/aresetn
    SLICE_X47Y60         LUT1 (Prop_lut1_I0_O)        0.045     1.501 f  cnn_system_i/axi_ic_hp1/s01_couplers/auto_pc/inst/gen_axi4_axi3.axi3_conv_inst/USE_WRITE.write_addr_inst/USE_BURSTS.cmd_queue/inst/S_AXI_AREADY_I_i_1/O
                         net (fo=115, routed)         0.245     1.747    <hidden>
    SLICE_X51Y56         FDPE                                         f  <hidden>
  -------------------------------------------------------------------    -------------------

                         (clock clk_fpga_0 rise edge)
                                                      0.000     0.000 r  
    PS7_X0Y0             PS7                          0.000     0.000 r  cnn_system_i/ps7/inst/PS7_i/FCLKCLK[0]
                         net (fo=1, routed)           0.337     0.337    cnn_system_i/ps7/inst/FCLK_CLK_unbuffered[0]
    BUFGCTRL_X0Y16       BUFG (Prop_bufg_I_O)         0.029     0.366 r  cnn_system_i/ps7/inst/buffer_fclk_clk_0.FCLK_CLK_0_BUFG/O
                         net (fo=14852, routed)       0.820     1.186    <hidden>
    SLICE_X51Y56         FDPE                                         r  <hidden>

Slack:                    inf
  Source:                 cnn_system_i/ps7/inst/PS7_i/FCLKRESETN[0]
                            (internal pin)
  Destination:            <hidden>
                            (removal check against rising-edge clock clk_fpga_0  {rise@0.000ns fall@5.000ns period=10.000ns})
  Path Group:             (none)
  Path Type:              Removal (Min at Fast Process Corner)
  Data Path Delay:        2.084ns  (logic 0.045ns (2.160%)  route 2.039ns (97.840%))
  Logic Levels:           1  (LUT1=1)
  Clock Uncertainty:      0.152ns  ((TSJ^2 + TIJ^2)^1/2 + DJ) / 2 + PE
    Total System Jitter     (TSJ):    0.050ns
    Total Input Jitter      (TIJ):    0.300ns
    Discrete Jitter          (DJ):    0.000ns
    Phase Error              (PE):    0.000ns
  Timing Exception:       False Path

    Location             Delay type                Incr(ns)  Path(ns)    Netlist Resource(s)
  -------------------------------------------------------------------    -------------------
    PS7_X0Y0             PS7                          0.000     0.000 r  cnn_system_i/ps7/inst/PS7_i/FCLKRESETN[0]
                         net (fo=60, routed)          1.456     1.456    cnn_system_i/axi_ic_hp1/s01_couplers/auto_pc/inst/gen_axi4_axi3.axi3_conv_inst/USE_WRITE.write_addr_inst/USE_BURSTS.cmd_queue/inst/aresetn
    SLICE_X47Y60         LUT1 (Prop_lut1_I0_O)        0.045     1.501 f  cnn_system_i/axi_ic_hp1/s01_couplers/auto_pc/inst/gen_axi4_axi3.axi3_conv_inst/USE_WRITE.write_addr_inst/USE_BURSTS.cmd_queue/inst/S_AXI_AREADY_I_i_1/O
                         net (fo=115, routed)         0.582     2.084    <hidden>
    SLICE_X48Y65         FDPE                                         f  <hidden>
  -------------------------------------------------------------------    -------------------

                         (clock clk_fpga_0 rise edge)
                                                      0.000     0.000 r  
    PS7_X0Y0             PS7                          0.000     0.000 r  cnn_system_i/ps7/inst/PS7_i/FCLKCLK[0]
                         net (fo=1, routed)           0.337     0.337    cnn_system_i/ps7/inst/FCLK_CLK_unbuffered[0]
    BUFGCTRL_X0Y16       BUFG (Prop_bufg_I_O)         0.029     0.366 r  cnn_system_i/ps7/inst/buffer_fclk_clk_0.FCLK_CLK_0_BUFG/O
                         net (fo=14852, routed)       0.818     1.184    <hidden>
    SLICE_X48Y65         FDPE                                         r  <hidden>

Slack:                    inf
  Source:                 cnn_system_i/ps7/inst/PS7_i/FCLKRESETN[0]
                            (internal pin)
  Destination:            <hidden>
                            (removal check against rising-edge clock clk_fpga_0  {rise@0.000ns fall@5.000ns period=10.000ns})
  Path Group:             (none)
  Path Type:              Removal (Min at Fast Process Corner)
  Data Path Delay:        2.084ns  (logic 0.045ns (2.160%)  route 2.039ns (97.840%))
  Logic Levels:           1  (LUT1=1)
  Clock Uncertainty:      0.152ns  ((TSJ^2 + TIJ^2)^1/2 + DJ) / 2 + PE
    Total System Jitter     (TSJ):    0.050ns
    Total Input Jitter      (TIJ):    0.300ns
    Discrete Jitter          (DJ):    0.000ns
    Phase Error              (PE):    0.000ns
  Timing Exception:       False Path

    Location             Delay type                Incr(ns)  Path(ns)    Netlist Resource(s)
  -------------------------------------------------------------------    -------------------
    PS7_X0Y0             PS7                          0.000     0.000 r  cnn_system_i/ps7/inst/PS7_i/FCLKRESETN[0]
                         net (fo=60, routed)          1.456     1.456    cnn_system_i/axi_ic_hp1/s01_couplers/auto_pc/inst/gen_axi4_axi3.axi3_conv_inst/USE_WRITE.write_addr_inst/USE_BURSTS.cmd_queue/inst/aresetn
    SLICE_X47Y60         LUT1 (Prop_lut1_I0_O)        0.045     1.501 f  cnn_system_i/axi_ic_hp1/s01_couplers/auto_pc/inst/gen_axi4_axi3.axi3_conv_inst/USE_WRITE.write_addr_inst/USE_BURSTS.cmd_queue/inst/S_AXI_AREADY_I_i_1/O
                         net (fo=115, routed)         0.582     2.084    <hidden>
    SLICE_X48Y65         FDPE                                         f  <hidden>
  -------------------------------------------------------------------    -------------------

                         (clock clk_fpga_0 rise edge)
                                                      0.000     0.000 r  
    PS7_X0Y0             PS7                          0.000     0.000 r  cnn_system_i/ps7/inst/PS7_i/FCLKCLK[0]
                         net (fo=1, routed)           0.337     0.337    cnn_system_i/ps7/inst/FCLK_CLK_unbuffered[0]
    BUFGCTRL_X0Y16       BUFG (Prop_bufg_I_O)         0.029     0.366 r  cnn_system_i/ps7/inst/buffer_fclk_clk_0.FCLK_CLK_0_BUFG/O
                         net (fo=14852, routed)       0.818     1.184    <hidden>
    SLICE_X48Y65         FDPE                                         r  <hidden>

Slack:                    inf
  Source:                 cnn_system_i/ps7/inst/PS7_i/FCLKRESETN[0]
                            (internal pin)
  Destination:            <hidden>
                            (removal check against rising-edge clock clk_fpga_0  {rise@0.000ns fall@5.000ns period=10.000ns})
  Path Group:             (none)
  Path Type:              Removal (Min at Fast Process Corner)
  Data Path Delay:        2.342ns  (logic 0.045ns (1.922%)  route 2.297ns (98.078%))
  Logic Levels:           1  (LUT1=1)
  Clock Uncertainty:      0.152ns  ((TSJ^2 + TIJ^2)^1/2 + DJ) / 2 + PE
    Total System Jitter     (TSJ):    0.050ns
    Total Input Jitter      (TIJ):    0.300ns
    Discrete Jitter          (DJ):    0.000ns
    Phase Error              (PE):    0.000ns
  Timing Exception:       False Path

    Location             Delay type                Incr(ns)  Path(ns)    Netlist Resource(s)
  -------------------------------------------------------------------    -------------------
    PS7_X0Y0             PS7                          0.000     0.000 r  cnn_system_i/ps7/inst/PS7_i/FCLKRESETN[0]
                         net (fo=60, routed)          1.965     1.965    cnn_system_i/axi_ic_hp0/s00_couplers/auto_pc/inst/gen_axi4_axi3.axi3_conv_inst/USE_READ.USE_SPLIT_R.read_addr_inst/USE_R_CHANNEL.cmd_queue/inst/aresetn
    SLICE_X37Y42         LUT1 (Prop_lut1_I0_O)        0.045     2.010 f  cnn_system_i/axi_ic_hp0/s00_couplers/auto_pc/inst/gen_axi4_axi3.axi3_conv_inst/USE_READ.USE_SPLIT_R.read_addr_inst/USE_R_CHANNEL.cmd_queue/inst/S_AXI_AREADY_I_i_1/O
                         net (fo=52, routed)          0.331     2.342    <hidden>
    SLICE_X39Y45         FDPE                                         f  <hidden>
  -------------------------------------------------------------------    -------------------

                         (clock clk_fpga_0 rise edge)
                                                      0.000     0.000 r  
    PS7_X0Y0             PS7                          0.000     0.000 r  cnn_system_i/ps7/inst/PS7_i/FCLKCLK[0]
                         net (fo=1, routed)           0.337     0.337    cnn_system_i/ps7/inst/FCLK_CLK_unbuffered[0]
    BUFGCTRL_X0Y16       BUFG (Prop_bufg_I_O)         0.029     0.366 r  cnn_system_i/ps7/inst/buffer_fclk_clk_0.FCLK_CLK_0_BUFG/O
                         net (fo=14852, routed)       0.829     1.195    <hidden>
    SLICE_X39Y45         FDPE                                         r  <hidden>

Slack:                    inf
  Source:                 cnn_system_i/ps7/inst/PS7_i/FCLKRESETN[0]
                            (internal pin)
  Destination:            <hidden>
                            (removal check against rising-edge clock clk_fpga_0  {rise@0.000ns fall@5.000ns period=10.000ns})
  Path Group:             (none)
  Path Type:              Removal (Min at Fast Process Corner)
  Data Path Delay:        2.342ns  (logic 0.045ns (1.922%)  route 2.297ns (98.078%))
  Logic Levels:           1  (LUT1=1)
  Clock Uncertainty:      0.152ns  ((TSJ^2 + TIJ^2)^1/2 + DJ) / 2 + PE
    Total System Jitter     (TSJ):    0.050ns
    Total Input Jitter      (TIJ):    0.300ns
    Discrete Jitter          (DJ):    0.000ns
    Phase Error              (PE):    0.000ns
  Timing Exception:       False Path

    Location             Delay type                Incr(ns)  Path(ns)    Netlist Resource(s)
  -------------------------------------------------------------------    -------------------
    PS7_X0Y0             PS7                          0.000     0.000 r  cnn_system_i/ps7/inst/PS7_i/FCLKRESETN[0]
                         net (fo=60, routed)          1.965     1.965    cnn_system_i/axi_ic_hp0/s00_couplers/auto_pc/inst/gen_axi4_axi3.axi3_conv_inst/USE_READ.USE_SPLIT_R.read_addr_inst/USE_R_CHANNEL.cmd_queue/inst/aresetn
    SLICE_X37Y42         LUT1 (Prop_lut1_I0_O)        0.045     2.010 f  cnn_system_i/axi_ic_hp0/s00_couplers/auto_pc/inst/gen_axi4_axi3.axi3_conv_inst/USE_READ.USE_SPLIT_R.read_addr_inst/USE_R_CHANNEL.cmd_queue/inst/S_AXI_AREADY_I_i_1/O
                         net (fo=52, routed)          0.331     2.342    <hidden>
    SLICE_X39Y45         FDPE                                         f  <hidden>
  -------------------------------------------------------------------    -------------------

                         (clock clk_fpga_0 rise edge)
                                                      0.000     0.000 r  
    PS7_X0Y0             PS7                          0.000     0.000 r  cnn_system_i/ps7/inst/PS7_i/FCLKCLK[0]
                         net (fo=1, routed)           0.337     0.337    cnn_system_i/ps7/inst/FCLK_CLK_unbuffered[0]
    BUFGCTRL_X0Y16       BUFG (Prop_bufg_I_O)         0.029     0.366 r  cnn_system_i/ps7/inst/buffer_fclk_clk_0.FCLK_CLK_0_BUFG/O
                         net (fo=14852, routed)       0.829     1.195    <hidden>
    SLICE_X39Y45         FDPE                                         r  <hidden>





--------------------------------------------------------------------------------------
Path Group:  (none)
From Clock:  clk_fpga_0
  To Clock:  clk_fpga_0

Max Delay             2 Endpoints
Min Delay             2 Endpoints
--------------------------------------------------------------------------------------


Max Delay Paths
--------------------------------------------------------------------------------------
Slack:                    inf
  Source:                 cnn_system_i/rst_gen/U0/ACTIVE_LOW_PR_OUT_DFF[0].FDRE_PER_N/C
                            (rising edge-triggered cell FDRE clocked by clk_fpga_0  {rise@0.000ns fall@5.000ns period=10.000ns})
  Destination:            cnn_system_i/axi_dma_0/U0/I_RST_MODULE/REG_HRD_RST_OUT/syncstages_ff_reg[0]/D
                            (rising edge-triggered cell FDRE clocked by clk_fpga_0  {rise@0.000ns fall@5.000ns period=10.000ns})
  Path Group:             (none)
  Path Type:              Setup (Max at Slow Process Corner)
  Data Path Delay:        1.151ns  (logic 0.456ns (39.610%)  route 0.695ns (60.390%))
  Logic Levels:           0  
  Clock Path Skew:        -0.274ns (DCD - SCD + CPR)
    Destination Clock Delay (DCD):    2.654ns
    Source Clock Delay      (SCD):    2.928ns
    Clock Pessimism Removal (CPR):    0.000ns
  Clock Uncertainty:      0.154ns  ((TSJ^2 + TIJ^2)^1/2 + DJ) / 2 + PE
    Total System Jitter     (TSJ):    0.071ns
    Total Input Jitter      (TIJ):    0.300ns
    Discrete Jitter          (DJ):    0.000ns
    Phase Error              (PE):    0.000ns
  Timing Exception:       False Path

    Location             Delay type                Incr(ns)  Path(ns)    Netlist Resource(s)
  -------------------------------------------------------------------    -------------------
                         (clock clk_fpga_0 rise edge)
                                                      0.000     0.000 r  
    PS7_X0Y0             PS7                          0.000     0.000 r  cnn_system_i/ps7/inst/PS7_i/FCLKCLK[0]
                         net (fo=1, routed)           1.193     1.193    cnn_system_i/ps7/inst/FCLK_CLK_unbuffered[0]
    BUFGCTRL_X0Y16       BUFG (Prop_bufg_I_O)         0.101     1.294 r  cnn_system_i/ps7/inst/buffer_fclk_clk_0.FCLK_CLK_0_BUFG/O
                         net (fo=14852, routed)       1.634     2.928    cnn_system_i/rst_gen/U0/slowest_sync_clk
    SLICE_X52Y86         FDRE                                         r  cnn_system_i/rst_gen/U0/ACTIVE_LOW_PR_OUT_DFF[0].FDRE_PER_N/C
  -------------------------------------------------------------------    -------------------
    SLICE_X52Y86         FDRE (Prop_fdre_C_Q)         0.456     3.384 r  cnn_system_i/rst_gen/U0/ACTIVE_LOW_PR_OUT_DFF[0].FDRE_PER_N/Q
                         net (fo=2, routed)           0.695     4.079    cnn_system_i/axi_dma_0/U0/I_RST_MODULE/REG_HRD_RST_OUT/src_rst
    SLICE_X48Y90         FDRE                                         r  cnn_system_i/axi_dma_0/U0/I_RST_MODULE/REG_HRD_RST_OUT/syncstages_ff_reg[0]/D
  -------------------------------------------------------------------    -------------------

                         (clock clk_fpga_0 rise edge)
                                                      0.000     0.000 r  
    PS7_X0Y0             PS7                          0.000     0.000 r  cnn_system_i/ps7/inst/PS7_i/FCLKCLK[0]
                         net (fo=1, routed)           1.088     1.088    cnn_system_i/ps7/inst/FCLK_CLK_unbuffered[0]
    BUFGCTRL_X0Y16       BUFG (Prop_bufg_I_O)         0.091     1.179 r  cnn_system_i/ps7/inst/buffer_fclk_clk_0.FCLK_CLK_0_BUFG/O
                         net (fo=14852, routed)       1.475     2.654    cnn_system_i/axi_dma_0/U0/I_RST_MODULE/REG_HRD_RST_OUT/dest_clk
    SLICE_X48Y90         FDRE                                         r  cnn_system_i/axi_dma_0/U0/I_RST_MODULE/REG_HRD_RST_OUT/syncstages_ff_reg[0]/C

Slack:                    inf
  Source:                 cnn_system_i/rst_gen/U0/ACTIVE_LOW_PR_OUT_DFF[0].FDRE_PER_N/C
                            (rising edge-triggered cell FDRE clocked by clk_fpga_0  {rise@0.000ns fall@5.000ns period=10.000ns})
  Destination:            cnn_system_i/axi_dma_0/U0/I_RST_MODULE/REG_HRD_RST/syncstages_ff_reg[0]/D
                            (rising edge-triggered cell FDRE clocked by clk_fpga_0  {rise@0.000ns fall@5.000ns period=10.000ns})
  Path Group:             (none)
  Path Type:              Setup (Max at Slow Process Corner)
  Data Path Delay:        0.974ns  (logic 0.456ns (46.813%)  route 0.518ns (53.187%))
  Logic Levels:           0  
  Clock Path Skew:        -0.288ns (DCD - SCD + CPR)
    Destination Clock Delay (DCD):    2.640ns
    Source Clock Delay      (SCD):    2.928ns
    Clock Pessimism Removal (CPR):    0.000ns
  Clock Uncertainty:      0.154ns  ((TSJ^2 + TIJ^2)^1/2 + DJ) / 2 + PE
    Total System Jitter     (TSJ):    0.071ns
    Total Input Jitter      (TIJ):    0.300ns
    Discrete Jitter          (DJ):    0.000ns
    Phase Error              (PE):    0.000ns
  Timing Exception:       False Path

    Location             Delay type                Incr(ns)  Path(ns)    Netlist Resource(s)
  -------------------------------------------------------------------    -------------------
                         (clock clk_fpga_0 rise edge)
                                                      0.000     0.000 r  
    PS7_X0Y0             PS7                          0.000     0.000 r  cnn_system_i/ps7/inst/PS7_i/FCLKCLK[0]
                         net (fo=1, routed)           1.193     1.193    cnn_system_i/ps7/inst/FCLK_CLK_unbuffered[0]
    BUFGCTRL_X0Y16       BUFG (Prop_bufg_I_O)         0.101     1.294 r  cnn_system_i/ps7/inst/buffer_fclk_clk_0.FCLK_CLK_0_BUFG/O
                         net (fo=14852, routed)       1.634     2.928    cnn_system_i/rst_gen/U0/slowest_sync_clk
    SLICE_X52Y86         FDRE                                         r  cnn_system_i/rst_gen/U0/ACTIVE_LOW_PR_OUT_DFF[0].FDRE_PER_N/C
  -------------------------------------------------------------------    -------------------
    SLICE_X52Y86         FDRE (Prop_fdre_C_Q)         0.456     3.384 r  cnn_system_i/rst_gen/U0/ACTIVE_LOW_PR_OUT_DFF[0].FDRE_PER_N/Q
                         net (fo=2, routed)           0.518     3.902    cnn_system_i/axi_dma_0/U0/I_RST_MODULE/REG_HRD_RST/src_rst
    SLICE_X52Y86         FDRE                                         r  cnn_system_i/axi_dma_0/U0/I_RST_MODULE/REG_HRD_RST/syncstages_ff_reg[0]/D
  -------------------------------------------------------------------    -------------------

                         (clock clk_fpga_0 rise edge)
                                                      0.000     0.000 r  
    PS7_X0Y0             PS7                          0.000     0.000 r  cnn_system_i/ps7/inst/PS7_i/FCLKCLK[0]
                         net (fo=1, routed)           1.088     1.088    cnn_system_i/ps7/inst/FCLK_CLK_unbuffered[0]
    BUFGCTRL_X0Y16       BUFG (Prop_bufg_I_O)         0.091     1.179 r  cnn_system_i/ps7/inst/buffer_fclk_clk_0.FCLK_CLK_0_BUFG/O
                         net (fo=14852, routed)       1.461     2.640    cnn_system_i/axi_dma_0/U0/I_RST_MODULE/REG_HRD_RST/dest_clk
    SLICE_X52Y86         FDRE                                         r  cnn_system_i/axi_dma_0/U0/I_RST_MODULE/REG_HRD_RST/syncstages_ff_reg[0]/C





Min Delay Paths
--------------------------------------------------------------------------------------
Slack:                    inf
  Source:                 cnn_system_i/rst_gen/U0/ACTIVE_LOW_PR_OUT_DFF[0].FDRE_PER_N/C
                            (rising edge-triggered cell FDRE clocked by clk_fpga_0  {rise@0.000ns fall@5.000ns period=10.000ns})
  Destination:            cnn_system_i/axi_dma_0/U0/I_RST_MODULE/REG_HRD_RST/syncstages_ff_reg[0]/D
                            (rising edge-triggered cell FDRE clocked by clk_fpga_0  {rise@0.000ns fall@5.000ns period=10.000ns})
  Path Group:             (none)
  Path Type:              Hold (Min at Fast Process Corner)
  Data Path Delay:        0.334ns  (logic 0.141ns (42.205%)  route 0.193ns (57.795%))
  Logic Levels:           0  
  Clock Path Skew:        0.297ns (DCD - SCD - CPR)
    Destination Clock Delay (DCD):    1.181ns
    Source Clock Delay      (SCD):    0.884ns
    Clock Pessimism Removal (CPR):    -0.000ns
  Clock Uncertainty:      0.154ns  ((TSJ^2 + TIJ^2)^1/2 + DJ) / 2 + PE
    Total System Jitter     (TSJ):    0.071ns
    Total Input Jitter      (TIJ):    0.300ns
    Discrete Jitter          (DJ):    0.000ns
    Phase Error              (PE):    0.000ns
  Timing Exception:       False Path

    Location             Delay type                Incr(ns)  Path(ns)    Netlist Resource(s)
  -------------------------------------------------------------------    -------------------
                         (clock clk_fpga_0 rise edge)
                                                      0.000     0.000 r  
    PS7_X0Y0             PS7                          0.000     0.000 r  cnn_system_i/ps7/inst/PS7_i/FCLKCLK[0]
                         net (fo=1, routed)           0.310     0.310    cnn_system_i/ps7/inst/FCLK_CLK_unbuffered[0]
    BUFGCTRL_X0Y16       BUFG (Prop_bufg_I_O)         0.026     0.336 r  cnn_system_i/ps7/inst/buffer_fclk_clk_0.FCLK_CLK_0_BUFG/O
                         net (fo=14852, routed)       0.548     0.884    cnn_system_i/rst_gen/U0/slowest_sync_clk
    SLICE_X52Y86         FDRE                                         r  cnn_system_i/rst_gen/U0/ACTIVE_LOW_PR_OUT_DFF[0].FDRE_PER_N/C
  -------------------------------------------------------------------    -------------------
    SLICE_X52Y86         FDRE (Prop_fdre_C_Q)         0.141     1.025 r  cnn_system_i/rst_gen/U0/ACTIVE_LOW_PR_OUT_DFF[0].FDRE_PER_N/Q
                         net (fo=2, routed)           0.193     1.218    cnn_system_i/axi_dma_0/U0/I_RST_MODULE/REG_HRD_RST/src_rst
    SLICE_X52Y86         FDRE                                         r  cnn_system_i/axi_dma_0/U0/I_RST_MODULE/REG_HRD_RST/syncstages_ff_reg[0]/D
  -------------------------------------------------------------------    -------------------

                         (clock clk_fpga_0 rise edge)
                                                      0.000     0.000 r  
    PS7_X0Y0             PS7                          0.000     0.000 r  cnn_system_i/ps7/inst/PS7_i/FCLKCLK[0]
                         net (fo=1, routed)           0.337     0.337    cnn_system_i/ps7/inst/FCLK_CLK_unbuffered[0]
    BUFGCTRL_X0Y16       BUFG (Prop_bufg_I_O)         0.029     0.366 r  cnn_system_i/ps7/inst/buffer_fclk_clk_0.FCLK_CLK_0_BUFG/O
                         net (fo=14852, routed)       0.815     1.181    cnn_system_i/axi_dma_0/U0/I_RST_MODULE/REG_HRD_RST/dest_clk
    SLICE_X52Y86         FDRE                                         r  cnn_system_i/axi_dma_0/U0/I_RST_MODULE/REG_HRD_RST/syncstages_ff_reg[0]/C

Slack:                    inf
  Source:                 cnn_system_i/rst_gen/U0/ACTIVE_LOW_PR_OUT_DFF[0].FDRE_PER_N/C
                            (rising edge-triggered cell FDRE clocked by clk_fpga_0  {rise@0.000ns fall@5.000ns period=10.000ns})
  Destination:            cnn_system_i/axi_dma_0/U0/I_RST_MODULE/REG_HRD_RST_OUT/syncstages_ff_reg[0]/D
                            (rising edge-triggered cell FDRE clocked by clk_fpga_0  {rise@0.000ns fall@5.000ns period=10.000ns})
  Path Group:             (none)
  Path Type:              Hold (Min at Fast Process Corner)
  Data Path Delay:        0.401ns  (logic 0.141ns (35.143%)  route 0.260ns (64.857%))
  Logic Levels:           0  
  Clock Path Skew:        0.305ns (DCD - SCD - CPR)
    Destination Clock Delay (DCD):    1.189ns
    Source Clock Delay      (SCD):    0.884ns
    Clock Pessimism Removal (CPR):    -0.000ns
  Clock Uncertainty:      0.154ns  ((TSJ^2 + TIJ^2)^1/2 + DJ) / 2 + PE
    Total System Jitter     (TSJ):    0.071ns
    Total Input Jitter      (TIJ):    0.300ns
    Discrete Jitter          (DJ):    0.000ns
    Phase Error              (PE):    0.000ns
  Timing Exception:       False Path

    Location             Delay type                Incr(ns)  Path(ns)    Netlist Resource(s)
  -------------------------------------------------------------------    -------------------
                         (clock clk_fpga_0 rise edge)
                                                      0.000     0.000 r  
    PS7_X0Y0             PS7                          0.000     0.000 r  cnn_system_i/ps7/inst/PS7_i/FCLKCLK[0]
                         net (fo=1, routed)           0.310     0.310    cnn_system_i/ps7/inst/FCLK_CLK_unbuffered[0]
    BUFGCTRL_X0Y16       BUFG (Prop_bufg_I_O)         0.026     0.336 r  cnn_system_i/ps7/inst/buffer_fclk_clk_0.FCLK_CLK_0_BUFG/O
                         net (fo=14852, routed)       0.548     0.884    cnn_system_i/rst_gen/U0/slowest_sync_clk
    SLICE_X52Y86         FDRE                                         r  cnn_system_i/rst_gen/U0/ACTIVE_LOW_PR_OUT_DFF[0].FDRE_PER_N/C
  -------------------------------------------------------------------    -------------------
    SLICE_X52Y86         FDRE (Prop_fdre_C_Q)         0.141     1.025 r  cnn_system_i/rst_gen/U0/ACTIVE_LOW_PR_OUT_DFF[0].FDRE_PER_N/Q
                         net (fo=2, routed)           0.260     1.285    cnn_system_i/axi_dma_0/U0/I_RST_MODULE/REG_HRD_RST_OUT/src_rst
    SLICE_X48Y90         FDRE                                         r  cnn_system_i/axi_dma_0/U0/I_RST_MODULE/REG_HRD_RST_OUT/syncstages_ff_reg[0]/D
  -------------------------------------------------------------------    -------------------

                         (clock clk_fpga_0 rise edge)
                                                      0.000     0.000 r  
    PS7_X0Y0             PS7                          0.000     0.000 r  cnn_system_i/ps7/inst/PS7_i/FCLKCLK[0]
                         net (fo=1, routed)           0.337     0.337    cnn_system_i/ps7/inst/FCLK_CLK_unbuffered[0]
    BUFGCTRL_X0Y16       BUFG (Prop_bufg_I_O)         0.029     0.366 r  cnn_system_i/ps7/inst/buffer_fclk_clk_0.FCLK_CLK_0_BUFG/O
                         net (fo=14852, routed)       0.823     1.189    cnn_system_i/axi_dma_0/U0/I_RST_MODULE/REG_HRD_RST_OUT/dest_clk
    SLICE_X48Y90         FDRE                                         r  cnn_system_i/axi_dma_0/U0/I_RST_MODULE/REG_HRD_RST_OUT/syncstages_ff_reg[0]/C





--------------------------------------------------------------------------------------
Path Group:  (none)
From Clock:  
  To Clock:  clk_fpga_0

Max Delay          1490 Endpoints
Min Delay          1490 Endpoints
--------------------------------------------------------------------------------------


Max Delay Paths
--------------------------------------------------------------------------------------
Slack:                    inf
  Source:                 cnn_system_i/ps7/inst/PS7_i/FCLKRESETN[0]
                            (internal pin)
  Destination:            cnn_system_i/cnn_top_0/inst/grp_cnn_top_Pipeline_CONV2_R_CONV2_C_CONV2_CH_L_fu_480/ap_CS_fsm_reg[1]_replica_3/R
                            (rising edge-triggered cell FDRE clocked by clk_fpga_0  {rise@0.000ns fall@5.000ns period=10.000ns})
  Path Group:             (none)
  Path Type:              Setup (Max at Slow Process Corner)
  Data Path Delay:        13.204ns  (logic 0.124ns (0.939%)  route 13.080ns (99.061%))
  Logic Levels:           1  (LUT1=1)
  Clock Uncertainty:      0.152ns  ((TSJ^2 + TIJ^2)^1/2 + DJ) / 2 + PE
    Total System Jitter     (TSJ):    0.050ns
    Total Input Jitter      (TIJ):    0.300ns
    Discrete Jitter          (DJ):    0.000ns
    Phase Error              (PE):    0.000ns

    Location             Delay type                Incr(ns)  Path(ns)    Netlist Resource(s)
  -------------------------------------------------------------------    -------------------
    PS7_X0Y0             PS7                          0.000     0.000 f  cnn_system_i/ps7/inst/PS7_i/FCLKRESETN[0]
                         net (fo=60, routed)          2.863     2.863    cnn_system_i/cnn_top_0/inst/weights_m_axi_U/bus_read/rreq_burst_conv/burst_sequential/rs_req/ap_rst_n
    SLICE_X55Y86         LUT1 (Prop_lut1_I0_O)        0.124     2.987 r  cnn_system_i/cnn_top_0/inst/weights_m_axi_U/bus_read/rreq_burst_conv/burst_sequential/rs_req/could_multi_bursts.burst_valid_i_1/O
                         net (fo=990, routed)        10.217    13.204    cnn_system_i/cnn_top_0/inst/grp_cnn_top_Pipeline_CONV2_R_CONV2_C_CONV2_CH_L_fu_480/ap_rst_n_inv
    SLICE_X90Y13         FDRE                                         r  cnn_system_i/cnn_top_0/inst/grp_cnn_top_Pipeline_CONV2_R_CONV2_C_CONV2_CH_L_fu_480/ap_CS_fsm_reg[1]_replica_3/R
  -------------------------------------------------------------------    -------------------

                         (clock clk_fpga_0 rise edge)
                                                      0.000     0.000 r  
    PS7_X0Y0             PS7                          0.000     0.000 r  cnn_system_i/ps7/inst/PS7_i/FCLKCLK[0]
                         net (fo=1, routed)           1.088     1.088    cnn_system_i/ps7/inst/FCLK_CLK_unbuffered[0]
    BUFGCTRL_X0Y16       BUFG (Prop_bufg_I_O)         0.091     1.179 r  cnn_system_i/ps7/inst/buffer_fclk_clk_0.FCLK_CLK_0_BUFG/O
                         net (fo=14852, routed)       1.617     2.796    cnn_system_i/cnn_top_0/inst/grp_cnn_top_Pipeline_CONV2_R_CONV2_C_CONV2_CH_L_fu_480/ap_clk
    SLICE_X90Y13         FDRE                                         r  cnn_system_i/cnn_top_0/inst/grp_cnn_top_Pipeline_CONV2_R_CONV2_C_CONV2_CH_L_fu_480/ap_CS_fsm_reg[1]_replica_3/C

Slack:                    inf
  Source:                 cnn_system_i/ps7/inst/PS7_i/FCLKRESETN[0]
                            (internal pin)
  Destination:            cnn_system_i/cnn_top_0/inst/grp_cnn_top_Pipeline_CONV2_R_CONV2_C_CONV2_CH_L_fu_480/ap_CS_fsm_reg[1]_replica_5/R
                            (rising edge-triggered cell FDRE clocked by clk_fpga_0  {rise@0.000ns fall@5.000ns period=10.000ns})
  Path Group:             (none)
  Path Type:              Setup (Max at Slow Process Corner)
  Data Path Delay:        13.106ns  (logic 0.124ns (0.946%)  route 12.982ns (99.054%))
  Logic Levels:           1  (LUT1=1)
  Clock Uncertainty:      0.152ns  ((TSJ^2 + TIJ^2)^1/2 + DJ) / 2 + PE
    Total System Jitter     (TSJ):    0.050ns
    Total Input Jitter      (TIJ):    0.300ns
    Discrete Jitter          (DJ):    0.000ns
    Phase Error              (PE):    0.000ns

    Location             Delay type                Incr(ns)  Path(ns)    Netlist Resource(s)
  -------------------------------------------------------------------    -------------------
    PS7_X0Y0             PS7                          0.000     0.000 f  cnn_system_i/ps7/inst/PS7_i/FCLKRESETN[0]
                         net (fo=60, routed)          2.863     2.863    cnn_system_i/cnn_top_0/inst/weights_m_axi_U/bus_read/rreq_burst_conv/burst_sequential/rs_req/ap_rst_n
    SLICE_X55Y86         LUT1 (Prop_lut1_I0_O)        0.124     2.987 r  cnn_system_i/cnn_top_0/inst/weights_m_axi_U/bus_read/rreq_burst_conv/burst_sequential/rs_req/could_multi_bursts.burst_valid_i_1/O
                         net (fo=990, routed)        10.119    13.106    cnn_system_i/cnn_top_0/inst/grp_cnn_top_Pipeline_CONV2_R_CONV2_C_CONV2_CH_L_fu_480/ap_rst_n_inv
    SLICE_X90Y15         FDRE                                         r  cnn_system_i/cnn_top_0/inst/grp_cnn_top_Pipeline_CONV2_R_CONV2_C_CONV2_CH_L_fu_480/ap_CS_fsm_reg[1]_replica_5/R
  -------------------------------------------------------------------    -------------------

                         (clock clk_fpga_0 rise edge)
                                                      0.000     0.000 r  
    PS7_X0Y0             PS7                          0.000     0.000 r  cnn_system_i/ps7/inst/PS7_i/FCLKCLK[0]
                         net (fo=1, routed)           1.088     1.088    cnn_system_i/ps7/inst/FCLK_CLK_unbuffered[0]
    BUFGCTRL_X0Y16       BUFG (Prop_bufg_I_O)         0.091     1.179 r  cnn_system_i/ps7/inst/buffer_fclk_clk_0.FCLK_CLK_0_BUFG/O
                         net (fo=14852, routed)       1.616     2.795    cnn_system_i/cnn_top_0/inst/grp_cnn_top_Pipeline_CONV2_R_CONV2_C_CONV2_CH_L_fu_480/ap_clk
    SLICE_X90Y15         FDRE                                         r  cnn_system_i/cnn_top_0/inst/grp_cnn_top_Pipeline_CONV2_R_CONV2_C_CONV2_CH_L_fu_480/ap_CS_fsm_reg[1]_replica_5/C

Slack:                    inf
  Source:                 cnn_system_i/ps7/inst/PS7_i/FCLKRESETN[0]
                            (internal pin)
  Destination:            cnn_system_i/cnn_top_0/inst/grp_cnn_top_Pipeline_CONV2_R_CONV2_C_CONV2_CH_L_fu_480/ap_CS_fsm_reg[1]_replica_4/R
                            (rising edge-triggered cell FDRE clocked by clk_fpga_0  {rise@0.000ns fall@5.000ns period=10.000ns})
  Path Group:             (none)
  Path Type:              Setup (Max at Slow Process Corner)
  Data Path Delay:        12.751ns  (logic 0.124ns (0.972%)  route 12.627ns (99.028%))
  Logic Levels:           1  (LUT1=1)
  Clock Uncertainty:      0.152ns  ((TSJ^2 + TIJ^2)^1/2 + DJ) / 2 + PE
    Total System Jitter     (TSJ):    0.050ns
    Total Input Jitter      (TIJ):    0.300ns
    Discrete Jitter          (DJ):    0.000ns
    Phase Error              (PE):    0.000ns

    Location             Delay type                Incr(ns)  Path(ns)    Netlist Resource(s)
  -------------------------------------------------------------------    -------------------
    PS7_X0Y0             PS7                          0.000     0.000 f  cnn_system_i/ps7/inst/PS7_i/FCLKRESETN[0]
                         net (fo=60, routed)          2.863     2.863    cnn_system_i/cnn_top_0/inst/weights_m_axi_U/bus_read/rreq_burst_conv/burst_sequential/rs_req/ap_rst_n
    SLICE_X55Y86         LUT1 (Prop_lut1_I0_O)        0.124     2.987 r  cnn_system_i/cnn_top_0/inst/weights_m_axi_U/bus_read/rreq_burst_conv/burst_sequential/rs_req/could_multi_bursts.burst_valid_i_1/O
                         net (fo=990, routed)         9.764    12.751    cnn_system_i/cnn_top_0/inst/grp_cnn_top_Pipeline_CONV2_R_CONV2_C_CONV2_CH_L_fu_480/ap_rst_n_inv
    SLICE_X25Y16         FDRE                                         r  cnn_system_i/cnn_top_0/inst/grp_cnn_top_Pipeline_CONV2_R_CONV2_C_CONV2_CH_L_fu_480/ap_CS_fsm_reg[1]_replica_4/R
  -------------------------------------------------------------------    -------------------

                         (clock clk_fpga_0 rise edge)
                                                      0.000     0.000 r  
    PS7_X0Y0             PS7                          0.000     0.000 r  cnn_system_i/ps7/inst/PS7_i/FCLKCLK[0]
                         net (fo=1, routed)           1.088     1.088    cnn_system_i/ps7/inst/FCLK_CLK_unbuffered[0]
    BUFGCTRL_X0Y16       BUFG (Prop_bufg_I_O)         0.091     1.179 r  cnn_system_i/ps7/inst/buffer_fclk_clk_0.FCLK_CLK_0_BUFG/O
                         net (fo=14852, routed)       1.565     2.744    cnn_system_i/cnn_top_0/inst/grp_cnn_top_Pipeline_CONV2_R_CONV2_C_CONV2_CH_L_fu_480/ap_clk
    SLICE_X25Y16         FDRE                                         r  cnn_system_i/cnn_top_0/inst/grp_cnn_top_Pipeline_CONV2_R_CONV2_C_CONV2_CH_L_fu_480/ap_CS_fsm_reg[1]_replica_4/C

Slack:                    inf
  Source:                 cnn_system_i/ps7/inst/PS7_i/FCLKRESETN[0]
                            (internal pin)
  Destination:            cnn_system_i/cnn_top_0/inst/grp_cnn_top_Pipeline_CONV2_R_CONV2_C_CONV2_CH_L_fu_480/ap_CS_fsm_reg[1]_replica_6/R
                            (rising edge-triggered cell FDRE clocked by clk_fpga_0  {rise@0.000ns fall@5.000ns period=10.000ns})
  Path Group:             (none)
  Path Type:              Setup (Max at Slow Process Corner)
  Data Path Delay:        12.751ns  (logic 0.124ns (0.972%)  route 12.627ns (99.028%))
  Logic Levels:           1  (LUT1=1)
  Clock Uncertainty:      0.152ns  ((TSJ^2 + TIJ^2)^1/2 + DJ) / 2 + PE
    Total System Jitter     (TSJ):    0.050ns
    Total Input Jitter      (TIJ):    0.300ns
    Discrete Jitter          (DJ):    0.000ns
    Phase Error              (PE):    0.000ns

    Location             Delay type                Incr(ns)  Path(ns)    Netlist Resource(s)
  -------------------------------------------------------------------    -------------------
    PS7_X0Y0             PS7                          0.000     0.000 f  cnn_system_i/ps7/inst/PS7_i/FCLKRESETN[0]
                         net (fo=60, routed)          2.863     2.863    cnn_system_i/cnn_top_0/inst/weights_m_axi_U/bus_read/rreq_burst_conv/burst_sequential/rs_req/ap_rst_n
    SLICE_X55Y86         LUT1 (Prop_lut1_I0_O)        0.124     2.987 r  cnn_system_i/cnn_top_0/inst/weights_m_axi_U/bus_read/rreq_burst_conv/burst_sequential/rs_req/could_multi_bursts.burst_valid_i_1/O
                         net (fo=990, routed)         9.764    12.751    cnn_system_i/cnn_top_0/inst/grp_cnn_top_Pipeline_CONV2_R_CONV2_C_CONV2_CH_L_fu_480/ap_rst_n_inv
    SLICE_X25Y16         FDRE                                         r  cnn_system_i/cnn_top_0/inst/grp_cnn_top_Pipeline_CONV2_R_CONV2_C_CONV2_CH_L_fu_480/ap_CS_fsm_reg[1]_replica_6/R
  -------------------------------------------------------------------    -------------------

                         (clock clk_fpga_0 rise edge)
                                                      0.000     0.000 r  
    PS7_X0Y0             PS7                          0.000     0.000 r  cnn_system_i/ps7/inst/PS7_i/FCLKCLK[0]
                         net (fo=1, routed)           1.088     1.088    cnn_system_i/ps7/inst/FCLK_CLK_unbuffered[0]
    BUFGCTRL_X0Y16       BUFG (Prop_bufg_I_O)         0.091     1.179 r  cnn_system_i/ps7/inst/buffer_fclk_clk_0.FCLK_CLK_0_BUFG/O
                         net (fo=14852, routed)       1.565     2.744    cnn_system_i/cnn_top_0/inst/grp_cnn_top_Pipeline_CONV2_R_CONV2_C_CONV2_CH_L_fu_480/ap_clk
    SLICE_X25Y16         FDRE                                         r  cnn_system_i/cnn_top_0/inst/grp_cnn_top_Pipeline_CONV2_R_CONV2_C_CONV2_CH_L_fu_480/ap_CS_fsm_reg[1]_replica_6/C

Slack:                    inf
  Source:                 cnn_system_i/ps7/inst/PS7_i/FCLKRESETN[0]
                            (internal pin)
  Destination:            cnn_system_i/cnn_top_0/inst/grp_cnn_top_Pipeline_CONV2_R_CONV2_C_CONV2_CH_L_fu_480/ap_CS_fsm_reg[4]_replica_3/R
                            (rising edge-triggered cell FDRE clocked by clk_fpga_0  {rise@0.000ns fall@5.000ns period=10.000ns})
  Path Group:             (none)
  Path Type:              Setup (Max at Slow Process Corner)
  Data Path Delay:        12.751ns  (logic 0.124ns (0.972%)  route 12.627ns (99.028%))
  Logic Levels:           1  (LUT1=1)
  Clock Uncertainty:      0.152ns  ((TSJ^2 + TIJ^2)^1/2 + DJ) / 2 + PE
    Total System Jitter     (TSJ):    0.050ns
    Total Input Jitter      (TIJ):    0.300ns
    Discrete Jitter          (DJ):    0.000ns
    Phase Error              (PE):    0.000ns

    Location             Delay type                Incr(ns)  Path(ns)    Netlist Resource(s)
  -------------------------------------------------------------------    -------------------
    PS7_X0Y0             PS7                          0.000     0.000 f  cnn_system_i/ps7/inst/PS7_i/FCLKRESETN[0]
                         net (fo=60, routed)          2.863     2.863    cnn_system_i/cnn_top_0/inst/weights_m_axi_U/bus_read/rreq_burst_conv/burst_sequential/rs_req/ap_rst_n
    SLICE_X55Y86         LUT1 (Prop_lut1_I0_O)        0.124     2.987 r  cnn_system_i/cnn_top_0/inst/weights_m_axi_U/bus_read/rreq_burst_conv/burst_sequential/rs_req/could_multi_bursts.burst_valid_i_1/O
                         net (fo=990, routed)         9.764    12.751    cnn_system_i/cnn_top_0/inst/grp_cnn_top_Pipeline_CONV2_R_CONV2_C_CONV2_CH_L_fu_480/ap_rst_n_inv
    SLICE_X25Y16         FDRE                                         r  cnn_system_i/cnn_top_0/inst/grp_cnn_top_Pipeline_CONV2_R_CONV2_C_CONV2_CH_L_fu_480/ap_CS_fsm_reg[4]_replica_3/R
  -------------------------------------------------------------------    -------------------

                         (clock clk_fpga_0 rise edge)
                                                      0.000     0.000 r  
    PS7_X0Y0             PS7                          0.000     0.000 r  cnn_system_i/ps7/inst/PS7_i/FCLKCLK[0]
                         net (fo=1, routed)           1.088     1.088    cnn_system_i/ps7/inst/FCLK_CLK_unbuffered[0]
    BUFGCTRL_X0Y16       BUFG (Prop_bufg_I_O)         0.091     1.179 r  cnn_system_i/ps7/inst/buffer_fclk_clk_0.FCLK_CLK_0_BUFG/O
                         net (fo=14852, routed)       1.565     2.744    cnn_system_i/cnn_top_0/inst/grp_cnn_top_Pipeline_CONV2_R_CONV2_C_CONV2_CH_L_fu_480/ap_clk
    SLICE_X25Y16         FDRE                                         r  cnn_system_i/cnn_top_0/inst/grp_cnn_top_Pipeline_CONV2_R_CONV2_C_CONV2_CH_L_fu_480/ap_CS_fsm_reg[4]_replica_3/C

Slack:                    inf
  Source:                 cnn_system_i/ps7/inst/PS7_i/FCLKRESETN[0]
                            (internal pin)
  Destination:            cnn_system_i/cnn_top_0/inst/grp_cnn_top_Pipeline_CONV2_R_CONV2_C_CONV2_CH_L_fu_480/ap_CS_fsm_reg[1]_replica_2/R
                            (rising edge-triggered cell FDRE clocked by clk_fpga_0  {rise@0.000ns fall@5.000ns period=10.000ns})
  Path Group:             (none)
  Path Type:              Setup (Max at Slow Process Corner)
  Data Path Delay:        12.684ns  (logic 0.124ns (0.978%)  route 12.560ns (99.022%))
  Logic Levels:           1  (LUT1=1)
  Clock Uncertainty:      0.152ns  ((TSJ^2 + TIJ^2)^1/2 + DJ) / 2 + PE
    Total System Jitter     (TSJ):    0.050ns
    Total Input Jitter      (TIJ):    0.300ns
    Discrete Jitter          (DJ):    0.000ns
    Phase Error              (PE):    0.000ns

    Location             Delay type                Incr(ns)  Path(ns)    Netlist Resource(s)
  -------------------------------------------------------------------    -------------------
    PS7_X0Y0             PS7                          0.000     0.000 f  cnn_system_i/ps7/inst/PS7_i/FCLKRESETN[0]
                         net (fo=60, routed)          2.863     2.863    cnn_system_i/cnn_top_0/inst/weights_m_axi_U/bus_read/rreq_burst_conv/burst_sequential/rs_req/ap_rst_n
    SLICE_X55Y86         LUT1 (Prop_lut1_I0_O)        0.124     2.987 r  cnn_system_i/cnn_top_0/inst/weights_m_axi_U/bus_read/rreq_burst_conv/burst_sequential/rs_req/could_multi_bursts.burst_valid_i_1/O
                         net (fo=990, routed)         9.697    12.684    cnn_system_i/cnn_top_0/inst/grp_cnn_top_Pipeline_CONV2_R_CONV2_C_CONV2_CH_L_fu_480/ap_rst_n_inv
    SLICE_X87Y24         FDRE                                         r  cnn_system_i/cnn_top_0/inst/grp_cnn_top_Pipeline_CONV2_R_CONV2_C_CONV2_CH_L_fu_480/ap_CS_fsm_reg[1]_replica_2/R
  -------------------------------------------------------------------    -------------------

                         (clock clk_fpga_0 rise edge)
                                                      0.000     0.000 r  
    PS7_X0Y0             PS7                          0.000     0.000 r  cnn_system_i/ps7/inst/PS7_i/FCLKCLK[0]
                         net (fo=1, routed)           1.088     1.088    cnn_system_i/ps7/inst/FCLK_CLK_unbuffered[0]
    BUFGCTRL_X0Y16       BUFG (Prop_bufg_I_O)         0.091     1.179 r  cnn_system_i/ps7/inst/buffer_fclk_clk_0.FCLK_CLK_0_BUFG/O
                         net (fo=14852, routed)       1.546     2.725    cnn_system_i/cnn_top_0/inst/grp_cnn_top_Pipeline_CONV2_R_CONV2_C_CONV2_CH_L_fu_480/ap_clk
    SLICE_X87Y24         FDRE                                         r  cnn_system_i/cnn_top_0/inst/grp_cnn_top_Pipeline_CONV2_R_CONV2_C_CONV2_CH_L_fu_480/ap_CS_fsm_reg[1]_replica_2/C

Slack:                    inf
  Source:                 cnn_system_i/ps7/inst/PS7_i/FCLKRESETN[0]
                            (internal pin)
  Destination:            cnn_system_i/cnn_top_0/inst/grp_cnn_top_Pipeline_CONV2_R_CONV2_C_CONV2_CH_L_fu_480/ap_CS_fsm_reg[4]_replica_4/R
                            (rising edge-triggered cell FDRE clocked by clk_fpga_0  {rise@0.000ns fall@5.000ns period=10.000ns})
  Path Group:             (none)
  Path Type:              Setup (Max at Slow Process Corner)
  Data Path Delay:        12.684ns  (logic 0.124ns (0.978%)  route 12.560ns (99.022%))
  Logic Levels:           1  (LUT1=1)
  Clock Uncertainty:      0.152ns  ((TSJ^2 + TIJ^2)^1/2 + DJ) / 2 + PE
    Total System Jitter     (TSJ):    0.050ns
    Total Input Jitter      (TIJ):    0.300ns
    Discrete Jitter          (DJ):    0.000ns
    Phase Error              (PE):    0.000ns

    Location             Delay type                Incr(ns)  Path(ns)    Netlist Resource(s)
  -------------------------------------------------------------------    -------------------
    PS7_X0Y0             PS7                          0.000     0.000 f  cnn_system_i/ps7/inst/PS7_i/FCLKRESETN[0]
                         net (fo=60, routed)          2.863     2.863    cnn_system_i/cnn_top_0/inst/weights_m_axi_U/bus_read/rreq_burst_conv/burst_sequential/rs_req/ap_rst_n
    SLICE_X55Y86         LUT1 (Prop_lut1_I0_O)        0.124     2.987 r  cnn_system_i/cnn_top_0/inst/weights_m_axi_U/bus_read/rreq_burst_conv/burst_sequential/rs_req/could_multi_bursts.burst_valid_i_1/O
                         net (fo=990, routed)         9.697    12.684    cnn_system_i/cnn_top_0/inst/grp_cnn_top_Pipeline_CONV2_R_CONV2_C_CONV2_CH_L_fu_480/ap_rst_n_inv
    SLICE_X86Y24         FDRE                                         r  cnn_system_i/cnn_top_0/inst/grp_cnn_top_Pipeline_CONV2_R_CONV2_C_CONV2_CH_L_fu_480/ap_CS_fsm_reg[4]_replica_4/R
  -------------------------------------------------------------------    -------------------

                         (clock clk_fpga_0 rise edge)
                                                      0.000     0.000 r  
    PS7_X0Y0             PS7                          0.000     0.000 r  cnn_system_i/ps7/inst/PS7_i/FCLKCLK[0]
                         net (fo=1, routed)           1.088     1.088    cnn_system_i/ps7/inst/FCLK_CLK_unbuffered[0]
    BUFGCTRL_X0Y16       BUFG (Prop_bufg_I_O)         0.091     1.179 r  cnn_system_i/ps7/inst/buffer_fclk_clk_0.FCLK_CLK_0_BUFG/O
                         net (fo=14852, routed)       1.546     2.725    cnn_system_i/cnn_top_0/inst/grp_cnn_top_Pipeline_CONV2_R_CONV2_C_CONV2_CH_L_fu_480/ap_clk
    SLICE_X86Y24         FDRE                                         r  cnn_system_i/cnn_top_0/inst/grp_cnn_top_Pipeline_CONV2_R_CONV2_C_CONV2_CH_L_fu_480/ap_CS_fsm_reg[4]_replica_4/C

Slack:                    inf
  Source:                 cnn_system_i/ps7/inst/PS7_i/FCLKRESETN[0]
                            (internal pin)
  Destination:            cnn_system_i/cnn_top_0/inst/grp_cnn_top_Pipeline_CONV2_R_CONV2_C_CONV2_CH_L_fu_480/ap_CS_fsm_reg[4]_replica_5/R
                            (rising edge-triggered cell FDRE clocked by clk_fpga_0  {rise@0.000ns fall@5.000ns period=10.000ns})
  Path Group:             (none)
  Path Type:              Setup (Max at Slow Process Corner)
  Data Path Delay:        12.607ns  (logic 0.124ns (0.984%)  route 12.483ns (99.016%))
  Logic Levels:           1  (LUT1=1)
  Clock Uncertainty:      0.152ns  ((TSJ^2 + TIJ^2)^1/2 + DJ) / 2 + PE
    Total System Jitter     (TSJ):    0.050ns
    Total Input Jitter      (TIJ):    0.300ns
    Discrete Jitter          (DJ):    0.000ns
    Phase Error              (PE):    0.000ns

    Location             Delay type                Incr(ns)  Path(ns)    Netlist Resource(s)
  -------------------------------------------------------------------    -------------------
    PS7_X0Y0             PS7                          0.000     0.000 f  cnn_system_i/ps7/inst/PS7_i/FCLKRESETN[0]
                         net (fo=60, routed)          2.863     2.863    cnn_system_i/cnn_top_0/inst/weights_m_axi_U/bus_read/rreq_burst_conv/burst_sequential/rs_req/ap_rst_n
    SLICE_X55Y86         LUT1 (Prop_lut1_I0_O)        0.124     2.987 r  cnn_system_i/cnn_top_0/inst/weights_m_axi_U/bus_read/rreq_burst_conv/burst_sequential/rs_req/could_multi_bursts.burst_valid_i_1/O
                         net (fo=990, routed)         9.620    12.607    cnn_system_i/cnn_top_0/inst/grp_cnn_top_Pipeline_CONV2_R_CONV2_C_CONV2_CH_L_fu_480/ap_rst_n_inv
    SLICE_X25Y18         FDRE                                         r  cnn_system_i/cnn_top_0/inst/grp_cnn_top_Pipeline_CONV2_R_CONV2_C_CONV2_CH_L_fu_480/ap_CS_fsm_reg[4]_replica_5/R
  -------------------------------------------------------------------    -------------------

                         (clock clk_fpga_0 rise edge)
                                                      0.000     0.000 r  
    PS7_X0Y0             PS7                          0.000     0.000 r  cnn_system_i/ps7/inst/PS7_i/FCLKCLK[0]
                         net (fo=1, routed)           1.088     1.088    cnn_system_i/ps7/inst/FCLK_CLK_unbuffered[0]
    BUFGCTRL_X0Y16       BUFG (Prop_bufg_I_O)         0.091     1.179 r  cnn_system_i/ps7/inst/buffer_fclk_clk_0.FCLK_CLK_0_BUFG/O
                         net (fo=14852, routed)       1.562     2.741    cnn_system_i/cnn_top_0/inst/grp_cnn_top_Pipeline_CONV2_R_CONV2_C_CONV2_CH_L_fu_480/ap_clk
    SLICE_X25Y18         FDRE                                         r  cnn_system_i/cnn_top_0/inst/grp_cnn_top_Pipeline_CONV2_R_CONV2_C_CONV2_CH_L_fu_480/ap_CS_fsm_reg[4]_replica_5/C

Slack:                    inf
  Source:                 cnn_system_i/ps7/inst/PS7_i/FCLKRESETN[0]
                            (internal pin)
  Destination:            cnn_system_i/cnn_top_0/inst/grp_cnn_top_Pipeline_CONV2_R_CONV2_C_CONV2_CH_L_fu_480/ap_CS_fsm_reg[4]_replica_2/R
                            (rising edge-triggered cell FDRE clocked by clk_fpga_0  {rise@0.000ns fall@5.000ns period=10.000ns})
  Path Group:             (none)
  Path Type:              Setup (Max at Slow Process Corner)
  Data Path Delay:        12.585ns  (logic 0.124ns (0.985%)  route 12.461ns (99.015%))
  Logic Levels:           1  (LUT1=1)
  Clock Uncertainty:      0.152ns  ((TSJ^2 + TIJ^2)^1/2 + DJ) / 2 + PE
    Total System Jitter     (TSJ):    0.050ns
    Total Input Jitter      (TIJ):    0.300ns
    Discrete Jitter          (DJ):    0.000ns
    Phase Error              (PE):    0.000ns

    Location             Delay type                Incr(ns)  Path(ns)    Netlist Resource(s)
  -------------------------------------------------------------------    -------------------
    PS7_X0Y0             PS7                          0.000     0.000 f  cnn_system_i/ps7/inst/PS7_i/FCLKRESETN[0]
                         net (fo=60, routed)          2.863     2.863    cnn_system_i/cnn_top_0/inst/weights_m_axi_U/bus_read/rreq_burst_conv/burst_sequential/rs_req/ap_rst_n
    SLICE_X55Y86         LUT1 (Prop_lut1_I0_O)        0.124     2.987 r  cnn_system_i/cnn_top_0/inst/weights_m_axi_U/bus_read/rreq_burst_conv/burst_sequential/rs_req/could_multi_bursts.burst_valid_i_1/O
                         net (fo=990, routed)         9.597    12.585    cnn_system_i/cnn_top_0/inst/grp_cnn_top_Pipeline_CONV2_R_CONV2_C_CONV2_CH_L_fu_480/ap_rst_n_inv
    SLICE_X84Y12         FDRE                                         r  cnn_system_i/cnn_top_0/inst/grp_cnn_top_Pipeline_CONV2_R_CONV2_C_CONV2_CH_L_fu_480/ap_CS_fsm_reg[4]_replica_2/R
  -------------------------------------------------------------------    -------------------

                         (clock clk_fpga_0 rise edge)
                                                      0.000     0.000 r  
    PS7_X0Y0             PS7                          0.000     0.000 r  cnn_system_i/ps7/inst/PS7_i/FCLKCLK[0]
                         net (fo=1, routed)           1.088     1.088    cnn_system_i/ps7/inst/FCLK_CLK_unbuffered[0]
    BUFGCTRL_X0Y16       BUFG (Prop_bufg_I_O)         0.091     1.179 r  cnn_system_i/ps7/inst/buffer_fclk_clk_0.FCLK_CLK_0_BUFG/O
                         net (fo=14852, routed)       1.558     2.737    cnn_system_i/cnn_top_0/inst/grp_cnn_top_Pipeline_CONV2_R_CONV2_C_CONV2_CH_L_fu_480/ap_clk
    SLICE_X84Y12         FDRE                                         r  cnn_system_i/cnn_top_0/inst/grp_cnn_top_Pipeline_CONV2_R_CONV2_C_CONV2_CH_L_fu_480/ap_CS_fsm_reg[4]_replica_2/C

Slack:                    inf
  Source:                 cnn_system_i/ps7/inst/PS7_i/FCLKRESETN[0]
                            (internal pin)
  Destination:            cnn_system_i/cnn_top_0/inst/grp_cnn_top_Pipeline_POOL1_CH_POOL1_R_POOL1_C_fu_465/ap_enable_reg_pp0_iter2_reg/R
                            (rising edge-triggered cell FDRE clocked by clk_fpga_0  {rise@0.000ns fall@5.000ns period=10.000ns})
  Path Group:             (none)
  Path Type:              Setup (Max at Slow Process Corner)
  Data Path Delay:        12.489ns  (logic 0.124ns (0.993%)  route 12.365ns (99.007%))
  Logic Levels:           1  (LUT1=1)
  Clock Uncertainty:      0.152ns  ((TSJ^2 + TIJ^2)^1/2 + DJ) / 2 + PE
    Total System Jitter     (TSJ):    0.050ns
    Total Input Jitter      (TIJ):    0.300ns
    Discrete Jitter          (DJ):    0.000ns
    Phase Error              (PE):    0.000ns

    Location             Delay type                Incr(ns)  Path(ns)    Netlist Resource(s)
  -------------------------------------------------------------------    -------------------
    PS7_X0Y0             PS7                          0.000     0.000 f  cnn_system_i/ps7/inst/PS7_i/FCLKRESETN[0]
                         net (fo=60, routed)          2.863     2.863    cnn_system_i/cnn_top_0/inst/weights_m_axi_U/bus_read/rreq_burst_conv/burst_sequential/rs_req/ap_rst_n
    SLICE_X55Y86         LUT1 (Prop_lut1_I0_O)        0.124     2.987 r  cnn_system_i/cnn_top_0/inst/weights_m_axi_U/bus_read/rreq_burst_conv/burst_sequential/rs_req/could_multi_bursts.burst_valid_i_1/O
                         net (fo=990, routed)         9.502    12.489    cnn_system_i/cnn_top_0/inst/grp_cnn_top_Pipeline_POOL1_CH_POOL1_R_POOL1_C_fu_465/ap_rst_n_inv
    SLICE_X17Y25         FDRE                                         r  cnn_system_i/cnn_top_0/inst/grp_cnn_top_Pipeline_POOL1_CH_POOL1_R_POOL1_C_fu_465/ap_enable_reg_pp0_iter2_reg/R
  -------------------------------------------------------------------    -------------------

                         (clock clk_fpga_0 rise edge)
                                                      0.000     0.000 r  
    PS7_X0Y0             PS7                          0.000     0.000 r  cnn_system_i/ps7/inst/PS7_i/FCLKCLK[0]
                         net (fo=1, routed)           1.088     1.088    cnn_system_i/ps7/inst/FCLK_CLK_unbuffered[0]
    BUFGCTRL_X0Y16       BUFG (Prop_bufg_I_O)         0.091     1.179 r  cnn_system_i/ps7/inst/buffer_fclk_clk_0.FCLK_CLK_0_BUFG/O
                         net (fo=14852, routed)       1.563     2.742    cnn_system_i/cnn_top_0/inst/grp_cnn_top_Pipeline_POOL1_CH_POOL1_R_POOL1_C_fu_465/ap_clk
    SLICE_X17Y25         FDRE                                         r  cnn_system_i/cnn_top_0/inst/grp_cnn_top_Pipeline_POOL1_CH_POOL1_R_POOL1_C_fu_465/ap_enable_reg_pp0_iter2_reg/C





Min Delay Paths
--------------------------------------------------------------------------------------
Slack:                    inf
  Source:                 cnn_system_i/ps7/inst/PS7_i/FCLKRESETN[0]
                            (internal pin)
  Destination:            cnn_system_i/axi_ic_ctrl/s00_couplers/auto_pc/inst/gen_axilite.gen_b2s_conv.axilite_b2s/SI_REG/aw.aw_pipe/aresetn_d_reg[1]_inv/D
                            (rising edge-triggered cell FDRE clocked by clk_fpga_0  {rise@0.000ns fall@5.000ns period=10.000ns})
  Path Group:             (none)
  Path Type:              Hold (Min at Fast Process Corner)
  Data Path Delay:        0.399ns  (logic 0.045ns (11.280%)  route 0.354ns (88.720%))
  Logic Levels:           1  (LUT2=1)
  Clock Uncertainty:      0.152ns  ((TSJ^2 + TIJ^2)^1/2 + DJ) / 2 + PE
    Total System Jitter     (TSJ):    0.050ns
    Total Input Jitter      (TIJ):    0.300ns
    Discrete Jitter          (DJ):    0.000ns
    Phase Error              (PE):    0.000ns

    Location             Delay type                Incr(ns)  Path(ns)    Netlist Resource(s)
  -------------------------------------------------------------------    -------------------
    PS7_X0Y0             PS7                          0.000     0.000 f  cnn_system_i/ps7/inst/PS7_i/FCLKRESETN[0]
                         net (fo=60, routed)          0.354     0.354    cnn_system_i/axi_ic_ctrl/s00_couplers/auto_pc/inst/gen_axilite.gen_b2s_conv.axilite_b2s/SI_REG/aw.aw_pipe/aresetn
    SLICE_X30Y99         LUT2 (Prop_lut2_I1_O)        0.045     0.399 r  cnn_system_i/axi_ic_ctrl/s00_couplers/auto_pc/inst/gen_axilite.gen_b2s_conv.axilite_b2s/SI_REG/aw.aw_pipe/aresetn_d[1]_inv_i_1/O
                         net (fo=1, routed)           0.000     0.399    cnn_system_i/axi_ic_ctrl/s00_couplers/auto_pc/inst/gen_axilite.gen_b2s_conv.axilite_b2s/SI_REG/aw.aw_pipe/aresetn_d[1]_inv_i_1_n_0
    SLICE_X30Y99         FDRE                                         r  cnn_system_i/axi_ic_ctrl/s00_couplers/auto_pc/inst/gen_axilite.gen_b2s_conv.axilite_b2s/SI_REG/aw.aw_pipe/aresetn_d_reg[1]_inv/D
  -------------------------------------------------------------------    -------------------

                         (clock clk_fpga_0 rise edge)
                                                      0.000     0.000 r  
    PS7_X0Y0             PS7                          0.000     0.000 r  cnn_system_i/ps7/inst/PS7_i/FCLKCLK[0]
                         net (fo=1, routed)           0.337     0.337    cnn_system_i/ps7/inst/FCLK_CLK_unbuffered[0]
    BUFGCTRL_X0Y16       BUFG (Prop_bufg_I_O)         0.029     0.366 r  cnn_system_i/ps7/inst/buffer_fclk_clk_0.FCLK_CLK_0_BUFG/O
                         net (fo=14852, routed)       0.845     1.211    cnn_system_i/axi_ic_ctrl/s00_couplers/auto_pc/inst/gen_axilite.gen_b2s_conv.axilite_b2s/SI_REG/aw.aw_pipe/aclk
    SLICE_X30Y99         FDRE                                         r  cnn_system_i/axi_ic_ctrl/s00_couplers/auto_pc/inst/gen_axilite.gen_b2s_conv.axilite_b2s/SI_REG/aw.aw_pipe/aresetn_d_reg[1]_inv/C

Slack:                    inf
  Source:                 cnn_system_i/ps7/inst/PS7_i/FCLKRESETN[0]
                            (internal pin)
  Destination:            cnn_system_i/axi_ic_ctrl/s00_couplers/auto_pc/inst/gen_axilite.gen_b2s_conv.axilite_b2s/SI_REG/aw.aw_pipe/aresetn_d_reg[0]/D
                            (rising edge-triggered cell FDRE clocked by clk_fpga_0  {rise@0.000ns fall@5.000ns period=10.000ns})
  Path Group:             (none)
  Path Type:              Hold (Min at Fast Process Corner)
  Data Path Delay:        0.414ns  (logic 0.000ns (0.000%)  route 0.414ns (100.000%))
  Logic Levels:           0  
  Clock Uncertainty:      0.152ns  ((TSJ^2 + TIJ^2)^1/2 + DJ) / 2 + PE
    Total System Jitter     (TSJ):    0.050ns
    Total Input Jitter      (TIJ):    0.300ns
    Discrete Jitter          (DJ):    0.000ns
    Phase Error              (PE):    0.000ns

    Location             Delay type                Incr(ns)  Path(ns)    Netlist Resource(s)
  -------------------------------------------------------------------    -------------------
    PS7_X0Y0             PS7                          0.000     0.000 r  cnn_system_i/ps7/inst/PS7_i/FCLKRESETN[0]
                         net (fo=60, routed)          0.414     0.414    cnn_system_i/axi_ic_ctrl/s00_couplers/auto_pc/inst/gen_axilite.gen_b2s_conv.axilite_b2s/SI_REG/aw.aw_pipe/aresetn
    SLICE_X31Y99         FDRE                                         r  cnn_system_i/axi_ic_ctrl/s00_couplers/auto_pc/inst/gen_axilite.gen_b2s_conv.axilite_b2s/SI_REG/aw.aw_pipe/aresetn_d_reg[0]/D
  -------------------------------------------------------------------    -------------------

                         (clock clk_fpga_0 rise edge)
                                                      0.000     0.000 r  
    PS7_X0Y0             PS7                          0.000     0.000 r  cnn_system_i/ps7/inst/PS7_i/FCLKCLK[0]
                         net (fo=1, routed)           0.337     0.337    cnn_system_i/ps7/inst/FCLK_CLK_unbuffered[0]
    BUFGCTRL_X0Y16       BUFG (Prop_bufg_I_O)         0.029     0.366 r  cnn_system_i/ps7/inst/buffer_fclk_clk_0.FCLK_CLK_0_BUFG/O
                         net (fo=14852, routed)       0.845     1.211    cnn_system_i/axi_ic_ctrl/s00_couplers/auto_pc/inst/gen_axilite.gen_b2s_conv.axilite_b2s/SI_REG/aw.aw_pipe/aclk
    SLICE_X31Y99         FDRE                                         r  cnn_system_i/axi_ic_ctrl/s00_couplers/auto_pc/inst/gen_axilite.gen_b2s_conv.axilite_b2s/SI_REG/aw.aw_pipe/aresetn_d_reg[0]/C

Slack:                    inf
  Source:                 cnn_system_i/ps7/inst/PS7_i/FCLKRESETN[0]
                            (internal pin)
  Destination:            cnn_system_i/axi_ic_hp1/xbar/inst/gen_samd.crossbar_samd/gen_master_slots[0].reg_slice_mi/b.b_pipe/aresetn_d_reg[0]/D
                            (rising edge-triggered cell FDRE clocked by clk_fpga_0  {rise@0.000ns fall@5.000ns period=10.000ns})
  Path Group:             (none)
  Path Type:              Hold (Min at Fast Process Corner)
  Data Path Delay:        0.618ns  (logic 0.000ns (0.000%)  route 0.618ns (100.000%))
  Logic Levels:           0  
  Clock Uncertainty:      0.152ns  ((TSJ^2 + TIJ^2)^1/2 + DJ) / 2 + PE
    Total System Jitter     (TSJ):    0.050ns
    Total Input Jitter      (TIJ):    0.300ns
    Discrete Jitter          (DJ):    0.000ns
    Phase Error              (PE):    0.000ns

    Location             Delay type                Incr(ns)  Path(ns)    Netlist Resource(s)
  -------------------------------------------------------------------    -------------------
    PS7_X0Y0             PS7                          0.000     0.000 r  cnn_system_i/ps7/inst/PS7_i/FCLKRESETN[0]
                         net (fo=60, routed)          0.618     0.618    cnn_system_i/axi_ic_hp1/xbar/inst/gen_samd.crossbar_samd/gen_master_slots[0].reg_slice_mi/b.b_pipe/aresetn
    SLICE_X31Y67         FDRE                                         r  cnn_system_i/axi_ic_hp1/xbar/inst/gen_samd.crossbar_samd/gen_master_slots[0].reg_slice_mi/b.b_pipe/aresetn_d_reg[0]/D
  -------------------------------------------------------------------    -------------------

                         (clock clk_fpga_0 rise edge)
                                                      0.000     0.000 r  
    PS7_X0Y0             PS7                          0.000     0.000 r  cnn_system_i/ps7/inst/PS7_i/FCLKCLK[0]
                         net (fo=1, routed)           0.337     0.337    cnn_system_i/ps7/inst/FCLK_CLK_unbuffered[0]
    BUFGCTRL_X0Y16       BUFG (Prop_bufg_I_O)         0.029     0.366 r  cnn_system_i/ps7/inst/buffer_fclk_clk_0.FCLK_CLK_0_BUFG/O
                         net (fo=14852, routed)       0.836     1.202    cnn_system_i/axi_ic_hp1/xbar/inst/gen_samd.crossbar_samd/gen_master_slots[0].reg_slice_mi/b.b_pipe/aclk
    SLICE_X31Y67         FDRE                                         r  cnn_system_i/axi_ic_hp1/xbar/inst/gen_samd.crossbar_samd/gen_master_slots[0].reg_slice_mi/b.b_pipe/aresetn_d_reg[0]/C

Slack:                    inf
  Source:                 cnn_system_i/ps7/inst/PS7_i/FCLKRESETN[0]
                            (internal pin)
  Destination:            cnn_system_i/axi_ic_hp1/xbar/inst/gen_samd.crossbar_samd/gen_master_slots[0].reg_slice_mi/b.b_pipe/aresetn_d_reg[1]/D
                            (rising edge-triggered cell FDRE clocked by clk_fpga_0  {rise@0.000ns fall@5.000ns period=10.000ns})
  Path Group:             (none)
  Path Type:              Hold (Min at Fast Process Corner)
  Data Path Delay:        0.762ns  (logic 0.045ns (5.904%)  route 0.717ns (94.096%))
  Logic Levels:           1  (LUT2=1)
  Clock Uncertainty:      0.152ns  ((TSJ^2 + TIJ^2)^1/2 + DJ) / 2 + PE
    Total System Jitter     (TSJ):    0.050ns
    Total Input Jitter      (TIJ):    0.300ns
    Discrete Jitter          (DJ):    0.000ns
    Phase Error              (PE):    0.000ns

    Location             Delay type                Incr(ns)  Path(ns)    Netlist Resource(s)
  -------------------------------------------------------------------    -------------------
    PS7_X0Y0             PS7                          0.000     0.000 r  cnn_system_i/ps7/inst/PS7_i/FCLKRESETN[0]
                         net (fo=60, routed)          0.717     0.717    cnn_system_i/axi_ic_hp1/xbar/inst/gen_samd.crossbar_samd/gen_master_slots[0].reg_slice_mi/b.b_pipe/aresetn
    SLICE_X31Y67         LUT2 (Prop_lut2_I1_O)        0.045     0.762 r  cnn_system_i/axi_ic_hp1/xbar/inst/gen_samd.crossbar_samd/gen_master_slots[0].reg_slice_mi/b.b_pipe/aresetn_d[1]_i_1/O
                         net (fo=1, routed)           0.000     0.762    cnn_system_i/axi_ic_hp1/xbar/inst/gen_samd.crossbar_samd/gen_master_slots[0].reg_slice_mi/b.b_pipe/aresetn_d[1]_i_1_n_0
    SLICE_X31Y67         FDRE                                         r  cnn_system_i/axi_ic_hp1/xbar/inst/gen_samd.crossbar_samd/gen_master_slots[0].reg_slice_mi/b.b_pipe/aresetn_d_reg[1]/D
  -------------------------------------------------------------------    -------------------

                         (clock clk_fpga_0 rise edge)
                                                      0.000     0.000 r  
    PS7_X0Y0             PS7                          0.000     0.000 r  cnn_system_i/ps7/inst/PS7_i/FCLKCLK[0]
                         net (fo=1, routed)           0.337     0.337    cnn_system_i/ps7/inst/FCLK_CLK_unbuffered[0]
    BUFGCTRL_X0Y16       BUFG (Prop_bufg_I_O)         0.029     0.366 r  cnn_system_i/ps7/inst/buffer_fclk_clk_0.FCLK_CLK_0_BUFG/O
                         net (fo=14852, routed)       0.836     1.202    cnn_system_i/axi_ic_hp1/xbar/inst/gen_samd.crossbar_samd/gen_master_slots[0].reg_slice_mi/b.b_pipe/aclk
    SLICE_X31Y67         FDRE                                         r  cnn_system_i/axi_ic_hp1/xbar/inst/gen_samd.crossbar_samd/gen_master_slots[0].reg_slice_mi/b.b_pipe/aresetn_d_reg[1]/C

Slack:                    inf
  Source:                 cnn_system_i/ps7/inst/PS7_i/FCLKRESETN[0]
                            (internal pin)
  Destination:            cnn_system_i/axi_ic_hp1/xbar/inst/gen_samd.crossbar_samd/aresetn_d_reg/D
                            (rising edge-triggered cell FDRE clocked by clk_fpga_0  {rise@0.000ns fall@5.000ns period=10.000ns})
  Path Group:             (none)
  Path Type:              Hold (Min at Fast Process Corner)
  Data Path Delay:        0.776ns  (logic 0.000ns (0.000%)  route 0.776ns (100.000%))
  Logic Levels:           0  
  Clock Uncertainty:      0.152ns  ((TSJ^2 + TIJ^2)^1/2 + DJ) / 2 + PE
    Total System Jitter     (TSJ):    0.050ns
    Total Input Jitter      (TIJ):    0.300ns
    Discrete Jitter          (DJ):    0.000ns
    Phase Error              (PE):    0.000ns

    Location             Delay type                Incr(ns)  Path(ns)    Netlist Resource(s)
  -------------------------------------------------------------------    -------------------
    PS7_X0Y0             PS7                          0.000     0.000 r  cnn_system_i/ps7/inst/PS7_i/FCLKRESETN[0]
                         net (fo=60, routed)          0.776     0.776    cnn_system_i/axi_ic_hp1/xbar/inst/gen_samd.crossbar_samd/aresetn
    SLICE_X32Y69         FDRE                                         r  cnn_system_i/axi_ic_hp1/xbar/inst/gen_samd.crossbar_samd/aresetn_d_reg/D
  -------------------------------------------------------------------    -------------------

                         (clock clk_fpga_0 rise edge)
                                                      0.000     0.000 r  
    PS7_X0Y0             PS7                          0.000     0.000 r  cnn_system_i/ps7/inst/PS7_i/FCLKCLK[0]
                         net (fo=1, routed)           0.337     0.337    cnn_system_i/ps7/inst/FCLK_CLK_unbuffered[0]
    BUFGCTRL_X0Y16       BUFG (Prop_bufg_I_O)         0.029     0.366 r  cnn_system_i/ps7/inst/buffer_fclk_clk_0.FCLK_CLK_0_BUFG/O
                         net (fo=14852, routed)       0.815     1.181    cnn_system_i/axi_ic_hp1/xbar/inst/gen_samd.crossbar_samd/aclk
    SLICE_X32Y69         FDRE                                         r  cnn_system_i/axi_ic_hp1/xbar/inst/gen_samd.crossbar_samd/aresetn_d_reg/C

Slack:                    inf
  Source:                 cnn_system_i/ps7/inst/PS7_i/FCLKRESETN[0]
                            (internal pin)
  Destination:            cnn_system_i/axi_ic_ctrl/xbar/inst/gen_sasd.crossbar_sasd_0/aresetn_d_reg/D
                            (rising edge-triggered cell FDRE clocked by clk_fpga_0  {rise@0.000ns fall@5.000ns period=10.000ns})
  Path Group:             (none)
  Path Type:              Hold (Min at Fast Process Corner)
  Data Path Delay:        0.789ns  (logic 0.000ns (0.000%)  route 0.789ns (100.000%))
  Logic Levels:           0  
  Clock Uncertainty:      0.152ns  ((TSJ^2 + TIJ^2)^1/2 + DJ) / 2 + PE
    Total System Jitter     (TSJ):    0.050ns
    Total Input Jitter      (TIJ):    0.300ns
    Discrete Jitter          (DJ):    0.000ns
    Phase Error              (PE):    0.000ns

    Location             Delay type                Incr(ns)  Path(ns)    Netlist Resource(s)
  -------------------------------------------------------------------    -------------------
    PS7_X0Y0             PS7                          0.000     0.000 r  cnn_system_i/ps7/inst/PS7_i/FCLKRESETN[0]
                         net (fo=60, routed)          0.789     0.789    cnn_system_i/axi_ic_ctrl/xbar/inst/gen_sasd.crossbar_sasd_0/aresetn
    SLICE_X40Y93         FDRE                                         r  cnn_system_i/axi_ic_ctrl/xbar/inst/gen_sasd.crossbar_sasd_0/aresetn_d_reg/D
  -------------------------------------------------------------------    -------------------

                         (clock clk_fpga_0 rise edge)
                                                      0.000     0.000 r  
    PS7_X0Y0             PS7                          0.000     0.000 r  cnn_system_i/ps7/inst/PS7_i/FCLKCLK[0]
                         net (fo=1, routed)           0.337     0.337    cnn_system_i/ps7/inst/FCLK_CLK_unbuffered[0]
    BUFGCTRL_X0Y16       BUFG (Prop_bufg_I_O)         0.029     0.366 r  cnn_system_i/ps7/inst/buffer_fclk_clk_0.FCLK_CLK_0_BUFG/O
                         net (fo=14852, routed)       0.824     1.190    cnn_system_i/axi_ic_ctrl/xbar/inst/gen_sasd.crossbar_sasd_0/aclk
    SLICE_X40Y93         FDRE                                         r  cnn_system_i/axi_ic_ctrl/xbar/inst/gen_sasd.crossbar_sasd_0/aresetn_d_reg/C

Slack:                    inf
  Source:                 cnn_system_i/ps7/inst/PS7_i/FCLKRESETN[0]
                            (internal pin)
  Destination:            cnn_system_i/axi_ic_ctrl/s00_couplers/auto_pc/inst/gen_axilite.gen_b2s_conv.axilite_b2s/areset_d1_reg/D
                            (rising edge-triggered cell FDRE clocked by clk_fpga_0  {rise@0.000ns fall@5.000ns period=10.000ns})
  Path Group:             (none)
  Path Type:              Hold (Min at Fast Process Corner)
  Data Path Delay:        0.789ns  (logic 0.045ns (5.702%)  route 0.744ns (94.298%))
  Logic Levels:           1  (LUT1=1)
  Clock Uncertainty:      0.152ns  ((TSJ^2 + TIJ^2)^1/2 + DJ) / 2 + PE
    Total System Jitter     (TSJ):    0.050ns
    Total Input Jitter      (TIJ):    0.300ns
    Discrete Jitter          (DJ):    0.000ns
    Phase Error              (PE):    0.000ns

    Location             Delay type                Incr(ns)  Path(ns)    Netlist Resource(s)
  -------------------------------------------------------------------    -------------------
    PS7_X0Y0             PS7                          0.000     0.000 f  cnn_system_i/ps7/inst/PS7_i/FCLKRESETN[0]
                         net (fo=60, routed)          0.744     0.744    cnn_system_i/axi_ic_ctrl/s00_couplers/auto_pc/inst/gen_axilite.gen_b2s_conv.axilite_b2s/aresetn
    SLICE_X40Y100        LUT1 (Prop_lut1_I0_O)        0.045     0.789 r  cnn_system_i/axi_ic_ctrl/s00_couplers/auto_pc/inst/gen_axilite.gen_b2s_conv.axilite_b2s/areset_d1_i_1/O
                         net (fo=1, routed)           0.000     0.789    cnn_system_i/axi_ic_ctrl/s00_couplers/auto_pc/inst/gen_axilite.gen_b2s_conv.axilite_b2s/areset_d1_i_1_n_0
    SLICE_X40Y100        FDRE                                         r  cnn_system_i/axi_ic_ctrl/s00_couplers/auto_pc/inst/gen_axilite.gen_b2s_conv.axilite_b2s/areset_d1_reg/D
  -------------------------------------------------------------------    -------------------

                         (clock clk_fpga_0 rise edge)
                                                      0.000     0.000 r  
    PS7_X0Y0             PS7                          0.000     0.000 r  cnn_system_i/ps7/inst/PS7_i/FCLKCLK[0]
                         net (fo=1, routed)           0.337     0.337    cnn_system_i/ps7/inst/FCLK_CLK_unbuffered[0]
    BUFGCTRL_X0Y16       BUFG (Prop_bufg_I_O)         0.029     0.366 r  cnn_system_i/ps7/inst/buffer_fclk_clk_0.FCLK_CLK_0_BUFG/O
                         net (fo=14852, routed)       0.911     1.277    cnn_system_i/axi_ic_ctrl/s00_couplers/auto_pc/inst/gen_axilite.gen_b2s_conv.axilite_b2s/aclk
    SLICE_X40Y100        FDRE                                         r  cnn_system_i/axi_ic_ctrl/s00_couplers/auto_pc/inst/gen_axilite.gen_b2s_conv.axilite_b2s/areset_d1_reg/C

Slack:                    inf
  Source:                 cnn_system_i/ps7/inst/PS7_i/FCLKRESETN[0]
                            (internal pin)
  Destination:            cnn_system_i/axi_ic_hp1/s00_couplers/auto_pc/inst/gen_axi4_axi3.axi3_conv_inst/USE_READ.USE_SPLIT_R.read_addr_inst/command_ongoing_reg/D
                            (rising edge-triggered cell FDRE clocked by clk_fpga_0  {rise@0.000ns fall@5.000ns period=10.000ns})
  Path Group:             (none)
  Path Type:              Hold (Min at Fast Process Corner)
  Data Path Delay:        1.145ns  (logic 0.045ns (3.930%)  route 1.100ns (96.070%))
  Logic Levels:           1  (LUT6=1)
  Clock Uncertainty:      0.152ns  ((TSJ^2 + TIJ^2)^1/2 + DJ) / 2 + PE
    Total System Jitter     (TSJ):    0.050ns
    Total Input Jitter      (TIJ):    0.300ns
    Discrete Jitter          (DJ):    0.000ns
    Phase Error              (PE):    0.000ns

    Location             Delay type                Incr(ns)  Path(ns)    Netlist Resource(s)
  -------------------------------------------------------------------    -------------------
    PS7_X0Y0             PS7                          0.000     0.000 r  cnn_system_i/ps7/inst/PS7_i/FCLKRESETN[0]
                         net (fo=60, routed)          1.100     1.100    cnn_system_i/axi_ic_hp1/s00_couplers/auto_pc/inst/gen_axi4_axi3.axi3_conv_inst/USE_READ.USE_SPLIT_R.read_addr_inst/USE_R_CHANNEL.cmd_queue/inst/aresetn
    SLICE_X42Y65         LUT6 (Prop_lut6_I5_O)        0.045     1.145 r  cnn_system_i/axi_ic_hp1/s00_couplers/auto_pc/inst/gen_axi4_axi3.axi3_conv_inst/USE_READ.USE_SPLIT_R.read_addr_inst/USE_R_CHANNEL.cmd_queue/inst/command_ongoing_i_1/O
                         net (fo=1, routed)           0.000     1.145    cnn_system_i/axi_ic_hp1/s00_couplers/auto_pc/inst/gen_axi4_axi3.axi3_conv_inst/USE_READ.USE_SPLIT_R.read_addr_inst/USE_R_CHANNEL.cmd_queue_n_7
    SLICE_X42Y65         FDRE                                         r  cnn_system_i/axi_ic_hp1/s00_couplers/auto_pc/inst/gen_axi4_axi3.axi3_conv_inst/USE_READ.USE_SPLIT_R.read_addr_inst/command_ongoing_reg/D
  -------------------------------------------------------------------    -------------------

                         (clock clk_fpga_0 rise edge)
                                                      0.000     0.000 r  
    PS7_X0Y0             PS7                          0.000     0.000 r  cnn_system_i/ps7/inst/PS7_i/FCLKCLK[0]
                         net (fo=1, routed)           0.337     0.337    cnn_system_i/ps7/inst/FCLK_CLK_unbuffered[0]
    BUFGCTRL_X0Y16       BUFG (Prop_bufg_I_O)         0.029     0.366 r  cnn_system_i/ps7/inst/buffer_fclk_clk_0.FCLK_CLK_0_BUFG/O
                         net (fo=14852, routed)       0.818     1.184    cnn_system_i/axi_ic_hp1/s00_couplers/auto_pc/inst/gen_axi4_axi3.axi3_conv_inst/USE_READ.USE_SPLIT_R.read_addr_inst/aclk
    SLICE_X42Y65         FDRE                                         r  cnn_system_i/axi_ic_hp1/s00_couplers/auto_pc/inst/gen_axi4_axi3.axi3_conv_inst/USE_READ.USE_SPLIT_R.read_addr_inst/command_ongoing_reg/C

Slack:                    inf
  Source:                 cnn_system_i/ps7/inst/PS7_i/FCLKRESETN[0]
                            (internal pin)
  Destination:            cnn_system_i/axi_ic_hp1/s00_couplers/auto_pc/inst/gen_axi4_axi3.axi3_conv_inst/USE_READ.USE_SPLIT_R.read_addr_inst/S_AXI_AREADY_I_reg/D
                            (rising edge-triggered cell FDRE clocked by clk_fpga_0  {rise@0.000ns fall@5.000ns period=10.000ns})
  Path Group:             (none)
  Path Type:              Hold (Min at Fast Process Corner)
  Data Path Delay:        1.146ns  (logic 0.045ns (3.927%)  route 1.101ns (96.073%))
  Logic Levels:           1  (LUT6=1)
  Clock Uncertainty:      0.152ns  ((TSJ^2 + TIJ^2)^1/2 + DJ) / 2 + PE
    Total System Jitter     (TSJ):    0.050ns
    Total Input Jitter      (TIJ):    0.300ns
    Discrete Jitter          (DJ):    0.000ns
    Phase Error              (PE):    0.000ns

    Location             Delay type                Incr(ns)  Path(ns)    Netlist Resource(s)
  -------------------------------------------------------------------    -------------------
    PS7_X0Y0             PS7                          0.000     0.000 r  cnn_system_i/ps7/inst/PS7_i/FCLKRESETN[0]
                         net (fo=60, routed)          1.101     1.101    cnn_system_i/axi_ic_hp1/s00_couplers/auto_pc/inst/gen_axi4_axi3.axi3_conv_inst/USE_READ.USE_SPLIT_R.read_addr_inst/USE_R_CHANNEL.cmd_queue/inst/aresetn
    SLICE_X42Y65         LUT6 (Prop_lut6_I5_O)        0.045     1.146 r  cnn_system_i/axi_ic_hp1/s00_couplers/auto_pc/inst/gen_axi4_axi3.axi3_conv_inst/USE_READ.USE_SPLIT_R.read_addr_inst/USE_R_CHANNEL.cmd_queue/inst/S_AXI_AREADY_I_i_1/O
                         net (fo=1, routed)           0.000     1.146    cnn_system_i/axi_ic_hp1/s00_couplers/auto_pc/inst/gen_axi4_axi3.axi3_conv_inst/USE_READ.USE_SPLIT_R.read_addr_inst/USE_R_CHANNEL.cmd_queue_n_6
    SLICE_X42Y65         FDRE                                         r  cnn_system_i/axi_ic_hp1/s00_couplers/auto_pc/inst/gen_axi4_axi3.axi3_conv_inst/USE_READ.USE_SPLIT_R.read_addr_inst/S_AXI_AREADY_I_reg/D
  -------------------------------------------------------------------    -------------------

                         (clock clk_fpga_0 rise edge)
                                                      0.000     0.000 r  
    PS7_X0Y0             PS7                          0.000     0.000 r  cnn_system_i/ps7/inst/PS7_i/FCLKCLK[0]
                         net (fo=1, routed)           0.337     0.337    cnn_system_i/ps7/inst/FCLK_CLK_unbuffered[0]
    BUFGCTRL_X0Y16       BUFG (Prop_bufg_I_O)         0.029     0.366 r  cnn_system_i/ps7/inst/buffer_fclk_clk_0.FCLK_CLK_0_BUFG/O
                         net (fo=14852, routed)       0.818     1.184    cnn_system_i/axi_ic_hp1/s00_couplers/auto_pc/inst/gen_axi4_axi3.axi3_conv_inst/USE_READ.USE_SPLIT_R.read_addr_inst/aclk
    SLICE_X42Y65         FDRE                                         r  cnn_system_i/axi_ic_hp1/s00_couplers/auto_pc/inst/gen_axi4_axi3.axi3_conv_inst/USE_READ.USE_SPLIT_R.read_addr_inst/S_AXI_AREADY_I_reg/C

Slack:                    inf
  Source:                 cnn_system_i/ps7/inst/PS7_i/FCLKRESETN[0]
                            (internal pin)
  Destination:            cnn_system_i/axi_ic_hp1/s01_couplers/auto_us/inst/gen_upsizer.gen_full_upsizer.axi_upsizer_inst/si_register_slice_inst/aw.aw_pipe/m_valid_i_reg_inv/D
                            (rising edge-triggered cell FDRE clocked by clk_fpga_0  {rise@0.000ns fall@5.000ns period=10.000ns})
  Path Group:             (none)
  Path Type:              Hold (Min at Fast Process Corner)
  Data Path Delay:        1.152ns  (logic 0.045ns (3.907%)  route 1.107ns (96.093%))
  Logic Levels:           1  (LUT6=1)
  Clock Uncertainty:      0.152ns  ((TSJ^2 + TIJ^2)^1/2 + DJ) / 2 + PE
    Total System Jitter     (TSJ):    0.050ns
    Total Input Jitter      (TIJ):    0.300ns
    Discrete Jitter          (DJ):    0.000ns
    Phase Error              (PE):    0.000ns

    Location             Delay type                Incr(ns)  Path(ns)    Netlist Resource(s)
  -------------------------------------------------------------------    -------------------
    PS7_X0Y0             PS7                          0.000     0.000 r  cnn_system_i/ps7/inst/PS7_i/FCLKRESETN[0]
                         net (fo=60, routed)          1.107     1.107    cnn_system_i/axi_ic_hp1/s01_couplers/auto_us/inst/gen_upsizer.gen_full_upsizer.axi_upsizer_inst/si_register_slice_inst/aw.aw_pipe/m_valid_i_reg_inv_0
    SLICE_X38Y65         LUT6 (Prop_lut6_I1_O)        0.045     1.152 r  cnn_system_i/axi_ic_hp1/s01_couplers/auto_us/inst/gen_upsizer.gen_full_upsizer.axi_upsizer_inst/si_register_slice_inst/aw.aw_pipe/m_valid_i_inv_i_1/O
                         net (fo=1, routed)           0.000     1.152    cnn_system_i/axi_ic_hp1/s01_couplers/auto_us/inst/gen_upsizer.gen_full_upsizer.axi_upsizer_inst/si_register_slice_inst/aw.aw_pipe/m_valid_i_inv_i_1_n_0
    SLICE_X38Y65         FDRE                                         r  cnn_system_i/axi_ic_hp1/s01_couplers/auto_us/inst/gen_upsizer.gen_full_upsizer.axi_upsizer_inst/si_register_slice_inst/aw.aw_pipe/m_valid_i_reg_inv/D
  -------------------------------------------------------------------    -------------------

                         (clock clk_fpga_0 rise edge)
                                                      0.000     0.000 r  
    PS7_X0Y0             PS7                          0.000     0.000 r  cnn_system_i/ps7/inst/PS7_i/FCLKCLK[0]
                         net (fo=1, routed)           0.337     0.337    cnn_system_i/ps7/inst/FCLK_CLK_unbuffered[0]
    BUFGCTRL_X0Y16       BUFG (Prop_bufg_I_O)         0.029     0.366 r  cnn_system_i/ps7/inst/buffer_fclk_clk_0.FCLK_CLK_0_BUFG/O
                         net (fo=14852, routed)       0.818     1.184    cnn_system_i/axi_ic_hp1/s01_couplers/auto_us/inst/gen_upsizer.gen_full_upsizer.axi_upsizer_inst/si_register_slice_inst/aw.aw_pipe/out
    SLICE_X38Y65         FDRE                                         r  cnn_system_i/axi_ic_hp1/s01_couplers/auto_us/inst/gen_upsizer.gen_full_upsizer.axi_upsizer_inst/si_register_slice_inst/aw.aw_pipe/m_valid_i_reg_inv/C





